tournament,team1_id,team1,team2_id,team2,bestOf,map_name,team1_win,team1_player1_id,team1_player2_id,team1_player3_id,team1_player4_id,team1_player5_id,team2_player1_id,team2_player2_id,team2_player3_id,team2_player4_id,team2_player5_id,year,month,day_of_week,hour
10,288898,122,288899,199,5.0,3,0,1401.0,169.0,1834.0,2934.0,7201.0,19.0,550.0,1549.0,1443.0,146.0,2026,3,6,13
10,288898,122,288899,199,5.0,1,0,1401.0,169.0,1834.0,2934.0,7201.0,19.0,550.0,1549.0,1443.0,146.0,2026,3,6,13
10,288894,137,288895,128,3.0,3,1,2988.0,266.0,7528.0,6900.0,16113.0,1401.0,169.0,1834.0,2934.0,7201.0,2026,3,5,19
10,288894,137,288895,128,3.0,4,0,2988.0,266.0,7528.0,6900.0,16113.0,1401.0,169.0,1834.0,2934.0,7201.0,2026,3,5,19
10,288894,137,288895,128,3.0,2,0,2988.0,266.0,7528.0,6900.0,16113.0,1401.0,169.0,1834.0,2934.0,7201.0,2026,3,5,19
10,288896,177,288897,20,3.0,3,1,19.0,550.0,1549.0,1443.0,146.0,157.0,156.0,197.0,4903.0,4896.0,2026,3,5,17
10,288896,177,288897,20,3.0,5,1,19.0,550.0,1549.0,1443.0,146.0,157.0,156.0,197.0,4903.0,4896.0,2026,3,5,17
10,288890,137,288891,188,3.0,4,1,2988.0,266.0,7528.0,6900.0,16113.0,26.0,945.0,2611.0,2041.0,26434.0,2026,3,4,19
10,288890,137,288891,188,3.0,0,1,2988.0,266.0,7528.0,6900.0,16113.0,26.0,945.0,2611.0,2041.0,26434.0,2026,3,4,19
10,288892,17,288893,203,3.0,3,1,157.0,156.0,197.0,4903.0,4896.0,3020.0,3192.0,4765.0,5827.0,8280.0,2026,3,4,17
10,288892,17,288893,203,3.0,4,1,157.0,156.0,197.0,4903.0,4896.0,3020.0,3192.0,4765.0,5827.0,8280.0,2026,3,4,17
10,288486,175,288487,203,3.0,5,0,4710.0,965.0,3395.0,3397.0,1003.0,3020.0,3192.0,4765.0,5827.0,8280.0,2026,3,0,23
10,288486,175,288487,203,3.0,6,0,4710.0,965.0,3395.0,3397.0,1003.0,3020.0,3192.0,4765.0,5827.0,8280.0,2026,3,0,23
10,288476,177,288477,145,3.0,3,1,19.0,550.0,1549.0,1443.0,146.0,2988.0,266.0,7528.0,6900.0,16113.0,2026,3,0,20
10,288476,177,288477,145,3.0,4,1,19.0,550.0,1549.0,1443.0,146.0,2988.0,266.0,7528.0,6900.0,16113.0,2026,3,0,20
10,288470,167,288471,61,3.0,2,0,26.0,945.0,2611.0,2041.0,26434.0,625.0,628.0,1.0,26759.0,564.0,2026,3,0,16
10,288470,167,288471,61,3.0,4,1,26.0,945.0,2611.0,2041.0,26434.0,625.0,628.0,1.0,26759.0,564.0,2026,3,0,16
10,288470,167,288471,61,3.0,5,1,26.0,945.0,2611.0,2041.0,26434.0,625.0,628.0,1.0,26759.0,564.0,2026,3,0,16
10,288460,17,288461,128,3.0,1,0,157.0,156.0,197.0,4903.0,4896.0,1401.0,169.0,1834.0,2934.0,7201.0,2026,3,0,14
10,288460,17,288461,128,3.0,5,0,157.0,156.0,197.0,4903.0,4896.0,1401.0,169.0,1834.0,2934.0,7201.0,2026,3,0,14
10,288482,175,288483,8,3.0,6,1,4710.0,965.0,3395.0,3397.0,1003.0,2846.0,5345.0,3357.0,880.0,4393.0,2026,3,6,23
10,288482,175,288483,8,3.0,2,1,4710.0,965.0,3395.0,3397.0,1003.0,2846.0,5345.0,3357.0,880.0,4393.0,2026,3,6,23
10,288484,181,288485,189,3.0,4,1,3020.0,3192.0,4765.0,5827.0,8280.0,78.0,5774.0,881.0,2726.0,32.0,2026,3,6,20
10,288484,181,288485,189,3.0,0,1,3020.0,3192.0,4765.0,5827.0,8280.0,78.0,5774.0,881.0,2726.0,32.0,2026,3,6,20
10,288468,61,288469,127,3.0,5,1,625.0,628.0,1.0,26759.0,564.0,31.0,472.0,3032.0,530.0,746.0,2026,3,6,17
10,288468,61,288469,127,3.0,4,0,625.0,628.0,1.0,26759.0,564.0,31.0,472.0,3032.0,530.0,746.0,2026,3,6,17
10,288468,61,288469,127,3.0,2,1,625.0,628.0,1.0,26759.0,564.0,31.0,472.0,3032.0,530.0,746.0,2026,3,6,17
10,288466,167,288467,183,3.0,0,1,26.0,945.0,2611.0,2041.0,26434.0,4400.0,6146.0,1151.0,3062.0,28569.0,2026,3,6,14
10,288466,167,288467,183,3.0,4,1,26.0,945.0,2611.0,2041.0,26434.0,4400.0,6146.0,1151.0,3062.0,28569.0,2026,3,6,14
10,288466,167,288467,183,3.0,3,0,26.0,945.0,2611.0,2041.0,26434.0,4400.0,6146.0,1151.0,3062.0,28569.0,2026,3,6,14
10,288472,177,288473,203,3.0,6,1,19.0,550.0,1549.0,1443.0,146.0,3020.0,3192.0,4765.0,5827.0,8280.0,2026,3,6,0
10,288472,177,288473,203,3.0,4,1,19.0,550.0,1549.0,1443.0,146.0,3020.0,3192.0,4765.0,5827.0,8280.0,2026,3,6,0
10,288474,175,288475,145,3.0,0,0,4710.0,965.0,3395.0,3397.0,1003.0,2988.0,266.0,7528.0,6900.0,16113.0,2026,3,5,21
10,288474,175,288475,145,3.0,1,0,4710.0,965.0,3395.0,3397.0,1003.0,2988.0,266.0,7528.0,6900.0,16113.0,2026,3,5,21
10,288478,6,288479,118,3.0,2,0,2846.0,5345.0,3357.0,880.0,4393.0,2126.0,3121.0,2200.0,315.0,3060.0,2026,3,5,17
10,288478,6,288479,118,3.0,3,1,2846.0,5345.0,3357.0,880.0,4393.0,2126.0,3121.0,2200.0,315.0,3060.0,2026,3,5,17
10,288478,6,288479,118,3.0,5,1,2846.0,5345.0,3357.0,880.0,4393.0,2126.0,3121.0,2200.0,315.0,3060.0,2026,3,5,17
10,288480,168,288481,135,3.0,4,1,78.0,5774.0,881.0,2726.0,32.0,3396.0,709.0,150.0,20794.0,8252.0,2026,3,5,14
10,288480,168,288481,135,3.0,0,1,78.0,5774.0,881.0,2726.0,32.0,3396.0,709.0,150.0,20794.0,8252.0,2026,3,5,14
10,288480,168,288481,135,3.0,5,0,78.0,5774.0,881.0,2726.0,32.0,3396.0,709.0,150.0,20794.0,8252.0,2026,3,5,14
10,288458,61,288459,20,3.0,2,0,625.0,628.0,1.0,26759.0,564.0,157.0,156.0,197.0,4903.0,4896.0,2026,3,4,23
10,288458,61,288459,20,3.0,3,0,625.0,628.0,1.0,26759.0,564.0,157.0,156.0,197.0,4903.0,4896.0,2026,3,4,23
10,288456,122,288457,188,3.0,4,0,1401.0,169.0,1834.0,2934.0,7201.0,26.0,945.0,2611.0,2041.0,26434.0,2026,3,4,20
10,288456,122,288457,188,3.0,2,1,1401.0,169.0,1834.0,2934.0,7201.0,26.0,945.0,2611.0,2041.0,26434.0,2026,3,4,20
10,288456,122,288457,188,3.0,3,1,1401.0,169.0,1834.0,2934.0,7201.0,26.0,945.0,2611.0,2041.0,26434.0,2026,3,4,20
10,288462,164,288463,63,3.0,6,1,4400.0,6146.0,1151.0,3062.0,28569.0,28.0,704.0,692.0,6715.0,35.0,2026,3,4,16
10,288462,164,288463,63,3.0,4,1,4400.0,6146.0,1151.0,3062.0,28569.0,28.0,704.0,692.0,6715.0,35.0,2026,3,4,16
10,288462,164,288463,63,3.0,0,0,4400.0,6146.0,1151.0,3062.0,28569.0,28.0,704.0,692.0,6715.0,35.0,2026,3,4,16
10,288464,18,288465,127,3.0,0,0,5502.0,25509.0,3490.0,7286.0,28229.0,31.0,472.0,3032.0,530.0,746.0,2026,3,4,14
10,288464,18,288465,127,3.0,3,0,5502.0,25509.0,3490.0,7286.0,28229.0,31.0,472.0,3032.0,530.0,746.0,2026,3,4,14
10,288448,177,288449,8,3.0,6,1,19.0,550.0,1549.0,1443.0,146.0,2846.0,5345.0,3357.0,880.0,4393.0,2026,3,3,22
10,288448,177,288449,8,3.0,5,1,19.0,550.0,1549.0,1443.0,146.0,2846.0,5345.0,3357.0,880.0,4393.0,2026,3,3,22
10,288450,181,288451,118,3.0,5,1,3020.0,3192.0,4765.0,5827.0,8280.0,2126.0,3121.0,2200.0,315.0,3060.0,2026,3,3,19
10,288450,181,288451,118,3.0,3,1,3020.0,3192.0,4765.0,5827.0,8280.0,2126.0,3121.0,2200.0,315.0,3060.0,2026,3,3,19
10,288452,175,288453,189,3.0,4,1,4710.0,965.0,3395.0,3397.0,1003.0,78.0,5774.0,881.0,2726.0,32.0,2026,3,3,17
10,288452,175,288453,189,3.0,0,1,4710.0,965.0,3395.0,3397.0,1003.0,78.0,5774.0,881.0,2726.0,32.0,2026,3,3,17
10,288454,127,288455,145,3.0,4,1,3396.0,709.0,150.0,20794.0,8252.0,2988.0,266.0,7528.0,6900.0,16113.0,2026,3,3,13
10,288454,127,288455,145,3.0,2,0,3396.0,709.0,150.0,20794.0,8252.0,2988.0,266.0,7528.0,6900.0,16113.0,2026,3,3,13
10,288454,127,288455,145,3.0,0,0,3396.0,709.0,150.0,20794.0,8252.0,2988.0,266.0,7528.0,6900.0,16113.0,2026,3,3,13
10,288440,61,288441,183,3.0,6,1,625.0,628.0,1.0,26759.0,564.0,4400.0,6146.0,1151.0,3062.0,28569.0,2026,3,3,0
10,288440,61,288441,183,3.0,4,1,625.0,628.0,1.0,26759.0,564.0,4400.0,6146.0,1151.0,3062.0,28569.0,2026,3,3,0
10,288442,17,288443,63,3.0,2,1,157.0,156.0,197.0,4903.0,4896.0,28.0,704.0,692.0,6715.0,35.0,2026,3,2,20
10,288442,17,288443,63,3.0,3,1,157.0,156.0,197.0,4903.0,4896.0,28.0,704.0,692.0,6715.0,35.0,2026,3,2,20
10,288442,17,288443,63,3.0,5,0,157.0,156.0,197.0,4903.0,4896.0,28.0,704.0,692.0,6715.0,35.0,2026,3,2,20
10,288444,122,288445,22,3.0,2,1,1401.0,169.0,1834.0,2934.0,7201.0,5502.0,25509.0,3490.0,7286.0,28229.0,2026,3,2,15
10,288444,122,288445,22,3.0,4,1,1401.0,169.0,1834.0,2934.0,7201.0,5502.0,25509.0,3490.0,7286.0,28229.0,2026,3,2,15
10,288444,122,288445,22,3.0,0,0,1401.0,169.0,1834.0,2934.0,7201.0,5502.0,25509.0,3490.0,7286.0,28229.0,2026,3,2,15
10,288446,121,288447,188,3.0,2,0,31.0,472.0,3032.0,530.0,746.0,26.0,945.0,2611.0,2041.0,28237.0,2026,3,2,13
10,288446,121,288447,188,3.0,0,0,31.0,472.0,3032.0,530.0,746.0,26.0,945.0,2611.0,2041.0,28237.0,2026,3,2,13
48,288328,17,288329,128,5.0,2,0,157.0,156.0,197.0,4903.0,4896.0,1401.0,169.0,1834.0,2934.0,7201.0,2026,3,6,19
48,288328,17,288329,128,5.0,4,0,157.0,156.0,197.0,4903.0,4896.0,1401.0,169.0,1834.0,2934.0,7201.0,2026,3,6,19
48,288328,17,288329,128,5.0,1,1,157.0,156.0,197.0,4903.0,4896.0,1401.0,169.0,1834.0,2934.0,7201.0,2026,3,6,19
48,288328,17,288329,128,5.0,5,0,157.0,156.0,197.0,4903.0,4896.0,1401.0,169.0,1834.0,2934.0,7201.0,2026,3,6,19
48,288330,16,288331,62,3.0,0,1,3248.0,1757.0,736.0,3533.0,1316.0,6360.0,6252.0,8019.0,8469.0,4329.0,2026,3,6,15
48,288330,16,288331,62,3.0,2,0,3248.0,1757.0,736.0,3533.0,1316.0,6360.0,6252.0,8019.0,8469.0,4329.0,2026,3,6,15
48,288324,16,288325,20,3.0,2,0,3248.0,1757.0,736.0,3533.0,1316.0,157.0,156.0,197.0,4903.0,4896.0,2026,3,5,21
48,288324,16,288325,20,3.0,5,1,3248.0,1757.0,736.0,3533.0,1316.0,157.0,156.0,197.0,4903.0,4896.0,2026,3,5,21
48,288324,16,288325,20,3.0,3,0,3248.0,1757.0,736.0,3533.0,1316.0,157.0,156.0,197.0,4903.0,4896.0,2026,3,5,21
48,288326,122,288327,62,3.0,9,0,1401.0,169.0,1834.0,2934.0,7201.0,6360.0,6252.0,8019.0,8469.0,4329.0,2026,3,5,17
48,288326,122,288327,62,3.0,4,1,1401.0,169.0,1834.0,2934.0,7201.0,6360.0,6252.0,8019.0,8469.0,4329.0,2026,3,5,17
48,288316,16,288317,196,3.0,2,1,3248.0,1757.0,736.0,3533.0,1316.0,4710.0,965.0,3395.0,3397.0,1003.0,2026,3,4,23
48,288316,16,288317,196,3.0,0,1,3248.0,1757.0,736.0,3533.0,1316.0,4710.0,965.0,3395.0,3397.0,1003.0,2026,3,4,23
48,288322,112,288323,62,3.0,6,1,2126.0,3121.0,2200.0,315.0,3060.0,6360.0,6252.0,8019.0,8469.0,4329.0,2026,3,4,19
48,288322,112,288323,62,3.0,2,0,2126.0,3121.0,2200.0,315.0,3060.0,6360.0,6252.0,8019.0,8469.0,4329.0,2026,3,4,19
48,288318,107,288319,20,3.0,2,0,997.0,1165.0,6735.0,3447.0,626.0,157.0,156.0,197.0,4903.0,4896.0,2026,3,4,15
48,288318,107,288319,20,3.0,6,1,997.0,1165.0,6735.0,3447.0,626.0,157.0,156.0,197.0,4903.0,4896.0,2026,3,4,15
48,288318,107,288319,20,3.0,3,0,997.0,1165.0,6735.0,3447.0,626.0,157.0,156.0,197.0,4903.0,4896.0,2026,3,4,15
48,288320,181,288321,128,3.0,4,0,3020.0,3192.0,4765.0,5827.0,8280.0,1401.0,169.0,1834.0,2934.0,7201.0,2026,3,4,12
48,288320,181,288321,128,3.0,0,0,3020.0,3192.0,4765.0,5827.0,8280.0,1401.0,169.0,1834.0,2934.0,7201.0,2026,3,4,12
48,288208,61,288209,19,3.0,5,0,625.0,628.0,1.0,26759.0,564.0,3248.0,1757.0,736.0,3533.0,1316.0,2026,3,1,22
48,288206,71,288207,62,3.0,6,0,416.0,881.0,3459.0,4048.0,1661.0,6360.0,6252.0,8019.0,8469.0,4329.0,2026,3,1,18
48,288206,71,288207,62,3.0,2,0,416.0,881.0,3459.0,4048.0,1661.0,6360.0,6252.0,8019.0,8469.0,4329.0,2026,3,1,18
48,288206,71,288207,62,3.0,4,1,416.0,881.0,3459.0,4048.0,1661.0,6360.0,6252.0,8019.0,8469.0,4329.0,2026,3,1,18
48,288204,122,288205,186,3.0,3,0,1401.0,169.0,1834.0,2934.0,7201.0,656.0,3072.0,499.0,4011.0,1486.0,2026,3,1,15
48,288204,122,288205,186,3.0,0,1,1401.0,169.0,1834.0,2934.0,7201.0,656.0,3072.0,499.0,4011.0,1486.0,2026,3,1,15
48,288204,122,288205,186,3.0,2,1,1401.0,169.0,1834.0,2934.0,7201.0,656.0,3072.0,499.0,4011.0,1486.0,2026,3,1,15
48,288166,71,288167,20,3.0,4,0,416.0,881.0,3459.0,4048.0,1661.0,157.0,156.0,197.0,4903.0,4896.0,2026,3,0,22
48,288166,71,288167,20,3.0,1,0,416.0,881.0,3459.0,4048.0,1661.0,157.0,156.0,197.0,4903.0,4896.0,2026,3,0,22
48,288172,61,288173,227,3.0,2,1,625.0,628.0,1.0,26759.0,564.0,690.0,1871.0,5620.0,1518.0,887.0,2026,3,0,20
48,288172,61,288173,227,3.0,3,1,625.0,628.0,1.0,26759.0,564.0,690.0,1871.0,5620.0,1518.0,887.0,2026,3,0,20
48,288170,16,288171,63,3.0,2,0,3248.0,1757.0,736.0,3533.0,1316.0,28.0,704.0,692.0,6715.0,35.0,2026,3,0,18
48,288170,16,288171,63,3.0,3,1,3248.0,1757.0,736.0,3533.0,1316.0,28.0,704.0,692.0,6715.0,35.0,2026,3,0,18
48,288170,16,288171,63,3.0,0,1,3248.0,1757.0,736.0,3533.0,1316.0,28.0,704.0,692.0,6715.0,35.0,2026,3,0,18
48,288164,122,288165,112,3.0,4,0,1401.0,169.0,1834.0,2934.0,7201.0,997.0,1165.0,6735.0,3447.0,626.0,2026,3,0,18
48,288164,122,288165,112,3.0,2,0,1401.0,169.0,1834.0,2934.0,7201.0,997.0,1165.0,6735.0,3447.0,626.0,2026,3,0,18
48,288162,181,288163,186,3.0,3,1,3020.0,3192.0,4765.0,5827.0,8280.0,656.0,3072.0,499.0,4011.0,1486.0,2026,3,0,15
48,288162,181,288163,186,3.0,2,1,3020.0,3192.0,4765.0,5827.0,8280.0,656.0,3072.0,499.0,4011.0,1486.0,2026,3,0,15
48,288162,181,288163,186,3.0,0,0,3020.0,3192.0,4765.0,5827.0,8280.0,656.0,3072.0,499.0,4011.0,1486.0,2026,3,0,15
48,288168,62,288169,22,3.0,2,1,6360.0,6252.0,8019.0,8469.0,4329.0,5502.0,25509.0,3490.0,7286.0,28229.0,2026,3,0,15
48,288168,62,288169,22,3.0,1,1,6360.0,6252.0,8019.0,8469.0,4329.0,5502.0,25509.0,3490.0,7286.0,28229.0,2026,3,0,15
48,288080,175,288081,73,3.0,1,1,4710.0,965.0,3395.0,3397.0,1003.0,416.0,881.0,3459.0,4048.0,1661.0,2026,3,6,21
48,288080,175,288081,73,3.0,0,1,4710.0,965.0,3395.0,3397.0,1003.0,416.0,881.0,3459.0,4048.0,1661.0,2026,3,6,21
48,288092,61,288093,89,3.0,6,0,625.0,628.0,1.0,26759.0,564.0,3368.0,5364.0,2776.0,6470.0,4042.0,2026,3,6,21
48,288092,61,288093,89,3.0,2,1,625.0,628.0,1.0,26759.0,564.0,3368.0,5364.0,2776.0,6470.0,4042.0,2026,3,6,21
48,288092,61,288093,89,3.0,3,1,625.0,628.0,1.0,26759.0,564.0,3368.0,5364.0,2776.0,6470.0,4042.0,2026,3,6,21
48,288078,112,288079,203,3.0,0,1,2126.0,3121.0,2200.0,315.0,3060.0,3020.0,3192.0,4765.0,5827.0,8280.0,2026,3,6,19
48,288078,112,288079,203,3.0,6,1,2126.0,3121.0,2200.0,315.0,3060.0,3020.0,3192.0,4765.0,5827.0,8280.0,2026,3,6,19
48,288088,107,288089,19,3.0,0,1,997.0,1165.0,6735.0,3447.0,626.0,3248.0,1757.0,736.0,3533.0,1316.0,2026,3,6,18
48,288088,107,288089,19,3.0,2,1,997.0,1165.0,6735.0,3447.0,626.0,3248.0,1757.0,736.0,3533.0,1316.0,2026,3,6,18
48,288084,122,288085,22,3.0,3,1,1401.0,169.0,1834.0,2934.0,7201.0,5502.0,25509.0,3490.0,7286.0,28229.0,2026,3,6,17
48,288084,122,288085,22,3.0,4,1,1401.0,169.0,1834.0,2934.0,7201.0,5502.0,25509.0,3490.0,7286.0,28229.0,2026,3,6,17
48,288086,62,288087,186,3.0,0,0,6360.0,6252.0,8019.0,8469.0,4329.0,656.0,3072.0,499.0,4011.0,1486.0,2026,3,6,16
48,288086,62,288087,186,3.0,2,0,6360.0,6252.0,8019.0,8469.0,4329.0,656.0,3072.0,499.0,4011.0,1486.0,2026,3,6,16
48,288082,200,288083,20,3.0,5,0,690.0,1871.0,5620.0,1518.0,887.0,157.0,156.0,197.0,4903.0,4896.0,2026,3,6,13
48,288082,200,288083,20,3.0,6,0,690.0,1871.0,5620.0,1518.0,887.0,157.0,156.0,197.0,4903.0,4896.0,2026,3,6,13
48,288090,63,288091,124,3.0,6,1,28.0,704.0,692.0,6715.0,35.0,3596.0,2049.0,2063.0,5490.0,1098.0,2026,3,6,13
48,288090,63,288091,124,3.0,2,1,28.0,704.0,692.0,6715.0,35.0,3596.0,2049.0,2063.0,5490.0,1098.0,2026,3,6,13
48,288054,175,288055,22,3.0,4,0,4710.0,965.0,3395.0,3397.0,1003.0,5502.0,25509.0,3490.0,7286.0,28229.0,2026,3,5,22
48,288054,175,288055,22,3.0,1,1,4710.0,965.0,3395.0,3397.0,1003.0,5502.0,25509.0,3490.0,7286.0,28229.0,2026,3,5,22
48,288054,175,288055,22,3.0,5,1,4710.0,965.0,3395.0,3397.0,1003.0,5502.0,25509.0,3490.0,7286.0,28229.0,2026,3,5,22
48,288056,61,288057,186,3.0,2,0,625.0,628.0,1.0,26759.0,564.0,656.0,3072.0,499.0,4011.0,1486.0,2026,3,5,22
48,288056,61,288057,186,3.0,6,0,625.0,628.0,1.0,26759.0,564.0,656.0,3072.0,499.0,4011.0,1486.0,2026,3,5,22
48,288052,62,288053,89,3.0,4,1,6360.0,6252.0,8019.0,8469.0,4329.0,3368.0,5364.0,2776.0,6470.0,4042.0,2026,3,5,19
48,288052,62,288053,89,3.0,0,0,6360.0,6252.0,8019.0,8469.0,4329.0,3368.0,5364.0,2776.0,6470.0,4042.0,2026,3,5,19
48,288052,62,288053,89,3.0,5,1,6360.0,6252.0,8019.0,8469.0,4329.0,3368.0,5364.0,2776.0,6470.0,4042.0,2026,3,5,19
48,288050,112,288051,19,3.0,4,1,2126.0,3121.0,2200.0,315.0,3060.0,3248.0,1757.0,736.0,3533.0,1316.0,2026,3,5,19
48,288050,112,288051,19,3.0,6,1,2126.0,3121.0,2200.0,315.0,3060.0,3248.0,1757.0,736.0,3533.0,1316.0,2026,3,5,19
48,288050,112,288051,19,3.0,0,0,2126.0,3121.0,2200.0,315.0,3060.0,3248.0,1757.0,736.0,3533.0,1316.0,2026,3,5,19
48,288048,107,288049,124,3.0,0,1,997.0,1165.0,6735.0,3447.0,626.0,3596.0,2049.0,2063.0,5490.0,1098.0,2026,3,5,17
48,288048,107,288049,124,3.0,2,1,997.0,1165.0,6735.0,3447.0,626.0,3596.0,2049.0,2063.0,5490.0,1098.0,2026,3,5,17
48,288046,122,288047,73,3.0,2,1,1401.0,169.0,1834.0,2934.0,7201.0,416.0,881.0,3459.0,4048.0,1661.0,2026,3,5,16
48,288046,122,288047,73,3.0,4,0,1401.0,169.0,1834.0,2934.0,7201.0,416.0,881.0,3459.0,4048.0,1661.0,2026,3,5,16
48,288046,122,288047,73,3.0,0,0,1401.0,169.0,1834.0,2934.0,7201.0,416.0,881.0,3459.0,4048.0,1661.0,2026,3,5,16
48,288042,181,288043,20,3.0,4,1,3020.0,3192.0,4765.0,5827.0,8280.0,157.0,156.0,197.0,4903.0,4896.0,2026,3,5,13
48,288042,181,288043,20,3.0,2,1,3020.0,3192.0,4765.0,5827.0,8280.0,157.0,156.0,197.0,4903.0,4896.0,2026,3,5,13
48,288044,63,288045,227,3.0,2,1,28.0,704.0,692.0,6715.0,35.0,690.0,1871.0,5620.0,1518.0,887.0,2026,3,5,13
48,288044,63,288045,227,3.0,4,0,28.0,704.0,692.0,6715.0,35.0,690.0,1871.0,5620.0,1518.0,887.0,2026,3,5,13
48,288044,63,288045,227,3.0,5,0,28.0,704.0,692.0,6715.0,35.0,690.0,1871.0,5620.0,1518.0,887.0,2026,3,5,13
48,287798,61,287799,22,3.0,6,1,625.0,628.0,1.0,26759.0,564.0,5502.0,25509.0,3490.0,7286.0,28229.0,2026,3,5,0
48,287798,61,287799,22,3.0,2,0,625.0,628.0,1.0,26759.0,564.0,5502.0,25509.0,3490.0,7286.0,28229.0,2026,3,5,0
48,287798,61,287799,22,3.0,4,0,625.0,628.0,1.0,26759.0,564.0,5502.0,25509.0,3490.0,7286.0,28229.0,2026,3,5,0
48,287802,112,287803,89,3.0,3,1,2126.0,3121.0,2200.0,315.0,3060.0,3368.0,5364.0,2776.0,6470.0,4042.0,2026,3,4,21
48,287802,112,287803,89,3.0,2,0,2126.0,3121.0,2200.0,315.0,3060.0,3368.0,5364.0,2776.0,6470.0,4042.0,2026,3,4,21
48,287802,112,287803,89,3.0,4,1,2126.0,3121.0,2200.0,315.0,3060.0,3368.0,5364.0,2776.0,6470.0,4042.0,2026,3,4,21
48,287806,181,287807,227,3.0,5,1,3020.0,3192.0,4765.0,5827.0,8280.0,690.0,1871.0,5620.0,1518.0,887.0,2026,3,4,21
48,287806,181,287807,227,3.0,4,1,3020.0,3192.0,4765.0,5827.0,8280.0,690.0,1871.0,5620.0,1518.0,887.0,2026,3,4,21
48,287812,71,287813,63,3.0,2,1,416.0,881.0,3459.0,4048.0,1661.0,28.0,704.0,692.0,6715.0,35.0,2026,3,4,19
48,287812,71,287813,63,3.0,0,1,416.0,881.0,3459.0,4048.0,1661.0,28.0,704.0,692.0,6715.0,35.0,2026,3,4,19
48,287800,175,287801,186,3.0,5,1,4710.0,965.0,3395.0,3397.0,1003.0,656.0,3072.0,499.0,4011.0,1486.0,2026,3,4,16
48,287800,175,287801,186,3.0,6,1,4710.0,965.0,3395.0,3397.0,1003.0,656.0,3072.0,499.0,4011.0,1486.0,2026,3,4,16
48,287808,17,287809,112,3.0,2,1,157.0,156.0,197.0,4903.0,4896.0,997.0,1165.0,6735.0,3447.0,626.0,2026,3,4,16
48,287808,17,287809,112,3.0,6,0,157.0,156.0,197.0,4903.0,4896.0,997.0,1165.0,6735.0,3447.0,626.0,2026,3,4,16
48,287808,17,287809,112,3.0,3,1,157.0,156.0,197.0,4903.0,4896.0,997.0,1165.0,6735.0,3447.0,626.0,2026,3,4,16
48,287804,122,287805,124,3.0,2,0,1401.0,169.0,1834.0,2934.0,7201.0,3596.0,2049.0,2063.0,5490.0,1098.0,2026,3,4,13
48,287804,122,287805,124,3.0,3,1,1401.0,169.0,1834.0,2934.0,7201.0,3596.0,2049.0,2063.0,5490.0,1098.0,2026,3,4,13
48,287804,122,287805,124,3.0,4,1,1401.0,169.0,1834.0,2934.0,7201.0,3596.0,2049.0,2063.0,5490.0,1098.0,2026,3,4,13
48,287810,62,287811,19,3.0,0,0,6360.0,6252.0,8019.0,8469.0,4329.0,3248.0,1757.0,736.0,3533.0,1316.0,2026,3,4,13
48,287810,62,287811,19,3.0,4,0,6360.0,6252.0,8019.0,8469.0,4329.0,3248.0,1757.0,736.0,3533.0,1316.0,2026,3,4,13
48,287748,166,287749,189,3.0,2,1,656.0,3072.0,499.0,4011.0,1486.0,78.0,5774.0,1548.0,2726.0,32.0,2026,3,3,21
48,287746,71,287747,135,3.0,2,1,416.0,881.0,3459.0,4048.0,1661.0,3396.0,709.0,150.0,20794.0,8252.0,2026,3,3,18
48,287746,71,287747,135,3.0,1,1,416.0,881.0,3459.0,4048.0,1661.0,3396.0,709.0,150.0,20794.0,8252.0,2026,3,3,18
48,287744,137,287745,89,3.0,3,0,2988.0,266.0,7528.0,6900.0,16113.0,3368.0,5364.0,2776.0,6470.0,4042.0,2026,3,3,15
48,287652,168,287653,115,3.0,3,0,78.0,5774.0,1548.0,2726.0,32.0,845.0,1687.0,2810.0,2113.0,6030.0,2026,3,2,22
48,287652,168,287653,115,3.0,1,1,78.0,5774.0,1548.0,2726.0,32.0,845.0,1687.0,2810.0,2113.0,6030.0,2026,3,2,22
48,287652,168,287653,115,3.0,4,1,78.0,5774.0,1548.0,2726.0,32.0,845.0,1687.0,2810.0,2113.0,6030.0,2026,3,2,22
48,287646,71,287647,227,3.0,3,0,416.0,881.0,3459.0,4048.0,1661.0,690.0,1871.0,5620.0,1518.0,887.0,2026,3,2,20
48,287646,71,287647,227,3.0,4,0,416.0,881.0,3459.0,4048.0,1661.0,690.0,1871.0,5620.0,1518.0,887.0,2026,3,2,20
48,287648,85,287649,149,3.0,6,1,3368.0,5364.0,2776.0,6470.0,4042.0,1850.0,3526.0,532.0,6335.0,5298.0,2026,3,2,19
48,287650,127,287651,77,3.0,5,1,3396.0,709.0,150.0,20794.0,8252.0,4481.0,205.0,142.0,147.0,752.0,2026,3,2,18
48,287650,127,287651,77,3.0,2,1,3396.0,709.0,150.0,20794.0,8252.0,4481.0,205.0,142.0,147.0,752.0,2026,3,2,18
48,287642,137,287643,124,3.0,2,1,2988.0,266.0,7528.0,6900.0,16113.0,3596.0,2049.0,2063.0,5490.0,1098.0,2026,3,2,15
48,287642,137,287643,124,3.0,4,0,2988.0,266.0,7528.0,6900.0,16113.0,3596.0,2049.0,2063.0,5490.0,1098.0,2026,3,2,15
48,287642,137,287643,124,3.0,3,0,2988.0,266.0,7528.0,6900.0,16113.0,3596.0,2049.0,2063.0,5490.0,1098.0,2026,3,2,15
48,287644,166,287645,19,3.0,2,0,656.0,3072.0,499.0,4011.0,1486.0,3248.0,1757.0,736.0,3533.0,1316.0,2026,3,2,15
48,287644,166,287645,19,3.0,6,0,656.0,3072.0,499.0,4011.0,1486.0,3248.0,1757.0,736.0,3533.0,1316.0,2026,3,2,15
48,287582,127,287583,127,3.0,1,1,3396.0,709.0,150.0,20794.0,8252.0,31.0,472.0,3032.0,530.0,746.0,2026,3,1,23
48,287582,127,287583,127,3.0,4,1,3396.0,709.0,150.0,20794.0,8252.0,31.0,472.0,3032.0,530.0,746.0,2026,3,1,23
48,287584,71,287585,115,3.0,2,1,416.0,881.0,3459.0,4048.0,1661.0,845.0,1687.0,2810.0,2113.0,6030.0,2026,3,1,21
48,287578,166,287579,77,3.0,5,1,656.0,3072.0,499.0,4011.0,1486.0,4481.0,205.0,142.0,147.0,752.0,2026,3,1,18
48,287578,166,287579,77,3.0,2,1,656.0,3072.0,499.0,4011.0,1486.0,4481.0,205.0,142.0,147.0,752.0,2026,3,1,18
48,287576,168,287577,173,3.0,4,0,78.0,5774.0,1548.0,2726.0,32.0,3061.0,3292.0,3337.0,897.0,2736.0,2026,3,1,16
48,287576,168,287577,173,3.0,2,1,78.0,5774.0,1548.0,2726.0,32.0,3061.0,3292.0,3337.0,897.0,2736.0,2026,3,1,16
48,287576,168,287577,173,3.0,3,1,78.0,5774.0,1548.0,2726.0,32.0,3061.0,3292.0,3337.0,897.0,2736.0,2026,3,1,16
48,287574,137,287575,112,3.0,3,0,2988.0,266.0,7528.0,6900.0,16113.0,997.0,1165.0,6735.0,3447.0,626.0,2026,3,1,16
48,287574,137,287575,112,3.0,2,0,2988.0,266.0,7528.0,6900.0,16113.0,997.0,1165.0,6735.0,3447.0,626.0,2026,3,1,16
48,287570,62,287571,19,3.0,6,1,6360.0,6252.0,8019.0,8469.0,4329.0,3248.0,1757.0,736.0,3533.0,1316.0,2026,3,1,13
48,287570,62,287571,19,3.0,4,1,6360.0,6252.0,8019.0,8469.0,4329.0,3248.0,1757.0,736.0,3533.0,1316.0,2026,3,1,13
48,287572,85,287573,124,3.0,5,0,3368.0,5364.0,2776.0,6470.0,4042.0,3596.0,2049.0,2063.0,5490.0,1098.0,2026,3,1,13
48,287572,85,287573,124,3.0,2,0,3368.0,5364.0,2776.0,6470.0,4042.0,3596.0,2049.0,2063.0,5490.0,1098.0,2026,3,1,13
48,287562,71,287563,112,3.0,2,0,416.0,881.0,3459.0,4048.0,1661.0,997.0,1165.0,6735.0,3447.0,626.0,2026,3,0,22
48,287562,71,287563,112,3.0,3,0,416.0,881.0,3459.0,4048.0,1661.0,997.0,1165.0,6735.0,3447.0,626.0,2026,3,0,22
48,287560,168,287561,77,3.0,2,0,78.0,5774.0,1548.0,2726.0,32.0,4481.0,205.0,142.0,147.0,752.0,2026,3,0,21
48,287560,168,287561,77,3.0,0,0,78.0,5774.0,1548.0,2726.0,32.0,4481.0,205.0,142.0,147.0,752.0,2026,3,0,21
48,287560,168,287561,77,3.0,5,1,78.0,5774.0,1548.0,2726.0,32.0,4481.0,205.0,142.0,147.0,752.0,2026,3,0,21
48,287556,140,287557,62,3.0,4,1,1850.0,3526.0,532.0,6335.0,5298.0,6360.0,6252.0,8019.0,8469.0,4329.0,2026,3,0,19
48,287556,140,287557,62,3.0,2,0,1850.0,3526.0,532.0,6335.0,5298.0,6360.0,6252.0,8019.0,8469.0,4329.0,2026,3,0,19
48,287556,140,287557,62,3.0,1,0,1850.0,3526.0,532.0,6335.0,5298.0,6360.0,6252.0,8019.0,8469.0,4329.0,2026,3,0,19
48,287558,127,287559,115,3.0,1,0,3396.0,709.0,150.0,20794.0,8252.0,845.0,1687.0,2810.0,2113.0,6030.0,2026,3,0,18
48,287558,127,287559,115,3.0,0,1,3396.0,709.0,150.0,20794.0,8252.0,845.0,1687.0,2810.0,2113.0,6030.0,2026,3,0,18
48,287558,127,287559,115,3.0,2,0,3396.0,709.0,150.0,20794.0,8252.0,845.0,1687.0,2810.0,2113.0,6030.0,2026,3,0,18
48,287552,137,287553,227,3.0,2,1,2988.0,266.0,7528.0,6900.0,16113.0,690.0,1871.0,5620.0,1518.0,887.0,2026,3,0,16
48,287552,137,287553,227,3.0,4,1,2988.0,266.0,7528.0,6900.0,16113.0,690.0,1871.0,5620.0,1518.0,887.0,2026,3,0,16
48,287554,166,287555,173,3.0,2,1,656.0,3072.0,499.0,4011.0,1486.0,3061.0,3292.0,3337.0,897.0,2736.0,2026,3,0,16
48,287554,166,287555,173,3.0,3,1,656.0,3072.0,499.0,4011.0,1486.0,3061.0,3292.0,3337.0,897.0,2736.0,2026,3,0,16
48,287550,121,287551,124,3.0,5,0,31.0,472.0,3032.0,530.0,746.0,3596.0,2049.0,2063.0,5490.0,1098.0,2026,3,0,13
48,287548,85,287549,19,3.0,2,0,3368.0,5364.0,2776.0,6470.0,4042.0,3248.0,1757.0,736.0,3533.0,1316.0,2026,3,0,13
48,287470,168,287471,149,3.0,5,0,78.0,5774.0,1548.0,2726.0,32.0,1850.0,3526.0,532.0,6335.0,5298.0,2026,3,6,22
48,287472,166,287473,227,3.0,3,0,656.0,3072.0,499.0,4011.0,1486.0,690.0,1871.0,5620.0,1518.0,887.0,2026,3,6,22
48,287472,166,287473,227,3.0,5,0,656.0,3072.0,499.0,4011.0,1486.0,690.0,1871.0,5620.0,1518.0,887.0,2026,3,6,22
48,287472,166,287473,227,3.0,2,1,656.0,3072.0,499.0,4011.0,1486.0,690.0,1871.0,5620.0,1518.0,887.0,2026,3,6,22
48,287466,62,287467,115,3.0,4,1,6360.0,6252.0,8019.0,8469.0,4329.0,845.0,1687.0,2810.0,2113.0,6030.0,2026,3,6,18
48,287466,62,287467,115,3.0,1,0,6360.0,6252.0,8019.0,8469.0,4329.0,845.0,1687.0,2810.0,2113.0,6030.0,2026,3,6,18
48,287466,62,287467,115,3.0,0,1,6360.0,6252.0,8019.0,8469.0,4329.0,845.0,1687.0,2810.0,2113.0,6030.0,2026,3,6,18
48,287474,127,287475,112,3.0,0,0,3396.0,709.0,150.0,20794.0,8252.0,997.0,1165.0,6735.0,3447.0,626.0,2026,3,6,18
48,287474,127,287475,112,3.0,5,1,3396.0,709.0,150.0,20794.0,8252.0,997.0,1165.0,6735.0,3447.0,626.0,2026,3,6,18
48,287464,71,287465,77,3.0,2,1,416.0,881.0,3459.0,4048.0,1661.0,4481.0,205.0,142.0,147.0,752.0,2026,3,6,16
48,287468,16,287469,124,3.0,0,1,3248.0,1757.0,736.0,3533.0,1316.0,3596.0,2049.0,2063.0,5490.0,1098.0,2026,3,6,16
48,287462,137,287463,173,3.0,2,1,2988.0,266.0,7528.0,6900.0,16113.0,3061.0,3292.0,3337.0,897.0,2736.0,2026,3,6,13
48,287462,137,287463,173,3.0,4,1,2988.0,266.0,7528.0,6900.0,16113.0,3061.0,3292.0,3337.0,897.0,2736.0,2026,3,6,13
48,287476,85,287477,127,3.0,5,1,3368.0,5364.0,2776.0,6470.0,4042.0,31.0,472.0,3032.0,530.0,746.0,2026,3,6,13
48,287476,85,287477,127,3.0,3,1,3368.0,5364.0,2776.0,6470.0,4042.0,31.0,472.0,3032.0,530.0,746.0,2026,3,6,13
87,287446,58,287447,98,5.0,5,0,2805.0,8065.0,3637.0,1199.0,25616.0,7774.0,26198.0,25560.0,8304.0,2109.0,2026,3,6,17
87,287446,58,287447,98,5.0,4,1,2805.0,8065.0,3637.0,1199.0,25616.0,7774.0,26198.0,25560.0,8304.0,2109.0,2026,3,6,17
87,287446,58,287447,98,5.0,0,1,2805.0,8065.0,3637.0,1199.0,25616.0,7774.0,26198.0,25560.0,8304.0,2109.0,2026,3,6,17
87,287446,58,287447,98,5.0,2,1,2805.0,8065.0,3637.0,1199.0,25616.0,7774.0,26198.0,25560.0,8304.0,2109.0,2026,3,6,17
87,287438,4,287439,33,3.0,5,0,436.0,3241.0,6721.0,3235.0,2814.0,2936.0,5420.0,457.0,3289.0,5057.0,2026,2,5,12
87,287438,4,287439,33,3.0,6,0,436.0,3241.0,6721.0,3235.0,2814.0,2936.0,5420.0,457.0,3289.0,5057.0,2026,2,5,12
87,287426,30,287427,59,3.0,4,1,2936.0,5420.0,457.0,3289.0,5057.0,2805.0,8065.0,3637.0,1199.0,25616.0,2026,2,3,21
87,287426,30,287427,59,3.0,0,0,2936.0,5420.0,457.0,3289.0,5057.0,2805.0,8065.0,3637.0,1199.0,25616.0,2026,2,3,21
96,287148,137,287149,199,5.0,2,0,2988.0,266.0,7528.0,6900.0,16113.0,19.0,550.0,1549.0,1443.0,146.0,2026,2,6,19
96,287148,137,287149,199,5.0,6,0,2988.0,266.0,7528.0,6900.0,16113.0,19.0,550.0,1549.0,1443.0,146.0,2026,2,6,19
96,287148,137,287149,199,5.0,3,0,2988.0,266.0,7528.0,6900.0,16113.0,19.0,550.0,1549.0,1443.0,146.0,2026,2,6,19
96,287146,112,287147,203,3.0,4,1,2126.0,3121.0,2200.0,315.0,3060.0,3020.0,3192.0,4765.0,5827.0,8280.0,2026,2,6,15
96,287146,112,287147,203,3.0,3,1,2126.0,3121.0,2200.0,315.0,3060.0,3020.0,3192.0,4765.0,5827.0,8280.0,2026,2,6,15
96,287144,177,287145,203,3.0,4,1,19.0,550.0,1549.0,1443.0,146.0,3020.0,3192.0,4765.0,5827.0,8280.0,2026,2,5,21
96,287144,177,287145,203,3.0,2,1,19.0,550.0,1549.0,1443.0,146.0,3020.0,3192.0,4765.0,5827.0,8280.0,2026,2,5,21
96,287142,137,287143,118,3.0,3,1,2988.0,266.0,7528.0,6900.0,16113.0,2126.0,3121.0,2200.0,315.0,3060.0,2026,2,5,18
96,287142,137,287143,118,3.0,2,1,2988.0,266.0,7528.0,6900.0,16113.0,2126.0,3121.0,2200.0,315.0,3060.0,2026,2,5,18
96,287136,181,287137,61,3.0,5,1,3020.0,3192.0,4765.0,5827.0,8280.0,625.0,628.0,1.0,26759.0,564.0,2026,2,4,21
96,287136,181,287137,61,3.0,4,1,3020.0,3192.0,4765.0,5827.0,8280.0,625.0,628.0,1.0,26759.0,564.0,2026,2,4,21
96,287134,177,287135,20,3.0,6,1,19.0,550.0,1549.0,1443.0,146.0,157.0,156.0,197.0,4903.0,4896.0,2026,2,4,18
96,287134,177,287135,20,3.0,3,1,19.0,550.0,1549.0,1443.0,146.0,157.0,156.0,197.0,4903.0,4896.0,2026,2,4,18
96,287138,112,287139,128,3.0,3,1,2126.0,3121.0,2200.0,315.0,3060.0,1401.0,169.0,1834.0,2934.0,7201.0,2026,2,4,15
96,287138,112,287139,128,3.0,0,0,2126.0,3121.0,2200.0,315.0,3060.0,1401.0,169.0,1834.0,2934.0,7201.0,2026,2,4,15
96,287138,112,287139,128,3.0,4,1,2126.0,3121.0,2200.0,315.0,3060.0,1401.0,169.0,1834.0,2934.0,7201.0,2026,2,4,15
96,287140,137,287141,188,3.0,2,1,2988.0,266.0,7528.0,6900.0,16113.0,26.0,945.0,2611.0,2041.0,26434.0,2026,2,4,11
96,287140,137,287141,188,3.0,4,0,2988.0,266.0,7528.0,6900.0,16113.0,26.0,945.0,2611.0,2041.0,26434.0,2026,2,4,11
96,287140,137,287141,188,3.0,0,1,2988.0,266.0,7528.0,6900.0,16113.0,26.0,945.0,2611.0,2041.0,26434.0,2026,2,4,11
96,287112,122,287113,73,3.0,0,1,1401.0,169.0,1834.0,2934.0,7201.0,416.0,881.0,3459.0,4048.0,1661.0,2026,2,2,19
96,287112,122,287113,73,3.0,2,1,1401.0,169.0,1834.0,2934.0,7201.0,416.0,881.0,3459.0,4048.0,1661.0,2026,2,2,19
96,287108,62,287109,145,3.0,2,0,6360.0,6252.0,8019.0,8469.0,4329.0,2988.0,266.0,7528.0,6900.0,16113.0,2026,2,2,15
96,287108,62,287109,145,3.0,4,1,6360.0,6252.0,8019.0,8469.0,4329.0,2988.0,266.0,7528.0,6900.0,16113.0,2026,2,2,15
96,287106,17,287107,19,3.0,6,1,157.0,156.0,197.0,4903.0,4896.0,3248.0,1757.0,736.0,3533.0,1316.0,2026,2,2,13
96,287106,17,287107,19,3.0,2,1,157.0,156.0,197.0,4903.0,4896.0,3248.0,1757.0,736.0,3533.0,1316.0,2026,2,2,13
96,287078,61,287079,145,3.0,2,1,625.0,628.0,1.0,26759.0,564.0,2988.0,266.0,7528.0,6900.0,16113.0,2026,2,1,18
96,287078,61,287079,145,3.0,4,1,625.0,628.0,1.0,26759.0,564.0,2988.0,266.0,7528.0,6900.0,16113.0,2026,2,1,18
96,287078,61,287079,145,3.0,3,0,625.0,628.0,1.0,26759.0,564.0,2988.0,266.0,7528.0,6900.0,16113.0,2026,2,1,18
96,287080,71,287081,89,3.0,0,1,416.0,881.0,3459.0,4048.0,1661.0,3368.0,5364.0,2776.0,6470.0,4042.0,2026,2,1,17
96,287074,122,287075,203,3.0,5,0,1401.0,169.0,1834.0,2934.0,7201.0,3020.0,3192.0,4765.0,5827.0,8280.0,2026,2,1,15
96,287074,122,287075,203,3.0,3,1,1401.0,169.0,1834.0,2934.0,7201.0,3020.0,3192.0,4765.0,5827.0,8280.0,2026,2,1,15
96,287076,18,287077,20,3.0,6,0,5502.0,25509.0,3490.0,7286.0,28229.0,157.0,156.0,197.0,4903.0,4896.0,2026,2,1,15
96,287072,63,287073,19,3.0,4,0,28.0,704.0,692.0,6715.0,35.0,3248.0,1757.0,736.0,3533.0,1316.0,2026,2,1,13
96,287072,63,287073,19,3.0,0,0,28.0,704.0,692.0,6715.0,35.0,3248.0,1757.0,736.0,3533.0,1316.0,2026,2,1,13
96,287070,112,287071,62,3.0,6,1,2126.0,3121.0,2200.0,315.0,3060.0,6360.0,6252.0,8019.0,8469.0,4329.0,2026,2,1,13
96,287070,112,287071,62,3.0,4,1,2126.0,3121.0,2200.0,315.0,3060.0,6360.0,6252.0,8019.0,8469.0,4329.0,2026,2,1,13
96,286996,61,286997,188,3.0,1,0,625.0,628.0,1.0,26759.0,564.0,26.0,945.0,2611.0,2041.0,26434.0,2026,2,0,20
96,286996,61,286997,188,3.0,3,0,625.0,628.0,1.0,26759.0,564.0,26.0,945.0,2611.0,2041.0,26434.0,2026,2,0,20
96,286996,61,286997,188,3.0,4,1,625.0,628.0,1.0,26759.0,564.0,26.0,945.0,2611.0,2041.0,26434.0,2026,2,0,20
96,286998,71,286999,227,3.0,3,1,416.0,881.0,3459.0,4048.0,1661.0,690.0,1871.0,5620.0,1518.0,887.0,2026,2,0,19
96,286998,71,286999,227,3.0,4,1,416.0,881.0,3459.0,4048.0,1661.0,690.0,1871.0,5620.0,1518.0,887.0,2026,2,0,19
96,286992,112,286993,199,3.0,3,0,2126.0,3121.0,2200.0,315.0,3060.0,19.0,550.0,1549.0,1443.0,146.0,2026,2,0,18
96,286992,112,286993,199,3.0,2,0,2126.0,3121.0,2200.0,315.0,3060.0,19.0,550.0,1549.0,1443.0,146.0,2026,2,0,18
96,286994,166,286995,89,3.0,3,0,656.0,3072.0,499.0,4011.0,18.0,3368.0,5364.0,2776.0,6470.0,4042.0,2026,2,0,16
96,286994,166,286995,89,3.0,5,0,656.0,3072.0,499.0,4011.0,18.0,3368.0,5364.0,2776.0,6470.0,4042.0,2026,2,0,16
96,286988,181,286989,22,3.0,5,1,3020.0,3192.0,4765.0,5827.0,8280.0,5502.0,25509.0,3490.0,7286.0,28229.0,2026,2,0,14
96,286988,181,286989,22,3.0,0,1,3020.0,3192.0,4765.0,5827.0,8280.0,5502.0,25509.0,3490.0,7286.0,28229.0,2026,2,0,14
96,286990,62,286991,19,3.0,6,1,6360.0,6252.0,8019.0,8469.0,4329.0,3248.0,1757.0,736.0,3533.0,1316.0,2026,2,0,14
96,286990,62,286991,19,3.0,4,1,6360.0,6252.0,8019.0,8469.0,4329.0,3248.0,1757.0,736.0,3533.0,1316.0,2026,2,0,14
96,286984,122,286985,20,3.0,1,1,1401.0,169.0,1834.0,2934.0,7201.0,157.0,156.0,197.0,4903.0,4896.0,2026,2,0,11
96,286984,122,286985,20,3.0,3,1,1401.0,169.0,1834.0,2934.0,7201.0,157.0,156.0,197.0,4903.0,4896.0,2026,2,0,11
96,286984,122,286985,20,3.0,4,0,1401.0,169.0,1834.0,2934.0,7201.0,157.0,156.0,197.0,4903.0,4896.0,2026,2,0,11
96,286986,63,286987,145,3.0,3,0,28.0,704.0,692.0,6715.0,35.0,2988.0,266.0,7528.0,6900.0,16113.0,2026,2,0,11
96,286986,63,286987,145,3.0,0,0,28.0,704.0,692.0,6715.0,35.0,2988.0,266.0,7528.0,6900.0,16113.0,2026,2,0,11
96,286986,63,286987,145,3.0,4,1,28.0,704.0,692.0,6715.0,35.0,2988.0,266.0,7528.0,6900.0,16113.0,2026,2,0,11
96,286976,177,286977,203,3.0,4,0,19.0,550.0,1549.0,1443.0,146.0,3020.0,3192.0,4765.0,5827.0,8280.0,2026,2,6,20
96,286976,177,286977,203,3.0,2,1,19.0,550.0,1549.0,1443.0,146.0,3020.0,3192.0,4765.0,5827.0,8280.0,2026,2,6,20
96,286976,177,286977,203,3.0,5,1,19.0,550.0,1549.0,1443.0,146.0,3020.0,3192.0,4765.0,5827.0,8280.0,2026,2,6,20
96,286978,18,286979,89,3.0,5,1,5502.0,25509.0,3490.0,7286.0,28229.0,3368.0,5364.0,2776.0,6470.0,4042.0,2026,2,6,19
96,286972,61,286973,62,3.0,4,0,625.0,628.0,1.0,26759.0,564.0,6360.0,6252.0,8019.0,8469.0,4329.0,2026,2,6,17
96,286972,61,286973,62,3.0,1,1,625.0,628.0,1.0,26759.0,564.0,6360.0,6252.0,8019.0,8469.0,4329.0,2026,2,6,17
96,286972,61,286973,62,3.0,6,1,625.0,628.0,1.0,26759.0,564.0,6360.0,6252.0,8019.0,8469.0,4329.0,2026,2,6,17
96,286974,17,286975,227,3.0,1,1,157.0,156.0,197.0,4903.0,4896.0,690.0,1871.0,5620.0,1518.0,887.0,2026,2,6,16
96,286974,17,286975,227,3.0,5,0,157.0,156.0,197.0,4903.0,4896.0,690.0,1871.0,5620.0,1518.0,887.0,2026,2,6,16
96,286974,17,286975,227,3.0,2,1,157.0,156.0,197.0,4903.0,4896.0,690.0,1871.0,5620.0,1518.0,887.0,2026,2,6,16
96,286968,167,286969,63,3.0,1,1,26.0,945.0,2611.0,2041.0,26434.0,28.0,704.0,692.0,6715.0,35.0,2026,2,6,13
96,286968,167,286969,63,3.0,2,0,26.0,945.0,2611.0,2041.0,26434.0,28.0,704.0,692.0,6715.0,35.0,2026,2,6,13
96,286968,167,286969,63,3.0,0,1,26.0,945.0,2611.0,2041.0,26434.0,28.0,704.0,692.0,6715.0,35.0,2026,2,6,13
96,286970,71,286971,145,3.0,2,0,416.0,881.0,3459.0,4048.0,1661.0,2988.0,266.0,7528.0,6900.0,16113.0,2026,2,6,13
96,286970,71,286971,145,3.0,3,0,416.0,881.0,3459.0,4048.0,1661.0,2988.0,266.0,7528.0,6900.0,16113.0,2026,2,6,13
96,286970,71,286971,145,3.0,4,1,416.0,881.0,3459.0,4048.0,1661.0,2988.0,266.0,7528.0,6900.0,16113.0,2026,2,6,13
96,286966,166,286967,19,3.0,5,0,656.0,3072.0,499.0,4011.0,18.0,3248.0,1757.0,736.0,3533.0,1316.0,2026,2,6,11
96,286966,166,286967,19,3.0,6,0,656.0,3072.0,499.0,4011.0,18.0,3248.0,1757.0,736.0,3533.0,1316.0,2026,2,6,11
96,286964,122,286965,118,3.0,3,0,1401.0,169.0,1834.0,2934.0,7201.0,2126.0,3121.0,2200.0,315.0,3060.0,2026,2,6,11
96,286964,122,286965,118,3.0,4,0,1401.0,169.0,1834.0,2934.0,7201.0,2126.0,3121.0,2200.0,315.0,3060.0,2026,2,6,11
96,286356,61,286357,22,3.0,4,1,625.0,628.0,1.0,26759.0,564.0,5502.0,25509.0,3490.0,7286.0,28229.0,2026,2,5,21
96,286356,61,286357,22,3.0,3,1,625.0,628.0,1.0,26759.0,564.0,5502.0,25509.0,3490.0,7286.0,28229.0,2026,2,5,21
96,286358,181,286359,227,3.0,4,1,3020.0,3192.0,4765.0,5827.0,8280.0,690.0,1871.0,5620.0,1518.0,887.0,2026,2,5,19
96,286358,181,286359,227,3.0,2,1,3020.0,3192.0,4765.0,5827.0,8280.0,690.0,1871.0,5620.0,1518.0,887.0,2026,2,5,19
96,286352,177,286353,73,3.0,4,1,19.0,550.0,1549.0,1443.0,146.0,416.0,881.0,3459.0,4048.0,1661.0,2026,2,5,17
96,286354,167,286355,186,3.0,5,1,26.0,945.0,2611.0,2041.0,26434.0,656.0,3072.0,499.0,4011.0,18.0,2026,2,5,17
96,286350,63,286351,89,3.0,0,1,28.0,704.0,692.0,6715.0,35.0,3368.0,5364.0,2776.0,6470.0,4042.0,2026,2,5,14
96,286350,63,286351,89,3.0,6,1,28.0,704.0,692.0,6715.0,35.0,3368.0,5364.0,2776.0,6470.0,4042.0,2026,2,5,14
96,286348,112,286349,145,3.0,3,1,2126.0,3121.0,2200.0,315.0,3060.0,2988.0,266.0,7528.0,6900.0,16113.0,2026,2,5,14
96,286348,112,286349,145,3.0,2,0,2126.0,3121.0,2200.0,315.0,3060.0,2988.0,266.0,7528.0,6900.0,16113.0,2026,2,5,14
96,286348,112,286349,145,3.0,6,1,2126.0,3121.0,2200.0,315.0,3060.0,2988.0,266.0,7528.0,6900.0,16113.0,2026,2,5,14
96,286344,122,286345,19,3.0,5,1,1401.0,169.0,1834.0,2934.0,7201.0,3248.0,1757.0,736.0,3533.0,1316.0,2026,2,5,11
96,286344,122,286345,19,3.0,4,1,1401.0,169.0,1834.0,2934.0,7201.0,3248.0,1757.0,736.0,3533.0,1316.0,2026,2,5,11
96,286346,17,286347,62,3.0,1,1,157.0,156.0,197.0,4903.0,4896.0,6360.0,6252.0,8019.0,8469.0,4329.0,2026,2,5,11
96,286346,17,286347,62,3.0,4,0,157.0,156.0,197.0,4903.0,4896.0,6360.0,6252.0,8019.0,8469.0,4329.0,2026,2,5,11
96,286346,17,286347,62,3.0,6,0,157.0,156.0,197.0,4903.0,4896.0,6360.0,6252.0,8019.0,8469.0,4329.0,2026,2,5,11
58,286664,30,286665,26,3.0,2,1,2936.0,5420.0,457.0,3289.0,5057.0,959.0,7526.0,3915.0,6145.0,7078.0,2026,2,3,19
58,286664,30,286665,26,3.0,0,1,2936.0,5420.0,457.0,3289.0,5057.0,959.0,7526.0,3915.0,6145.0,7078.0,2026,2,3,19
58,286660,30,286661,176,3.0,2,1,2936.0,5420.0,457.0,3289.0,5057.0,1675.0,1673.0,8073.0,8126.0,4825.0,2026,2,2,19
58,286660,30,286661,176,3.0,4,0,2936.0,5420.0,457.0,3289.0,5057.0,1675.0,1673.0,8073.0,8126.0,4825.0,2026,2,2,19
58,286674,93,286675,37,3.0,2,1,7774.0,26198.0,25560.0,8304.0,2109.0,8083.0,8055.0,2068.0,3405.0,26193.0,2026,2,2,16
58,286674,93,286675,37,3.0,4,1,7774.0,26198.0,25560.0,8304.0,2109.0,8083.0,8055.0,2068.0,3405.0,26193.0,2026,2,2,16
58,286680,50,286681,52,3.0,4,1,607.0,5630.0,4010.0,994.0,3202.0,62.0,7495.0,4565.0,4080.0,3904.0,2026,2,2,16
58,286680,50,286681,52,3.0,5,1,607.0,5630.0,4010.0,994.0,3202.0,62.0,7495.0,4565.0,4080.0,3904.0,2026,2,2,16
58,286678,11,286679,142,3.0,6,1,49.0,7442.0,7327.0,1200.0,20804.0,4518.0,4275.0,3517.0,439.0,4065.0,2026,2,2,16
58,286678,11,286679,142,3.0,0,0,49.0,7442.0,7327.0,1200.0,20804.0,4518.0,4275.0,3517.0,439.0,4065.0,2026,2,2,16
58,286678,11,286679,142,3.0,3,1,49.0,7442.0,7327.0,1200.0,20804.0,4518.0,4275.0,3517.0,439.0,4065.0,2026,2,2,16
58,286676,100,286677,104,3.0,6,0,16114.0,16111.0,7785.0,25689.0,3334.0,144.0,1226.0,50.0,1264.0,7328.0,2026,2,2,16
58,286676,100,286677,104,3.0,2,0,16114.0,16111.0,7785.0,25689.0,3334.0,144.0,1226.0,50.0,1264.0,7328.0,2026,2,2,16
58,286670,134,286671,190,3.0,5,1,4518.0,4275.0,3517.0,439.0,4065.0,1867.0,5310.0,7527.0,26918.0,26177.0,2026,2,1,23
58,286670,134,286671,190,3.0,3,1,4518.0,4275.0,3517.0,439.0,4065.0,1867.0,5310.0,7527.0,26918.0,26177.0,2026,2,1,23
58,286670,134,286671,190,3.0,0,0,4518.0,4275.0,3517.0,439.0,4065.0,1867.0,5310.0,7527.0,26918.0,26177.0,2026,2,1,23
58,286656,68,286657,105,3.0,4,0,65.0,1891.0,7082.0,8305.0,982.0,16114.0,16111.0,7785.0,25689.0,3334.0,2026,2,1,22
58,286656,68,286657,105,3.0,6,1,65.0,1891.0,7082.0,8305.0,982.0,16114.0,16111.0,7785.0,25689.0,3334.0,2026,2,1,22
58,286656,68,286657,105,3.0,2,1,65.0,1891.0,7082.0,8305.0,982.0,16114.0,16111.0,7785.0,25689.0,3334.0,2026,2,1,22
58,286646,30,286647,50,3.0,5,1,2936.0,5420.0,457.0,3289.0,5057.0,607.0,5630.0,4010.0,994.0,3202.0,2026,2,1,19
58,286646,30,286647,50,3.0,0,1,2936.0,5420.0,457.0,3289.0,5057.0,607.0,5630.0,4010.0,994.0,3202.0,2026,2,1,19
58,286640,170,286641,105,3.0,0,0,1867.0,5310.0,7527.0,26918.0,26177.0,16114.0,16111.0,7785.0,25689.0,3334.0,2026,2,1,17
58,286640,170,286641,105,3.0,2,0,1867.0,5310.0,7527.0,26918.0,26177.0,16114.0,16111.0,7785.0,25689.0,3334.0,2026,2,1,17
58,286638,68,286639,142,3.0,3,1,65.0,1891.0,7082.0,8305.0,982.0,4518.0,4275.0,3517.0,439.0,4065.0,2026,2,1,16
58,286644,22,286645,52,3.0,0,0,959.0,7526.0,3915.0,6145.0,7078.0,62.0,7495.0,4565.0,4080.0,3904.0,2026,2,1,16
58,286644,22,286645,52,3.0,3,1,959.0,7526.0,3915.0,6145.0,7078.0,62.0,7495.0,4565.0,4080.0,3904.0,2026,2,1,16
58,286630,30,286631,23,3.0,5,1,2936.0,5420.0,457.0,3289.0,5057.0,7754.0,3398.0,26513.0,25536.0,3400.0,2026,2,1,13
58,286630,30,286631,23,3.0,2,1,2936.0,5420.0,457.0,3289.0,5057.0,7754.0,3398.0,26513.0,25536.0,3400.0,2026,2,1,13
58,286634,11,286635,104,3.0,9,1,49.0,7442.0,7327.0,1200.0,20804.0,144.0,1226.0,50.0,1264.0,7328.0,2026,2,1,13
58,286634,11,286635,104,3.0,9,1,49.0,7442.0,7327.0,1200.0,20804.0,144.0,1226.0,50.0,1264.0,7328.0,2026,2,1,13
58,286636,132,286637,176,3.0,2,0,8085.0,27035.0,7878.0,8087.0,28316.0,1675.0,1673.0,8073.0,8126.0,4825.0,2026,2,1,13
58,286636,132,286637,176,3.0,0,1,8085.0,27035.0,7878.0,8087.0,28316.0,1675.0,1673.0,8073.0,8126.0,4825.0,2026,2,1,13
58,286636,132,286637,176,3.0,5,0,8085.0,27035.0,7878.0,8087.0,28316.0,1675.0,1673.0,8073.0,8126.0,4825.0,2026,2,1,13
58,286632,50,286633,37,3.0,5,1,607.0,5630.0,4010.0,994.0,3202.0,8083.0,8055.0,2068.0,3405.0,26193.0,2026,2,1,13
58,286632,50,286633,37,3.0,2,0,607.0,5630.0,4010.0,994.0,3202.0,8083.0,8055.0,2068.0,3405.0,26193.0,2026,2,1,13
72,286294,61,286295,199,5.0,5,0,625.0,628.0,1.0,26759.0,564.0,19.0,550.0,1549.0,1443.0,146.0,2026,2,6,19
72,286294,61,286295,199,5.0,3,0,625.0,628.0,1.0,26759.0,564.0,19.0,550.0,1549.0,1443.0,146.0,2026,2,6,19
72,286294,61,286295,199,5.0,4,1,625.0,628.0,1.0,26759.0,564.0,19.0,550.0,1549.0,1443.0,146.0,2026,2,6,19
72,286294,61,286295,199,5.0,6,0,625.0,628.0,1.0,26759.0,564.0,19.0,550.0,1549.0,1443.0,146.0,2026,2,6,19
72,286296,175,286297,118,3.0,4,1,4710.0,965.0,3395.0,3397.0,1003.0,2126.0,3121.0,2200.0,315.0,3060.0,2026,2,6,15
72,286296,175,286297,118,3.0,2,1,4710.0,965.0,3395.0,3397.0,1003.0,2126.0,3121.0,2200.0,315.0,3060.0,2026,2,6,15
72,286292,177,286293,118,3.0,2,1,19.0,550.0,1549.0,1443.0,146.0,2126.0,3121.0,2200.0,315.0,3060.0,2026,2,5,22
72,286292,177,286293,118,3.0,5,1,19.0,550.0,1549.0,1443.0,146.0,2126.0,3121.0,2200.0,315.0,3060.0,2026,2,5,22
72,286290,175,286291,61,3.0,5,0,4710.0,965.0,3395.0,3397.0,1003.0,625.0,628.0,1.0,26759.0,564.0,2026,2,5,17
72,286290,175,286291,61,3.0,4,0,4710.0,965.0,3395.0,3397.0,1003.0,625.0,628.0,1.0,26759.0,564.0,2026,2,5,17
72,286290,175,286291,61,3.0,2,1,4710.0,965.0,3395.0,3397.0,1003.0,625.0,628.0,1.0,26759.0,564.0,2026,2,5,17
72,286288,71,286289,118,3.0,2,0,416.0,881.0,3459.0,4048.0,1661.0,2126.0,3121.0,2200.0,315.0,3060.0,2026,2,4,21
72,286288,71,286289,118,3.0,6,0,416.0,881.0,3459.0,4048.0,1661.0,2126.0,3121.0,2200.0,315.0,3060.0,2026,2,4,21
72,286286,17,286287,61,3.0,4,0,157.0,156.0,197.0,4903.0,4896.0,625.0,628.0,1.0,26759.0,564.0,2026,2,4,17
72,286286,17,286287,61,3.0,2,0,157.0,156.0,197.0,4903.0,4896.0,625.0,628.0,1.0,26759.0,564.0,2026,2,4,17
72,286028,112,286029,188,3.0,3,1,2126.0,3121.0,2200.0,315.0,3060.0,26.0,945.0,2611.0,2041.0,26434.0,2026,2,1,22
72,286028,112,286029,188,3.0,2,1,2126.0,3121.0,2200.0,315.0,3060.0,26.0,945.0,2611.0,2041.0,26434.0,2026,2,1,22
72,286030,177,286031,20,3.0,6,1,19.0,550.0,1549.0,1443.0,146.0,157.0,156.0,197.0,4903.0,4896.0,2026,2,1,21
72,286030,177,286031,20,3.0,0,1,19.0,550.0,1549.0,1443.0,146.0,157.0,156.0,197.0,4903.0,4896.0,2026,2,1,21
72,286008,71,286009,196,3.0,2,0,416.0,881.0,3459.0,4048.0,1661.0,4710.0,965.0,3395.0,3397.0,1003.0,2026,2,1,18
72,286008,71,286009,196,3.0,6,1,416.0,881.0,3459.0,4048.0,1661.0,4710.0,965.0,3395.0,3397.0,1003.0,2026,2,1,18
72,286008,71,286009,196,3.0,1,0,416.0,881.0,3459.0,4048.0,1661.0,4710.0,965.0,3395.0,3397.0,1003.0,2026,2,1,18
72,286010,61,286011,19,3.0,6,0,625.0,628.0,1.0,26759.0,564.0,3248.0,1757.0,736.0,1316.0,3533.0,2026,2,1,18
72,286010,61,286011,19,3.0,5,1,625.0,628.0,1.0,26759.0,564.0,3248.0,1757.0,736.0,1316.0,3533.0,2026,2,1,18
72,286010,61,286011,19,3.0,4,1,625.0,628.0,1.0,26759.0,564.0,3248.0,1757.0,736.0,1316.0,3533.0,2026,2,1,18
72,286024,112,286025,63,3.0,3,1,2126.0,3121.0,2200.0,315.0,3060.0,28.0,704.0,692.0,6715.0,35.0,2026,2,1,16
72,286024,112,286025,63,3.0,4,1,2126.0,3121.0,2200.0,315.0,3060.0,28.0,704.0,692.0,6715.0,35.0,2026,2,1,16
72,286026,166,286027,188,3.0,1,0,656.0,3072.0,499.0,4011.0,18.0,26.0,945.0,2611.0,2041.0,26434.0,2026,2,1,16
72,286026,166,286027,188,3.0,2,0,656.0,3072.0,499.0,4011.0,18.0,26.0,945.0,2611.0,2041.0,26434.0,2026,2,1,16
72,286014,62,286015,19,3.0,6,0,6360.0,6252.0,8019.0,8469.0,4329.0,3248.0,1757.0,736.0,1316.0,3533.0,2026,2,0,21
72,286014,62,286015,19,3.0,4,1,6360.0,6252.0,8019.0,8469.0,4329.0,3248.0,1757.0,736.0,1316.0,3533.0,2026,2,0,21
72,286014,62,286015,19,3.0,5,0,6360.0,6252.0,8019.0,8469.0,4329.0,3248.0,1757.0,736.0,1316.0,3533.0,2026,2,0,21
72,286012,122,286013,61,3.0,4,0,1401.0,169.0,1834.0,2934.0,7201.0,625.0,628.0,1.0,26759.0,564.0,2026,2,0,21
72,286012,122,286013,61,3.0,2,0,1401.0,169.0,1834.0,2934.0,7201.0,625.0,628.0,1.0,26759.0,564.0,2026,2,0,21
72,286012,122,286013,61,3.0,3,1,1401.0,169.0,1834.0,2934.0,7201.0,625.0,628.0,1.0,26759.0,564.0,2026,2,0,21
72,286020,20,286021,63,3.0,5,1,44.0,163.0,927.0,7395.0,6617.0,28.0,704.0,692.0,6715.0,35.0,2026,2,0,18
72,286020,20,286021,63,3.0,0,0,44.0,163.0,927.0,7395.0,6617.0,28.0,704.0,692.0,6715.0,35.0,2026,2,0,18
72,286020,20,286021,63,3.0,2,0,44.0,163.0,927.0,7395.0,6617.0,28.0,704.0,692.0,6715.0,35.0,2026,2,0,18
72,286022,121,286023,188,3.0,2,0,746.0,31.0,3274.0,3032.0,530.0,26.0,945.0,2611.0,2041.0,26434.0,2026,2,0,18
72,286022,121,286023,188,3.0,0,1,746.0,31.0,3274.0,3032.0,530.0,26.0,945.0,2611.0,2041.0,26434.0,2026,2,0,18
72,286022,121,286023,188,3.0,3,0,746.0,31.0,3274.0,3032.0,530.0,26.0,945.0,2611.0,2041.0,26434.0,2026,2,0,18
72,286016,177,286017,186,3.0,2,1,19.0,550.0,1549.0,1443.0,146.0,656.0,3072.0,499.0,4011.0,18.0,2026,2,0,16
72,286016,177,286017,186,3.0,3,1,19.0,550.0,1549.0,1443.0,146.0,656.0,3072.0,499.0,4011.0,18.0,2026,2,0,16
72,286018,112,286019,20,3.0,3,0,2126.0,3121.0,2200.0,315.0,3060.0,157.0,156.0,197.0,4903.0,4896.0,2026,2,0,16
72,286018,112,286019,20,3.0,2,0,2126.0,3121.0,2200.0,315.0,3060.0,157.0,156.0,197.0,4903.0,4896.0,2026,2,0,16
72,286006,122,286007,196,3.0,2,0,1401.0,169.0,1834.0,2934.0,7201.0,4710.0,965.0,3395.0,3397.0,1003.0,2026,2,6,22
72,286006,122,286007,196,3.0,4,0,1401.0,169.0,1834.0,2934.0,7201.0,4710.0,965.0,3395.0,3397.0,1003.0,2026,2,6,22
72,286004,137,286005,19,3.0,2,1,2988.0,266.0,7528.0,6900.0,16113.0,3248.0,1757.0,736.0,1316.0,3533.0,2026,2,6,21
72,286004,137,286005,19,3.0,6,0,2988.0,266.0,7528.0,6900.0,16113.0,3248.0,1757.0,736.0,1316.0,3533.0,2026,2,6,21
72,286004,137,286005,19,3.0,0,0,2988.0,266.0,7528.0,6900.0,16113.0,3248.0,1757.0,736.0,1316.0,3533.0,2026,2,6,21
72,286002,61,286003,203,3.0,3,1,625.0,628.0,1.0,26759.0,564.0,3020.0,3192.0,4765.0,5827.0,8280.0,2026,2,6,19
72,286002,61,286003,203,3.0,4,0,625.0,628.0,1.0,26759.0,564.0,3020.0,3192.0,4765.0,5827.0,8280.0,2026,2,6,19
72,286002,61,286003,203,3.0,5,1,625.0,628.0,1.0,26759.0,564.0,3020.0,3192.0,4765.0,5827.0,8280.0,2026,2,6,19
72,286000,62,286001,73,3.0,4,1,6360.0,6252.0,8019.0,8469.0,4329.0,416.0,881.0,3459.0,4048.0,1661.0,2026,2,6,18
72,286000,62,286001,73,3.0,0,0,6360.0,6252.0,8019.0,8469.0,4329.0,416.0,881.0,3459.0,4048.0,1661.0,2026,2,6,18
72,286000,62,286001,73,3.0,2,0,6360.0,6252.0,8019.0,8469.0,4329.0,416.0,881.0,3459.0,4048.0,1661.0,2026,2,6,18
72,284614,17,284615,188,3.0,4,0,157.0,156.0,197.0,4903.0,4896.0,26.0,945.0,2611.0,2041.0,26434.0,2026,2,6,16
72,284614,17,284615,188,3.0,3,1,157.0,156.0,197.0,4903.0,4896.0,26.0,945.0,2611.0,2041.0,26434.0,2026,2,6,16
72,284614,17,284615,188,3.0,1,1,157.0,156.0,197.0,4903.0,4896.0,26.0,945.0,2611.0,2041.0,26434.0,2026,2,6,16
72,284612,112,284613,127,3.0,0,1,2126.0,3121.0,2200.0,315.0,3060.0,746.0,31.0,3274.0,3032.0,530.0,2026,2,6,16
72,284612,112,284613,127,3.0,2,1,2126.0,3121.0,2200.0,315.0,3060.0,746.0,31.0,3274.0,3032.0,530.0,2026,2,6,16
72,284608,177,284609,24,3.0,6,1,19.0,550.0,1549.0,1443.0,146.0,44.0,163.0,927.0,7395.0,6617.0,2026,1,5,22
72,284608,177,284609,24,3.0,2,1,19.0,550.0,1549.0,1443.0,146.0,44.0,163.0,927.0,7395.0,6617.0,2026,1,5,22
72,284610,166,284611,63,3.0,3,1,656.0,3072.0,499.0,4011.0,18.0,28.0,704.0,692.0,6715.0,35.0,2026,1,5,21
72,284610,166,284611,63,3.0,5,1,656.0,3072.0,499.0,4011.0,18.0,28.0,704.0,692.0,6715.0,35.0,2026,1,5,21
72,284606,16,284607,196,3.0,6,0,3248.0,1757.0,736.0,1316.0,3533.0,4710.0,965.0,3395.0,3397.0,1003.0,2026,1,5,19
72,284606,16,284607,196,3.0,2,0,3248.0,1757.0,736.0,1316.0,3533.0,4710.0,965.0,3395.0,3397.0,1003.0,2026,1,5,19
72,284600,61,284601,62,3.0,2,0,625.0,628.0,1.0,26759.0,564.0,6360.0,6252.0,8019.0,8469.0,4329.0,2026,1,5,18
72,284600,61,284601,62,3.0,4,0,625.0,628.0,1.0,26759.0,564.0,6360.0,6252.0,8019.0,8469.0,4329.0,2026,1,5,18
72,284604,122,284605,145,3.0,1,0,1401.0,169.0,1834.0,2934.0,7201.0,2988.0,266.0,7528.0,6900.0,16113.0,2026,1,5,16
72,284604,122,284605,145,3.0,0,1,1401.0,169.0,1834.0,2934.0,7201.0,2988.0,266.0,7528.0,6900.0,16113.0,2026,1,5,16
72,284604,122,284605,145,3.0,2,1,1401.0,169.0,1834.0,2934.0,7201.0,2988.0,266.0,7528.0,6900.0,16113.0,2026,1,5,16
72,284602,71,284603,203,3.0,0,1,416.0,881.0,3459.0,4048.0,1661.0,3020.0,3192.0,4765.0,5827.0,8280.0,2026,1,5,16
72,284602,71,284603,203,3.0,2,1,416.0,881.0,3459.0,4048.0,1661.0,3020.0,3192.0,4765.0,5827.0,8280.0,2026,1,5,16
72,285752,17,285753,227,3.0,4,1,157.0,156.0,197.0,4903.0,4896.0,690.0,1871.0,5620.0,887.0,1518.0,2026,1,4,19
72,285752,17,285753,227,3.0,6,1,157.0,156.0,197.0,4903.0,4896.0,690.0,1871.0,5620.0,887.0,1518.0,2026,1,4,19
72,285748,20,285749,135,3.0,5,1,44.0,163.0,927.0,7395.0,6617.0,3396.0,709.0,150.0,8252.0,20794.0,2026,1,4,18
72,285748,20,285749,135,3.0,2,1,44.0,163.0,927.0,7395.0,6617.0,3396.0,709.0,150.0,8252.0,20794.0,2026,1,4,18
72,285738,16,285739,127,3.0,4,0,3248.0,1757.0,736.0,1316.0,3533.0,746.0,31.0,3274.0,3032.0,530.0,2026,1,4,16
72,285738,16,285739,127,3.0,3,0,3248.0,1757.0,736.0,1316.0,3533.0,746.0,31.0,3274.0,3032.0,530.0,2026,1,4,16
72,285738,16,285739,127,3.0,6,1,3248.0,1757.0,736.0,1316.0,3533.0,746.0,31.0,3274.0,3032.0,530.0,2026,1,4,16
72,285730,75,285731,89,3.0,6,1,3246.0,143.0,6284.0,3314.0,6.0,3368.0,5364.0,2776.0,6470.0,4042.0,2026,1,4,16
72,285730,75,285731,89,3.0,4,1,3246.0,143.0,6284.0,3314.0,6.0,3368.0,5364.0,2776.0,6470.0,4042.0,2026,1,4,16
72,285742,107,285743,62,3.0,0,0,997.0,1165.0,6735.0,3447.0,3746.0,6360.0,6252.0,8019.0,8469.0,4329.0,2026,1,3,21
72,285742,107,285743,62,3.0,2,0,997.0,1165.0,6735.0,3447.0,3746.0,6360.0,6252.0,8019.0,8469.0,4329.0,2026,1,3,21
72,285734,168,285735,73,3.0,3,1,1958.0,5774.0,1548.0,2726.0,32.0,416.0,881.0,3459.0,4048.0,1661.0,2026,1,3,21
72,285734,168,285735,73,3.0,1,0,1958.0,5774.0,1548.0,2726.0,32.0,416.0,881.0,3459.0,4048.0,1661.0,2026,1,3,21
72,285734,168,285735,73,3.0,4,0,1958.0,5774.0,1548.0,2726.0,32.0,416.0,881.0,3459.0,4048.0,1661.0,2026,1,3,21
72,285736,20,285737,186,3.0,6,0,44.0,163.0,927.0,7395.0,6617.0,656.0,3072.0,499.0,4011.0,18.0,2026,1,3,18
72,285736,20,285737,186,3.0,1,0,44.0,163.0,927.0,7395.0,6617.0,656.0,3072.0,499.0,4011.0,18.0,2026,1,3,18
72,285740,127,285741,149,3.0,5,1,3396.0,709.0,150.0,8252.0,20794.0,540.0,472.0,532.0,6335.0,5298.0,2026,1,3,18
72,285740,127,285741,149,3.0,1,1,3396.0,709.0,150.0,8252.0,20794.0,540.0,472.0,532.0,6335.0,5298.0,2026,1,3,18
72,285740,127,285741,149,3.0,6,0,3396.0,709.0,150.0,8252.0,20794.0,540.0,472.0,532.0,6335.0,5298.0,2026,1,3,18
72,285728,17,285729,145,3.0,4,0,157.0,156.0,197.0,4903.0,4896.0,2988.0,266.0,7528.0,6900.0,16113.0,2026,1,3,16
72,285728,17,285729,145,3.0,1,1,157.0,156.0,197.0,4903.0,4896.0,2988.0,266.0,7528.0,6900.0,16113.0,2026,1,3,16
72,285728,17,285729,145,3.0,2,0,157.0,156.0,197.0,4903.0,4896.0,2988.0,266.0,7528.0,6900.0,16113.0,2026,1,3,16
72,285744,200,285745,22,3.0,4,1,690.0,1871.0,5620.0,887.0,1518.0,5502.0,25509.0,3490.0,7286.0,28192.0,2026,1,3,16
72,285744,200,285745,22,3.0,2,1,690.0,1871.0,5620.0,887.0,1518.0,5502.0,25509.0,3490.0,7286.0,28192.0,2026,1,3,16
72,284566,140,284567,73,3.0,4,0,540.0,472.0,532.0,6335.0,5298.0,416.0,881.0,3459.0,4048.0,1661.0,2026,1,2,22
72,284566,140,284567,73,3.0,6,1,540.0,472.0,532.0,6335.0,5298.0,416.0,881.0,3459.0,4048.0,1661.0,2026,1,2,22
72,284566,140,284567,73,3.0,2,0,540.0,472.0,532.0,6335.0,5298.0,416.0,881.0,3459.0,4048.0,1661.0,2026,1,2,22
72,284564,168,284565,135,3.0,4,1,1958.0,5774.0,1548.0,2726.0,32.0,3396.0,709.0,150.0,8252.0,20794.0,2026,1,2,20
72,284564,168,284565,135,3.0,5,1,1958.0,5774.0,1548.0,2726.0,32.0,3396.0,709.0,150.0,8252.0,20794.0,2026,1,2,20
72,284570,62,284571,186,3.0,1,0,6360.0,6252.0,8019.0,8469.0,4329.0,656.0,3072.0,499.0,4011.0,18.0,2026,1,2,18
72,284570,62,284571,186,3.0,0,1,6360.0,6252.0,8019.0,8469.0,4329.0,656.0,3072.0,499.0,4011.0,18.0,2026,1,2,18
72,284570,62,284571,186,3.0,2,0,6360.0,6252.0,8019.0,8469.0,4329.0,656.0,3072.0,499.0,4011.0,18.0,2026,1,2,18
72,284568,107,284569,24,3.0,3,0,997.0,1165.0,6735.0,3447.0,3746.0,44.0,163.0,927.0,7395.0,6617.0,2026,1,2,18
72,284568,107,284569,24,3.0,6,0,997.0,1165.0,6735.0,3447.0,3746.0,44.0,163.0,927.0,7395.0,6617.0,2026,1,2,18
72,284574,121,284575,22,3.0,4,1,746.0,31.0,3274.0,3032.0,530.0,5502.0,25509.0,3490.0,7286.0,28192.0,2026,1,2,16
72,284574,121,284575,22,3.0,3,1,746.0,31.0,3274.0,3032.0,530.0,5502.0,25509.0,3490.0,7286.0,28192.0,2026,1,2,16
72,284574,121,284575,22,3.0,2,0,746.0,31.0,3274.0,3032.0,530.0,5502.0,25509.0,3490.0,7286.0,28192.0,2026,1,2,16
72,284572,16,284573,227,3.0,6,1,3248.0,1757.0,736.0,1316.0,3533.0,690.0,1871.0,5620.0,887.0,1518.0,2026,1,2,15
72,284572,16,284573,227,3.0,2,1,3248.0,1757.0,736.0,1316.0,3533.0,690.0,1871.0,5620.0,887.0,1518.0,2026,1,2,15
72,284560,17,284561,79,3.0,2,1,157.0,156.0,197.0,4903.0,4896.0,3246.0,143.0,6284.0,3314.0,6.0,2026,1,2,13
72,284560,17,284561,79,3.0,5,1,157.0,156.0,197.0,4903.0,4896.0,3246.0,143.0,6284.0,3314.0,6.0,2026,1,2,13
72,284562,85,284563,145,3.0,0,0,3368.0,5364.0,2776.0,6470.0,4042.0,2988.0,266.0,7528.0,6900.0,16113.0,2026,1,2,13
72,284562,85,284563,145,3.0,2,1,3368.0,5364.0,2776.0,6470.0,4042.0,2988.0,266.0,7528.0,6900.0,16113.0,2026,1,2,13
72,284562,85,284563,145,3.0,3,0,3368.0,5364.0,2776.0,6470.0,4042.0,2988.0,266.0,7528.0,6900.0,16113.0,2026,1,2,13
5,284214,167,284215,145,5.0,2,0,26.0,945.0,2611.0,2041.0,28237.0,2988.0,266.0,7528.0,6900.0,16113.0,2026,1,6,18
5,284214,167,284215,145,5.0,3,0,26.0,945.0,2611.0,2041.0,28237.0,2988.0,266.0,7528.0,6900.0,16113.0,2026,1,6,18
5,284214,167,284215,145,5.0,4,0,26.0,945.0,2611.0,2041.0,28237.0,2988.0,266.0,7528.0,6900.0,16113.0,2026,1,6,18
5,285258,137,285259,61,3.0,3,1,2988.0,266.0,7528.0,6900.0,16113.0,625.0,628.0,1.0,26759.0,564.0,2026,1,5,21
5,285258,137,285259,61,3.0,4,1,2988.0,266.0,7528.0,6900.0,16113.0,625.0,628.0,1.0,26759.0,564.0,2026,1,5,21
5,285256,177,285257,188,3.0,3,0,19.0,550.0,1549.0,1443.0,146.0,26.0,945.0,2611.0,2041.0,28237.0,2026,1,5,18
5,285256,177,285257,188,3.0,1,1,19.0,550.0,1549.0,1443.0,146.0,26.0,945.0,2611.0,2041.0,28237.0,2026,1,5,18
5,285256,177,285257,188,3.0,4,0,19.0,550.0,1549.0,1443.0,146.0,26.0,945.0,2611.0,2041.0,28237.0,2026,1,5,18
5,284742,175,284743,145,3.0,4,0,4710.0,965.0,3395.0,3397.0,1003.0,2988.0,266.0,7528.0,6900.0,16113.0,2026,1,4,20
5,284742,175,284743,145,3.0,0,0,4710.0,965.0,3395.0,3397.0,1003.0,2988.0,266.0,7528.0,6900.0,16113.0,2026,1,4,20
5,284742,175,284743,145,3.0,6,1,4710.0,965.0,3395.0,3397.0,1003.0,2988.0,266.0,7528.0,6900.0,16113.0,2026,1,4,20
5,284740,177,284741,79,3.0,2,1,19.0,550.0,1549.0,1443.0,146.0,3246.0,143.0,6284.0,3314.0,6.0,2026,1,4,18
5,284740,177,284741,79,3.0,3,1,19.0,550.0,1549.0,1443.0,146.0,3246.0,143.0,6284.0,3314.0,6.0,2026,1,4,18
5,284736,61,284737,89,3.0,2,1,625.0,628.0,1.0,26759.0,564.0,2776.0,3368.0,6470.0,4042.0,5364.0,2026,1,3,21
5,284736,61,284737,89,3.0,5,1,625.0,628.0,1.0,26759.0,564.0,2776.0,3368.0,6470.0,4042.0,5364.0,2026,1,3,21
5,284736,61,284737,89,3.0,4,0,625.0,628.0,1.0,26759.0,564.0,2776.0,3368.0,6470.0,4042.0,5364.0,2026,1,3,21
5,284738,167,284739,189,3.0,2,1,26.0,945.0,2611.0,2041.0,28237.0,78.0,5774.0,1548.0,2726.0,32.0,2026,1,3,18
5,284738,167,284739,189,3.0,5,1,26.0,945.0,2611.0,2041.0,28237.0,78.0,5774.0,1548.0,2726.0,32.0,2026,1,3,18
79,284822,30,284823,82,3.0,6,0,2936.0,5420.0,457.0,3289.0,5057.0,773.0,772.0,1662.0,1394.0,4530.0,2026,1,4,23
79,284822,30,284823,82,3.0,5,0,2936.0,5420.0,457.0,3289.0,5057.0,773.0,772.0,1662.0,1394.0,4530.0,2026,1,4,23
79,284822,30,284823,82,3.0,4,1,2936.0,5420.0,457.0,3289.0,5057.0,773.0,772.0,1662.0,1394.0,4530.0,2026,1,4,23
79,284818,84,284819,33,3.0,6,1,5135.0,2091.0,25889.0,493.0,7929.0,2936.0,5420.0,457.0,3289.0,5057.0,2026,1,4,19
79,284818,84,284819,33,3.0,2,1,5135.0,2091.0,25889.0,493.0,7929.0,2936.0,5420.0,457.0,3289.0,5057.0,2026,1,4,19
79,284814,4,284815,140,3.0,5,1,436.0,3241.0,6721.0,3235.0,2814.0,8085.0,27035.0,7878.0,8087.0,28316.0,2026,1,3,23
79,284814,4,284815,140,3.0,0,0,436.0,3241.0,6721.0,3235.0,2814.0,8085.0,27035.0,7878.0,8087.0,28316.0,2026,1,3,23
79,284814,4,284815,140,3.0,2,1,436.0,3241.0,6721.0,3235.0,2814.0,8085.0,27035.0,7878.0,8087.0,28316.0,2026,1,3,23
79,284816,184,284817,82,3.0,4,0,2106.0,5297.0,26703.0,28275.0,20989.0,773.0,772.0,1662.0,1394.0,4530.0,2026,1,3,23
79,284812,77,284813,190,3.0,5,1,773.0,772.0,1662.0,1394.0,4530.0,1867.0,5310.0,7527.0,26918.0,26177.0,2026,1,3,20
79,284812,77,284813,190,3.0,0,1,773.0,772.0,1662.0,1394.0,4530.0,1867.0,5310.0,7527.0,26918.0,26177.0,2026,1,3,20
79,284810,52,284811,140,3.0,1,0,62.0,7495.0,4565.0,4080.0,3904.0,8085.0,27035.0,7878.0,8087.0,28316.0,2026,1,3,19
79,284810,52,284811,140,3.0,3,0,62.0,7495.0,4565.0,4080.0,3904.0,8085.0,27035.0,7878.0,8087.0,28316.0,2026,1,3,19
79,284810,52,284811,140,3.0,4,1,62.0,7495.0,4565.0,4080.0,3904.0,8085.0,27035.0,7878.0,8087.0,28316.0,2026,1,3,19
79,284798,4,284799,88,3.0,2,0,436.0,3241.0,6721.0,3235.0,2814.0,5135.0,2091.0,25889.0,493.0,7929.0,2026,1,3,19
79,284798,4,284799,88,3.0,6,0,436.0,3241.0,6721.0,3235.0,2814.0,5135.0,2091.0,25889.0,493.0,7929.0,2026,1,3,19
79,284800,30,284801,209,3.0,2,1,2936.0,5420.0,457.0,3289.0,5057.0,2106.0,5297.0,26703.0,28275.0,20989.0,2026,1,3,19
79,284802,52,284803,62,3.0,2,1,62.0,7495.0,4565.0,4080.0,3904.0,6360.0,6252.0,8019.0,8469.0,4329.0,2026,1,3,16
79,284802,52,284803,62,3.0,1,1,62.0,7495.0,4565.0,4080.0,3904.0,6360.0,6252.0,8019.0,8469.0,4329.0,2026,1,3,16
79,284804,101,284805,140,3.0,5,0,5509.0,291.0,6729.0,2731.0,716.0,8085.0,27035.0,7878.0,8087.0,28316.0,2026,1,3,16
79,284804,101,284805,140,3.0,0,0,5509.0,291.0,6729.0,2731.0,716.0,8085.0,27035.0,7878.0,8087.0,28316.0,2026,1,3,16
79,284806,77,284807,81,3.0,5,1,773.0,772.0,1662.0,1394.0,4530.0,6739.0,6022.0,20.0,2894.0,1486.0,2026,1,3,16
79,284806,77,284807,81,3.0,0,1,773.0,772.0,1662.0,1394.0,4530.0,6739.0,6022.0,20.0,2894.0,1486.0,2026,1,3,16
79,284808,24,284809,190,3.0,0,0,8359.0,7404.0,1824.0,26753.0,25535.0,1867.0,5310.0,7527.0,26918.0,26177.0,2026,1,3,16
79,284808,24,284809,190,3.0,5,1,8359.0,7404.0,1824.0,26753.0,25535.0,1867.0,5310.0,7527.0,26918.0,26177.0,2026,1,3,16
79,284808,24,284809,190,3.0,2,0,8359.0,7404.0,1824.0,26753.0,25535.0,1867.0,5310.0,7527.0,26918.0,26177.0,2026,1,3,16
79,284788,170,284789,24,3.0,5,0,1867.0,5310.0,7527.0,26918.0,26177.0,44.0,163.0,927.0,7395.0,6617.0,2026,1,3,1
79,284788,170,284789,24,3.0,0,1,1867.0,5310.0,7527.0,26918.0,26177.0,44.0,163.0,927.0,7395.0,6617.0,2026,1,3,1
79,284788,170,284789,24,3.0,3,1,1867.0,5310.0,7527.0,26918.0,26177.0,44.0,163.0,927.0,7395.0,6617.0,2026,1,3,1
79,284786,76,284787,68,3.0,1,0,6739.0,6022.0,20.0,2894.0,1486.0,65.0,1891.0,7082.0,8305.0,982.0,2026,1,3,1
79,284786,76,284787,68,3.0,2,1,6739.0,6022.0,20.0,2894.0,1486.0,65.0,1891.0,7082.0,8305.0,982.0,2026,1,3,1
79,284786,76,284787,68,3.0,0,1,6739.0,6022.0,20.0,2894.0,1486.0,65.0,1891.0,7082.0,8305.0,982.0,2026,1,3,1
79,284796,52,284797,209,3.0,5,1,62.0,7495.0,4565.0,4080.0,3904.0,2106.0,5297.0,26703.0,28275.0,20989.0,2026,1,2,23
79,284796,52,284797,209,3.0,4,0,62.0,7495.0,4565.0,4080.0,3904.0,2106.0,5297.0,26703.0,28275.0,20989.0,2026,1,2,23
79,284796,52,284797,209,3.0,1,0,62.0,7495.0,4565.0,4080.0,3904.0,2106.0,5297.0,26703.0,28275.0,20989.0,2026,1,2,23
79,284790,24,284791,5,3.0,0,0,8359.0,7404.0,1824.0,26753.0,25535.0,436.0,3241.0,6721.0,3235.0,2814.0,2026,1,2,23
79,284790,24,284791,5,3.0,5,1,8359.0,7404.0,1824.0,26753.0,25535.0,436.0,3241.0,6721.0,3235.0,2814.0,2026,1,2,23
79,284790,24,284791,5,3.0,2,0,8359.0,7404.0,1824.0,26753.0,25535.0,436.0,3241.0,6721.0,3235.0,2814.0,2026,1,2,23
79,284792,84,284793,82,3.0,1,1,5135.0,2091.0,25889.0,493.0,7929.0,773.0,772.0,1662.0,1394.0,4530.0,2026,1,2,22
79,284792,84,284793,82,3.0,0,1,5135.0,2091.0,25889.0,493.0,7929.0,773.0,772.0,1662.0,1394.0,4530.0,2026,1,2,22
79,284794,30,284795,106,3.0,5,0,2936.0,5420.0,457.0,3289.0,5057.0,5509.0,291.0,6729.0,2731.0,716.0,2026,1,2,22
79,284794,30,284795,106,3.0,1,1,2936.0,5420.0,457.0,3289.0,5057.0,5509.0,291.0,6729.0,2731.0,716.0,2026,1,2,22
79,284794,30,284795,106,3.0,4,1,2936.0,5420.0,457.0,3289.0,5057.0,5509.0,291.0,6729.0,2731.0,716.0,2026,1,2,22
79,284782,62,284783,105,3.0,4,1,6360.0,6252.0,8019.0,8469.0,4329.0,16114.0,16111.0,7785.0,25689.0,3334.0,2026,1,2,20
79,284782,62,284783,105,3.0,5,1,6360.0,6252.0,8019.0,8469.0,4329.0,16114.0,16111.0,7785.0,25689.0,3334.0,2026,1,2,20
79,284784,155,284785,140,3.0,0,0,6143.0,1343.0,1954.0,27356.0,27069.0,8085.0,27035.0,7878.0,8087.0,28316.0,2026,1,2,20
79,284784,155,284785,140,3.0,4,1,6143.0,1343.0,1954.0,27356.0,27069.0,8085.0,27035.0,7878.0,8087.0,28316.0,2026,1,2,20
79,284778,52,284779,190,3.0,0,0,62.0,7495.0,4565.0,4080.0,3904.0,1867.0,5310.0,7527.0,26918.0,26177.0,2026,1,2,17
79,284776,101,284777,68,3.0,0,1,5509.0,291.0,6729.0,2731.0,716.0,65.0,1891.0,7082.0,8305.0,982.0,2026,1,2,17
79,284776,101,284777,68,3.0,4,1,5509.0,291.0,6729.0,2731.0,716.0,65.0,1891.0,7082.0,8305.0,982.0,2026,1,2,17
79,284774,30,284775,81,3.0,2,1,2936.0,5420.0,457.0,3289.0,5057.0,6739.0,6022.0,20.0,2894.0,1486.0,2026,1,2,17
79,284774,30,284775,81,3.0,0,0,2936.0,5420.0,457.0,3289.0,5057.0,6739.0,6022.0,20.0,2894.0,1486.0,2026,1,2,17
79,284780,184,284781,24,3.0,2,1,2106.0,5297.0,26703.0,28275.0,20989.0,44.0,163.0,927.0,7395.0,6617.0,2026,1,2,17
79,284780,184,284781,24,3.0,1,1,2106.0,5297.0,26703.0,28275.0,20989.0,44.0,163.0,927.0,7395.0,6617.0,2026,1,2,17
79,284766,62,284767,28,3.0,6,0,6360.0,6252.0,8019.0,8469.0,4329.0,8359.0,7404.0,1824.0,26753.0,25535.0,2026,1,2,13
79,284766,62,284767,28,3.0,4,1,6360.0,6252.0,8019.0,8469.0,4329.0,8359.0,7404.0,1824.0,26753.0,25535.0,2026,1,2,13
79,284766,62,284767,28,3.0,0,0,6360.0,6252.0,8019.0,8469.0,4329.0,8359.0,7404.0,1824.0,26753.0,25535.0,2026,1,2,13
79,284768,4,284769,105,3.0,2,1,436.0,3241.0,6721.0,3235.0,2814.0,16114.0,16111.0,7785.0,25689.0,3334.0,2026,1,2,13
79,284768,4,284769,105,3.0,0,0,436.0,3241.0,6721.0,3235.0,2814.0,16114.0,16111.0,7785.0,25689.0,3334.0,2026,1,2,13
79,284768,4,284769,105,3.0,6,1,436.0,3241.0,6721.0,3235.0,2814.0,16114.0,16111.0,7785.0,25689.0,3334.0,2026,1,2,13
79,284770,84,284771,171,3.0,4,0,5135.0,2091.0,25889.0,493.0,7929.0,6143.0,1343.0,1954.0,27356.0,27069.0,2026,1,2,13
79,284770,84,284771,171,3.0,6,1,5135.0,2091.0,25889.0,493.0,7929.0,6143.0,1343.0,1954.0,27356.0,27069.0,2026,1,2,13
79,284770,84,284771,171,3.0,0,1,5135.0,2091.0,25889.0,493.0,7929.0,6143.0,1343.0,1954.0,27356.0,27069.0,2026,1,2,13
79,284772,132,284773,82,3.0,0,1,8085.0,27035.0,7878.0,8087.0,28316.0,773.0,772.0,1662.0,1394.0,4530.0,2026,1,2,13
79,284772,132,284773,82,3.0,3,0,8085.0,27035.0,7878.0,8087.0,28316.0,773.0,772.0,1662.0,1394.0,4530.0,2026,1,2,13
79,284772,132,284773,82,3.0,5,0,8085.0,27035.0,7878.0,8087.0,28316.0,773.0,772.0,1662.0,1394.0,4530.0,2026,1,2,13
6,284272,61,284273,62,3.0,2,1,625.0,628.0,1.0,26759.0,564.0,6360.0,6252.0,8019.0,8469.0,4329.0,2026,1,6,21
6,284272,61,284273,62,3.0,1,1,625.0,628.0,1.0,26759.0,564.0,6360.0,6252.0,8019.0,8469.0,4329.0,2026,1,6,21
6,284272,61,284273,62,3.0,6,0,625.0,628.0,1.0,26759.0,564.0,6360.0,6252.0,8019.0,8469.0,4329.0,2026,1,6,21
6,284270,52,284271,199,3.0,6,0,62.0,7495.0,4565.0,4080.0,3904.0,19.0,550.0,1549.0,1443.0,146.0,2026,1,6,18
6,284270,52,284271,199,3.0,1,0,62.0,7495.0,4565.0,4080.0,3904.0,19.0,550.0,1549.0,1443.0,146.0,2026,1,6,18
6,284268,93,284269,196,3.0,2,0,7774.0,26198.0,25560.0,2109.0,8304.0,4710.0,965.0,3395.0,3397.0,1003.0,2026,1,6,15
6,284268,93,284269,196,3.0,0,0,7774.0,26198.0,25560.0,2109.0,8304.0,4710.0,965.0,3395.0,3397.0,1003.0,2026,1,6,15
6,284266,137,284267,19,3.0,0,1,2988.0,266.0,7528.0,6900.0,16113.0,3248.0,1757.0,736.0,3533.0,1316.0,2026,1,6,14
6,284266,137,284267,19,3.0,2,1,2988.0,266.0,7528.0,6900.0,16113.0,3248.0,1757.0,736.0,3533.0,1316.0,2026,1,6,14
6,284264,117,284265,188,3.0,4,0,3596.0,2049.0,2063.0,5490.0,1098.0,26.0,945.0,2611.0,2041.0,26434.0,2026,1,5,22
6,284264,117,284265,188,3.0,5,0,3596.0,2049.0,2063.0,5490.0,1098.0,26.0,945.0,2611.0,2041.0,26434.0,2026,1,5,22
6,284262,75,284263,20,3.0,4,1,3246.0,143.0,6284.0,3314.0,6.0,157.0,156.0,197.0,4903.0,4896.0,2026,1,5,19
6,284262,75,284263,20,3.0,3,1,3246.0,143.0,6284.0,3314.0,6.0,157.0,156.0,197.0,4903.0,4896.0,2026,1,5,19
6,284262,75,284263,20,3.0,2,0,3246.0,143.0,6284.0,3314.0,6.0,157.0,156.0,197.0,4903.0,4896.0,2026,1,5,19
6,284260,77,284261,189,3.0,3,1,773.0,772.0,1662.0,1394.0,4530.0,78.0,5774.0,1548.0,2726.0,32.0,2026,1,5,16
6,284260,77,284261,189,3.0,5,0,773.0,772.0,1662.0,1394.0,4530.0,78.0,5774.0,1548.0,2726.0,32.0,2026,1,5,16
6,284260,77,284261,189,3.0,4,0,773.0,772.0,1662.0,1394.0,4530.0,78.0,5774.0,1548.0,2726.0,32.0,2026,1,5,16
6,284258,200,284259,89,3.0,4,0,690.0,1871.0,5620.0,1518.0,887.0,3368.0,5364.0,2776.0,6470.0,4042.0,2026,1,5,14
6,284258,200,284259,89,3.0,5,0,690.0,1871.0,5620.0,1518.0,887.0,3368.0,5364.0,2776.0,6470.0,4042.0,2026,1,5,14
6,283610,61,283611,5,3.0,1,1,625.0,628.0,1.0,26759.0,564.0,436.0,3241.0,6721.0,3235.0,2814.0,2026,1,4,20
6,283610,61,283611,5,3.0,3,1,625.0,628.0,1.0,26759.0,564.0,436.0,3241.0,6721.0,3235.0,2814.0,2026,1,4,20
6,283630,200,283631,33,3.0,5,1,690.0,1871.0,5620.0,1518.0,887.0,2936.0,5420.0,457.0,3289.0,5057.0,2026,1,4,18
6,283630,200,283631,33,3.0,4,1,690.0,1871.0,5620.0,1518.0,887.0,2936.0,5420.0,457.0,3289.0,5057.0,2026,1,4,18
6,283618,175,283619,176,3.0,5,1,4710.0,965.0,3395.0,3397.0,1003.0,1675.0,1673.0,8073.0,8126.0,4825.0,2026,1,4,15
6,283618,175,283619,176,3.0,4,1,4710.0,965.0,3395.0,3397.0,1003.0,1675.0,1673.0,8073.0,8126.0,4825.0,2026,1,4,15
6,283634,137,283635,50,3.0,6,1,2988.0,266.0,7528.0,6900.0,16113.0,607.0,5630.0,4010.0,994.0,3202.0,2026,1,4,13
6,283634,137,283635,50,3.0,1,1,2988.0,266.0,7528.0,6900.0,16113.0,607.0,5630.0,4010.0,994.0,3202.0,2026,1,4,13
6,283612,167,283613,49,3.0,3,1,26.0,945.0,2611.0,2041.0,26434.0,3384.0,7245.0,1091.0,2152.0,4600.0,2026,1,3,22
6,283612,167,283613,49,3.0,4,1,26.0,945.0,2611.0,2041.0,26434.0,3384.0,7245.0,1091.0,2152.0,4600.0,2026,1,3,22
6,283620,168,283621,135,3.0,4,0,78.0,5774.0,1548.0,2726.0,32.0,3396.0,709.0,150.0,8252.0,20794.0,2026,1,3,19
6,283620,168,283621,135,3.0,0,1,78.0,5774.0,1548.0,2726.0,32.0,3396.0,709.0,150.0,8252.0,20794.0,2026,1,3,19
6,283620,168,283621,135,3.0,5,1,78.0,5774.0,1548.0,2726.0,32.0,3396.0,709.0,150.0,8252.0,20794.0,2026,1,3,19
6,283628,166,283629,98,3.0,5,1,656.0,3072.0,499.0,4011.0,18.0,7774.0,26198.0,25560.0,2109.0,8304.0,2026,1,3,15
6,283628,166,283629,98,3.0,2,0,656.0,3072.0,499.0,4011.0,18.0,7774.0,26198.0,25560.0,2109.0,8304.0,2026,1,3,15
6,283628,166,283629,98,3.0,0,0,656.0,3072.0,499.0,4011.0,18.0,7774.0,26198.0,25560.0,2109.0,8304.0,2026,1,3,15
6,283636,77,283637,115,3.0,4,1,773.0,772.0,1662.0,1394.0,4530.0,845.0,1687.0,2810.0,2113.0,6030.0,2026,1,3,14
6,283636,77,283637,115,3.0,3,1,773.0,772.0,1662.0,1394.0,4530.0,845.0,1687.0,2810.0,2113.0,6030.0,2026,1,3,14
6,283614,177,283615,214,3.0,2,1,19.0,550.0,1549.0,1443.0,146.0,572.0,2785.0,612.0,27048.0,20792.0,2026,1,2,22
6,283614,177,283615,214,3.0,6,1,19.0,550.0,1549.0,1443.0,146.0,572.0,2785.0,612.0,27048.0,20792.0,2026,1,2,22
6,283622,122,283623,124,3.0,5,1,1401.0,169.0,1834.0,2934.0,7201.0,3596.0,2049.0,2063.0,5490.0,1098.0,2026,1,2,18
6,283622,122,283623,124,3.0,4,0,1401.0,169.0,1834.0,2934.0,7201.0,3596.0,2049.0,2063.0,5490.0,1098.0,2026,1,2,18
6,283622,122,283623,124,3.0,2,0,1401.0,169.0,1834.0,2934.0,7201.0,3596.0,2049.0,2063.0,5490.0,1098.0,2026,1,2,18
6,283626,85,283627,71,3.0,5,1,3368.0,5364.0,2776.0,6470.0,4042.0,5507.0,3137.0,1952.0,3233.0,6722.0,2026,1,2,17
6,283626,85,283627,71,3.0,4,1,3368.0,5364.0,2776.0,6470.0,4042.0,5507.0,3137.0,1952.0,3233.0,6722.0,2026,1,2,17
6,283638,75,283639,149,3.0,2,0,3246.0,143.0,6284.0,3314.0,6.0,540.0,472.0,532.0,6335.0,5298.0,2026,1,2,14
6,283638,75,283639,149,3.0,4,1,3246.0,143.0,6284.0,3314.0,6.0,540.0,472.0,532.0,6335.0,5298.0,2026,1,2,14
6,283638,75,283639,149,3.0,3,1,3246.0,143.0,6284.0,3314.0,6.0,540.0,472.0,532.0,6335.0,5298.0,2026,1,2,14
6,283616,17,283617,88,3.0,6,1,157.0,156.0,197.0,4903.0,4896.0,5135.0,2091.0,493.0,25889.0,7929.0,2026,1,1,22
6,283616,17,283617,88,3.0,4,1,157.0,156.0,197.0,4903.0,4896.0,5135.0,2091.0,493.0,25889.0,7929.0,2026,1,1,22
6,283624,16,283625,68,3.0,4,0,3248.0,1757.0,736.0,3533.0,1316.0,65.0,1891.0,7082.0,8305.0,982.0,2026,1,1,19
6,283624,16,283625,68,3.0,0,1,3248.0,1757.0,736.0,3533.0,1316.0,65.0,1891.0,7082.0,8305.0,982.0,2026,1,1,19
6,283624,16,283625,68,3.0,6,1,3248.0,1757.0,736.0,3533.0,1316.0,65.0,1891.0,7082.0,8305.0,982.0,2026,1,1,19
6,283632,63,283633,52,3.0,3,0,28.0,704.0,692.0,6715.0,35.0,62.0,7495.0,4565.0,4080.0,3904.0,2026,1,1,16
6,283632,63,283633,52,3.0,0,1,28.0,704.0,692.0,6715.0,35.0,62.0,7495.0,4565.0,4080.0,3904.0,2026,1,1,16
6,283632,63,283633,52,3.0,4,0,28.0,704.0,692.0,6715.0,35.0,62.0,7495.0,4565.0,4080.0,3904.0,2026,1,1,16
6,283640,62,283641,142,3.0,0,1,6360.0,6252.0,8019.0,8469.0,4329.0,4518.0,4275.0,3517.0,439.0,4065.0,2026,1,1,14
6,283640,62,283641,142,3.0,4,1,6360.0,6252.0,8019.0,8469.0,4329.0,4518.0,4275.0,3517.0,439.0,4065.0,2026,1,1,14
80,284586,187,284587,140,1.0,3,0,572.0,2785.0,612.0,27048.0,20792.0,8085.0,27035.0,7878.0,8087.0,28316.0,2026,1,5,20
107,281078,177,281079,63,5.0,5,0,19.0,550.0,1549.0,1443.0,146.0,28.0,704.0,692.0,6715.0,35.0,2025,12,6,20
107,281078,177,281079,63,5.0,3,1,19.0,550.0,1549.0,1443.0,146.0,28.0,704.0,692.0,6715.0,35.0,2025,12,6,20
107,281078,177,281079,63,5.0,2,1,19.0,550.0,1549.0,1443.0,146.0,28.0,704.0,692.0,6715.0,35.0,2025,12,6,20
107,281078,177,281079,63,5.0,6,1,19.0,550.0,1549.0,1443.0,146.0,28.0,704.0,692.0,6715.0,35.0,2025,12,6,20
107,282882,122,282883,63,3.0,0,1,1401.0,169.0,1834.0,2934.0,7201.0,28.0,704.0,692.0,6715.0,35.0,2025,12,5,23
107,282882,122,282883,63,3.0,3,0,1401.0,169.0,1834.0,2934.0,7201.0,28.0,704.0,692.0,6715.0,35.0,2025,12,5,23
107,282882,122,282883,63,3.0,5,0,1401.0,169.0,1834.0,2934.0,7201.0,28.0,704.0,692.0,6715.0,35.0,2025,12,5,23
107,282880,175,282881,199,3.0,2,0,295.0,4710.0,965.0,16113.0,3395.0,19.0,550.0,1549.0,1443.0,146.0,2025,12,5,19
107,282880,175,282881,199,3.0,4,0,295.0,4710.0,965.0,16113.0,3395.0,19.0,550.0,1549.0,1443.0,146.0,2025,12,5,19
107,282876,61,282877,128,3.0,4,0,625.0,628.0,1.0,26759.0,564.0,1401.0,169.0,1834.0,2934.0,7201.0,2025,12,4,22
107,282876,61,282877,128,3.0,3,1,625.0,628.0,1.0,26759.0,564.0,1401.0,169.0,1834.0,2934.0,7201.0,2025,12,4,22
107,282876,61,282877,128,3.0,7,0,625.0,628.0,1.0,26759.0,564.0,1401.0,169.0,1834.0,2934.0,7201.0,2025,12,4,22
107,282878,112,282879,63,3.0,5,0,2126.0,3121.0,2200.0,315.0,3060.0,28.0,704.0,692.0,6715.0,35.0,2025,12,4,19
107,282874,177,282875,203,3.0,4,1,19.0,550.0,1549.0,1443.0,146.0,3020.0,3192.0,4765.0,3524.0,5827.0,2025,12,3,22
107,282874,177,282875,203,3.0,2,1,19.0,550.0,1549.0,1443.0,146.0,3020.0,3192.0,4765.0,3524.0,5827.0,2025,12,3,22
107,282872,175,282873,188,3.0,2,1,295.0,4710.0,965.0,16113.0,3395.0,26.0,945.0,2611.0,2041.0,26434.0,2025,12,3,19
107,282872,175,282873,188,3.0,5,1,295.0,4710.0,965.0,16113.0,3395.0,26.0,945.0,2611.0,2041.0,26434.0,2025,12,3,19
107,282812,71,282813,188,3.0,3,0,416.0,881.0,3459.0,4048.0,1661.0,26.0,945.0,2611.0,2041.0,26434.0,2025,12,6,22
107,282812,71,282813,188,3.0,0,1,416.0,881.0,3459.0,4048.0,1661.0,26.0,945.0,2611.0,2041.0,26434.0,2025,12,6,22
107,282812,71,282813,188,3.0,2,0,416.0,881.0,3459.0,4048.0,1661.0,26.0,945.0,2611.0,2041.0,26434.0,2025,12,6,22
107,282810,63,282811,149,3.0,6,1,28.0,704.0,692.0,6715.0,35.0,540.0,472.0,532.0,6335.0,5298.0,2025,12,6,19
107,282810,63,282811,149,3.0,4,1,28.0,704.0,692.0,6715.0,35.0,540.0,472.0,532.0,6335.0,5298.0,2025,12,6,19
107,282808,18,282809,128,3.0,0,0,5502.0,25509.0,2799.0,3490.0,7286.0,1401.0,169.0,1834.0,2934.0,7201.0,2025,12,6,17
107,282808,18,282809,128,3.0,7,0,5502.0,25509.0,2799.0,3490.0,7286.0,1401.0,169.0,1834.0,2934.0,7201.0,2025,12,6,17
107,282778,71,282779,203,3.0,2,0,416.0,881.0,3459.0,4048.0,1661.0,3020.0,3192.0,4765.0,3524.0,5827.0,2025,12,5,23
107,282778,71,282779,203,3.0,0,0,416.0,881.0,3459.0,4048.0,1661.0,3020.0,3192.0,4765.0,3524.0,5827.0,2025,12,5,23
107,282780,166,282781,63,3.0,3,0,656.0,3072.0,499.0,4011.0,18.0,28.0,704.0,692.0,6715.0,35.0,2025,12,5,22
107,282780,166,282781,63,3.0,2,0,656.0,3072.0,499.0,4011.0,18.0,28.0,704.0,692.0,6715.0,35.0,2025,12,5,22
107,282776,140,282777,96,3.0,3,1,540.0,472.0,532.0,6335.0,5298.0,627.0,7944.0,1850.0,204.0,983.0,2025,12,5,19
107,282776,140,282777,96,3.0,2,1,540.0,472.0,532.0,6335.0,5298.0,627.0,7944.0,1850.0,204.0,983.0,2025,12,5,19
107,282774,112,282775,188,3.0,5,1,2126.0,3121.0,2200.0,315.0,3060.0,26.0,945.0,2611.0,2041.0,26434.0,2025,12,5,19
107,282774,112,282775,188,3.0,4,0,2126.0,3121.0,2200.0,315.0,3060.0,26.0,945.0,2611.0,2041.0,26434.0,2025,12,5,19
107,282774,112,282775,188,3.0,3,1,2126.0,3121.0,2200.0,315.0,3060.0,26.0,945.0,2611.0,2041.0,26434.0,2025,12,5,19
107,282770,122,282771,199,3.0,3,0,1401.0,169.0,1834.0,2934.0,7201.0,19.0,550.0,1549.0,1443.0,146.0,2025,12,5,17
107,282770,122,282771,199,3.0,7,0,1401.0,169.0,1834.0,2934.0,7201.0,19.0,550.0,1549.0,1443.0,146.0,2025,12,5,17
107,282772,18,282773,227,3.0,2,1,5502.0,25509.0,2799.0,3490.0,7286.0,690.0,1871.0,5620.0,1913.0,4393.0,2025,12,5,17
107,282772,18,282773,227,3.0,0,1,5502.0,25509.0,2799.0,3490.0,7286.0,690.0,1871.0,5620.0,1913.0,4393.0,2025,12,5,17
107,282764,61,282765,73,3.0,6,1,625.0,628.0,1.0,26759.0,564.0,416.0,881.0,3459.0,4048.0,1661.0,2025,12,4,22
107,282764,61,282765,73,3.0,3,1,625.0,628.0,1.0,26759.0,564.0,416.0,881.0,3459.0,4048.0,1661.0,2025,12,4,22
107,282766,166,282767,145,3.0,2,0,656.0,3072.0,499.0,4011.0,18.0,2988.0,266.0,7528.0,6900.0,4923.0,2025,12,4,21
107,282766,166,282767,145,3.0,3,1,656.0,3072.0,499.0,4011.0,18.0,2988.0,266.0,7528.0,6900.0,4923.0,2025,12,4,21
107,282766,166,282767,145,3.0,0,1,656.0,3072.0,499.0,4011.0,18.0,2988.0,266.0,7528.0,6900.0,4923.0,2025,12,4,21
107,282760,112,282761,196,3.0,6,0,2126.0,3121.0,2200.0,315.0,3060.0,295.0,4710.0,965.0,16113.0,3395.0,2025,12,4,19
107,282760,112,282761,196,3.0,4,0,2126.0,3121.0,2200.0,315.0,3060.0,295.0,4710.0,965.0,16113.0,3395.0,2025,12,4,19
107,282760,112,282761,196,3.0,7,1,2126.0,3121.0,2200.0,315.0,3060.0,295.0,4710.0,965.0,16113.0,3395.0,2025,12,4,19
107,282762,140,282763,189,3.0,4,1,540.0,472.0,532.0,6335.0,5298.0,78.0,5774.0,1548.0,2726.0,32.0,2025,12,4,18
107,282762,140,282763,189,3.0,7,1,540.0,472.0,532.0,6335.0,5298.0,78.0,5774.0,1548.0,2726.0,32.0,2025,12,4,18
107,282678,137,282679,128,1.0,0,0,2988.0,266.0,7528.0,6900.0,4923.0,1401.0,169.0,1834.0,2934.0,7201.0,2025,12,4,0
107,282676,61,282677,96,1.0,2,1,625.0,628.0,1.0,26759.0,564.0,627.0,7944.0,1850.0,204.0,983.0,2025,12,4,0
107,282674,168,282675,203,1.0,3,0,78.0,5774.0,1548.0,2726.0,32.0,3020.0,3192.0,4765.0,3524.0,5827.0,2025,12,3,22
107,282672,112,282673,22,1.0,6,1,2126.0,3121.0,2200.0,315.0,3060.0,5502.0,25509.0,2799.0,3490.0,7286.0,2025,12,3,22
107,282668,63,282669,196,1.0,2,0,28.0,704.0,692.0,6715.0,35.0,295.0,4710.0,965.0,16113.0,3395.0,2025,12,3,21
107,282670,140,282671,188,1.0,5,0,540.0,472.0,532.0,6335.0,5298.0,26.0,945.0,2611.0,2041.0,26434.0,2025,12,3,21
107,282666,166,282667,199,1.0,5,0,656.0,3072.0,499.0,4011.0,18.0,19.0,550.0,1549.0,1443.0,146.0,2025,12,3,21
107,282664,200,282665,73,1.0,2,0,690.0,1871.0,5620.0,1913.0,4393.0,416.0,881.0,3459.0,4048.0,1661.0,2025,12,3,20
107,282662,61,282663,128,1.0,5,1,625.0,628.0,1.0,26759.0,564.0,1401.0,169.0,1834.0,2934.0,7201.0,2025,12,3,19
107,282660,18,282661,188,1.0,0,1,5502.0,25509.0,2799.0,3490.0,7286.0,26.0,945.0,2611.0,2041.0,26434.0,2025,12,3,18
107,282658,177,282659,63,1.0,5,0,19.0,550.0,1549.0,1443.0,146.0,28.0,704.0,692.0,6715.0,35.0,2025,12,3,17
107,282654,140,282655,73,1.0,4,0,540.0,472.0,532.0,6335.0,5298.0,416.0,881.0,3459.0,4048.0,1661.0,2025,12,3,16
107,282652,175,282653,189,1.0,7,1,295.0,4710.0,965.0,16113.0,3395.0,78.0,5774.0,1548.0,2726.0,32.0,2025,12,3,16
107,282650,90,282651,203,1.0,2,1,627.0,7944.0,1850.0,204.0,983.0,3020.0,3192.0,4765.0,3524.0,5827.0,2025,12,3,15
107,282648,112,282649,145,1.0,6,1,2126.0,3121.0,2200.0,315.0,3060.0,2988.0,266.0,7528.0,6900.0,4923.0,2025,12,3,15
107,282474,127,282475,186,3.0,0,0,3396.0,3110.0,709.0,150.0,8252.0,656.0,3072.0,499.0,4011.0,18.0,2025,12,1,22
107,282474,127,282475,186,3.0,7,0,3396.0,3110.0,709.0,150.0,8252.0,656.0,3072.0,499.0,4011.0,18.0,2025,12,1,22
107,282472,168,282473,19,3.0,5,1,78.0,5774.0,1548.0,2726.0,32.0,11.0,3248.0,1757.0,736.0,41.0,2025,12,1,20
107,282472,168,282473,19,3.0,4,1,78.0,5774.0,1548.0,2726.0,32.0,11.0,3248.0,1757.0,736.0,41.0,2025,12,1,20
107,282470,140,282471,115,3.0,4,0,540.0,472.0,532.0,6335.0,5298.0,845.0,1687.0,2810.0,2113.0,1802.0,2025,12,1,17
107,282470,140,282471,115,3.0,3,1,540.0,472.0,532.0,6335.0,5298.0,845.0,1687.0,2810.0,2113.0,1802.0,2025,12,1,17
107,282470,140,282471,115,3.0,7,1,540.0,472.0,532.0,6335.0,5298.0,845.0,1687.0,2810.0,2113.0,1802.0,2025,12,1,17
107,282462,18,282463,186,3.0,0,1,5502.0,25509.0,2799.0,3490.0,7286.0,656.0,3072.0,499.0,4011.0,18.0,2025,12,0,23
107,282462,18,282463,186,3.0,7,0,5502.0,25509.0,2799.0,3490.0,7286.0,656.0,3072.0,499.0,4011.0,18.0,2025,12,0,23
107,282462,18,282463,186,3.0,2,1,5502.0,25509.0,2799.0,3490.0,7286.0,656.0,3072.0,499.0,4011.0,18.0,2025,12,0,23
107,282468,168,282469,183,3.0,0,0,78.0,5774.0,1548.0,2726.0,32.0,4400.0,6146.0,1151.0,3062.0,269.0,2025,12,0,22
107,282468,168,282469,183,3.0,7,1,78.0,5774.0,1548.0,2726.0,32.0,4400.0,6146.0,1151.0,3062.0,269.0,2025,12,0,22
107,282460,90,282461,115,3.0,2,0,627.0,7944.0,1850.0,204.0,983.0,845.0,1687.0,2810.0,2113.0,1802.0,2025,12,0,20
107,282460,90,282461,115,3.0,4,1,627.0,7944.0,1850.0,204.0,983.0,845.0,1687.0,2810.0,2113.0,1802.0,2025,12,0,20
107,282460,90,282461,115,3.0,7,1,627.0,7944.0,1850.0,204.0,983.0,845.0,1687.0,2810.0,2113.0,1802.0,2025,12,0,20
107,282466,17,282467,19,3.0,4,0,157.0,156.0,197.0,4903.0,6237.0,11.0,3248.0,1757.0,736.0,41.0,2025,12,0,19
107,282466,17,282467,19,3.0,7,0,157.0,156.0,197.0,4903.0,6237.0,11.0,3248.0,1757.0,736.0,41.0,2025,12,0,19
107,282466,17,282467,19,3.0,5,1,157.0,156.0,197.0,4903.0,6237.0,11.0,3248.0,1757.0,736.0,41.0,2025,12,0,19
107,282458,137,282459,135,3.0,2,1,2988.0,266.0,7528.0,6900.0,4923.0,3396.0,3110.0,709.0,150.0,8252.0,2025,12,0,17
107,282458,137,282459,135,3.0,7,1,2988.0,266.0,7528.0,6900.0,4923.0,3396.0,3110.0,709.0,150.0,8252.0,2025,12,0,17
107,282464,68,282465,149,3.0,6,0,65.0,495.0,1891.0,7082.0,8305.0,540.0,472.0,532.0,6335.0,5298.0,2025,12,0,17
107,282464,68,282465,149,3.0,3,0,65.0,495.0,1891.0,7082.0,8305.0,540.0,472.0,532.0,6335.0,5298.0,2025,12,0,17
107,282446,122,282447,22,3.0,4,1,1401.0,169.0,1834.0,2934.0,7201.0,5502.0,25509.0,2799.0,3490.0,7286.0,2025,11,6,22
107,282446,122,282447,22,3.0,7,1,1401.0,169.0,1834.0,2934.0,7201.0,5502.0,25509.0,2799.0,3490.0,7286.0,2025,11,6,22
107,282444,110,282445,189,3.0,4,0,216.0,4574.0,4498.0,7519.0,264.0,78.0,5774.0,1548.0,2726.0,32.0,2025,11,6,21
107,282444,110,282445,189,3.0,3,0,216.0,4574.0,4498.0,7519.0,264.0,78.0,5774.0,1548.0,2726.0,32.0,2025,11,6,21
107,282448,67,282449,19,3.0,4,0,272.0,1050.0,2989.0,1039.0,103.0,11.0,3248.0,1757.0,736.0,41.0,2025,11,6,19
107,282448,67,282449,19,3.0,6,0,272.0,1050.0,2989.0,1039.0,103.0,11.0,3248.0,1757.0,736.0,41.0,2025,11,6,19
107,282442,63,282443,135,3.0,5,1,28.0,704.0,692.0,6715.0,35.0,3396.0,3110.0,709.0,150.0,8252.0,2025,11,6,19
107,282442,63,282443,135,3.0,3,1,28.0,704.0,692.0,6715.0,35.0,3396.0,3110.0,709.0,150.0,8252.0,2025,11,6,19
107,282440,68,282441,96,1.0,2,0,65.0,495.0,1891.0,7082.0,8305.0,627.0,7944.0,1850.0,204.0,983.0,2025,11,6,18
107,282438,137,282439,20,1.0,6,1,2988.0,266.0,7528.0,6900.0,4923.0,157.0,156.0,197.0,4903.0,6237.0,2025,11,6,18
107,282436,164,282437,115,1.0,7,0,4400.0,6146.0,1151.0,3062.0,269.0,845.0,1687.0,2810.0,2113.0,1802.0,2025,11,6,17
107,282434,140,282435,186,1.0,7,0,540.0,472.0,532.0,6335.0,5298.0,656.0,3072.0,499.0,4011.0,18.0,2025,11,6,17
107,282420,168,282421,145,3.0,2,0,78.0,5774.0,1548.0,2726.0,32.0,2988.0,266.0,7528.0,6900.0,4923.0,2025,11,5,23
107,282416,18,282417,68,3.0,0,1,5502.0,25509.0,2799.0,3490.0,7286.0,65.0,495.0,1891.0,7082.0,8305.0,2025,11,5,23
107,282422,110,282423,149,3.0,4,0,216.0,4574.0,4498.0,7519.0,264.0,540.0,472.0,532.0,6335.0,5298.0,2025,11,5,22
107,282410,17,282411,63,3.0,2,0,157.0,156.0,197.0,4903.0,6237.0,28.0,704.0,692.0,6715.0,35.0,2025,11,5,22
107,282424,16,282425,115,3.0,0,0,11.0,3248.0,1757.0,736.0,41.0,845.0,1687.0,2810.0,2113.0,1802.0,2025,11,5,21
107,282412,122,282413,96,3.0,4,1,1401.0,169.0,1834.0,2934.0,7201.0,627.0,7944.0,1850.0,204.0,983.0,2025,11,5,21
107,282418,166,282419,67,3.0,3,1,656.0,3072.0,499.0,4011.0,18.0,272.0,1050.0,2989.0,1039.0,103.0,2025,11,5,20
107,282414,164,282415,135,3.0,5,0,4400.0,6146.0,1151.0,3062.0,269.0,3396.0,3110.0,709.0,150.0,8252.0,2025,11,5,20
107,282234,110,282235,96,1.0,5,0,216.0,4574.0,4498.0,7519.0,264.0,627.0,7944.0,1850.0,204.0,983.0,2025,11,5,18
107,282226,168,282227,22,1.0,4,0,78.0,5774.0,1548.0,2726.0,32.0,5502.0,25509.0,2799.0,3490.0,7286.0,2025,11,5,18
107,282224,122,282225,67,1.0,7,1,1401.0,169.0,1834.0,2934.0,7201.0,272.0,1050.0,2989.0,1039.0,103.0,2025,11,5,17
107,282222,17,282223,115,1.0,2,1,157.0,156.0,197.0,4903.0,6237.0,845.0,1687.0,2810.0,2113.0,1802.0,2025,11,5,17
107,282236,140,282237,63,1.0,2,0,540.0,472.0,532.0,6335.0,5298.0,28.0,704.0,692.0,6715.0,35.0,2025,11,5,16
107,282232,164,282233,145,1.0,4,1,4400.0,6146.0,1151.0,3062.0,269.0,2988.0,266.0,7528.0,6900.0,4923.0,2025,11,5,16
107,282180,137,282181,112,3.0,2,1,2988.0,266.0,7528.0,6900.0,4923.0,997.0,1165.0,6735.0,3447.0,3746.0,2025,11,3,22
107,282180,137,282181,112,3.0,3,0,2988.0,266.0,7528.0,6900.0,4923.0,997.0,1165.0,6735.0,3447.0,3746.0,2025,11,3,22
107,282180,137,282181,112,3.0,0,1,2988.0,266.0,7528.0,6900.0,4923.0,997.0,1165.0,6735.0,3447.0,3746.0,2025,11,3,22
107,282178,121,282179,96,3.0,7,0,82.0,2732.0,3274.0,3032.0,530.0,627.0,7944.0,1850.0,204.0,983.0,2025,11,3,20
107,282178,121,282179,96,3.0,5,0,82.0,2732.0,3274.0,3032.0,530.0,627.0,7944.0,1850.0,204.0,983.0,2025,11,3,20
107,282176,66,282177,63,3.0,4,0,2225.0,626.0,3445.0,3749.0,998.0,28.0,704.0,692.0,6715.0,35.0,2025,11,3,17
107,282176,66,282177,63,3.0,5,1,2225.0,626.0,3445.0,3749.0,998.0,28.0,704.0,692.0,6715.0,35.0,2025,11,3,17
107,282176,66,282177,63,3.0,3,0,2225.0,626.0,3445.0,3749.0,998.0,28.0,704.0,692.0,6715.0,35.0,2025,11,3,17
107,282160,137,282161,79,3.0,0,1,2988.0,266.0,7528.0,6900.0,4923.0,1199.0,3246.0,143.0,6284.0,3314.0,2025,11,2,22
107,282160,137,282161,79,3.0,6,1,2988.0,266.0,7528.0,6900.0,4923.0,1199.0,3246.0,143.0,6284.0,3314.0,2025,11,2,22
107,282156,90,282157,202,3.0,5,1,627.0,7944.0,1850.0,204.0,983.0,1912.0,2302.0,8280.0,3413.0,2276.0,2025,11,2,22
107,282156,90,282157,202,3.0,4,1,627.0,7944.0,1850.0,204.0,983.0,1912.0,2302.0,8280.0,3413.0,2276.0,2025,11,2,22
107,282152,121,282153,68,3.0,4,1,82.0,2732.0,3274.0,3032.0,530.0,65.0,495.0,1891.0,7082.0,8305.0,2025,11,2,19
107,282152,121,282153,68,3.0,3,0,82.0,2732.0,3274.0,3032.0,530.0,65.0,495.0,1891.0,7082.0,8305.0,2025,11,2,19
107,282152,121,282153,68,3.0,2,0,82.0,2732.0,3274.0,3032.0,530.0,65.0,495.0,1891.0,7082.0,8305.0,2025,11,2,19
107,282158,145,282159,63,3.0,3,0,5028.0,1507.0,2710.0,4516.0,4019.0,28.0,704.0,692.0,6715.0,35.0,2025,11,2,19
107,282158,145,282159,63,3.0,5,0,5028.0,1507.0,2710.0,4516.0,4019.0,28.0,704.0,692.0,6715.0,35.0,2025,11,2,19
107,282158,145,282159,63,3.0,4,1,5028.0,1507.0,2710.0,4516.0,4019.0,28.0,704.0,692.0,6715.0,35.0,2025,11,2,19
107,282150,66,282151,135,3.0,7,0,2225.0,626.0,3445.0,3749.0,998.0,3396.0,3110.0,709.0,150.0,8252.0,2025,11,2,17
107,282150,66,282151,135,3.0,5,0,2225.0,626.0,3445.0,3749.0,998.0,3396.0,3110.0,709.0,150.0,8252.0,2025,11,2,17
107,282154,18,282155,112,3.0,4,1,5502.0,25509.0,2799.0,3490.0,7286.0,997.0,1165.0,6735.0,3447.0,3746.0,2025,11,2,17
107,282154,18,282155,112,3.0,2,1,5502.0,25509.0,2799.0,3490.0,7286.0,997.0,1165.0,6735.0,3447.0,3746.0,2025,11,2,17
107,282146,180,282147,114,3.0,2,1,1912.0,2302.0,8280.0,3413.0,2276.0,1271.0,1270.0,7709.0,2159.0,7958.0,2025,11,1,21
107,282146,180,282147,114,3.0,0,1,1912.0,2302.0,8280.0,3413.0,2276.0,1271.0,1270.0,7709.0,2159.0,7958.0,2025,11,1,21
107,282148,109,282149,127,3.0,2,1,845.0,1687.0,2810.0,2113.0,1802.0,82.0,2732.0,3274.0,3032.0,530.0,2025,11,1,21
107,282148,109,282149,127,3.0,4,1,845.0,1687.0,2810.0,2113.0,1802.0,82.0,2732.0,3274.0,3032.0,530.0,2025,11,1,21
107,282144,67,282145,66,3.0,3,1,272.0,1050.0,2989.0,1039.0,103.0,2225.0,626.0,3445.0,3749.0,998.0,2025,11,1,19
107,282142,75,282143,161,3.0,3,1,1199.0,3246.0,143.0,6284.0,3314.0,268.0,3844.0,1730.0,6860.0,1153.0,2025,11,1,19
107,282142,75,282143,161,3.0,6,1,1199.0,3246.0,143.0,6284.0,3314.0,268.0,3844.0,1730.0,6860.0,1153.0,2025,11,1,19
107,282138,68,282139,96,1.0,7,1,65.0,495.0,1891.0,7082.0,8305.0,627.0,7944.0,1850.0,204.0,983.0,2025,11,1,18
107,282140,63,282141,135,1.0,6,0,28.0,704.0,692.0,6715.0,35.0,3396.0,3110.0,709.0,150.0,8252.0,2025,11,1,18
107,282134,107,282135,156,1.0,5,1,997.0,1165.0,6735.0,3447.0,3746.0,5028.0,1507.0,2710.0,4516.0,4019.0,2025,11,1,17
107,282136,18,282137,145,1.0,3,1,5502.0,25509.0,2799.0,3490.0,7286.0,2988.0,266.0,7528.0,6900.0,4923.0,2025,11,1,17
107,281800,63,281801,127,1.0,2,0,28.0,704.0,692.0,6715.0,35.0,82.0,2732.0,3274.0,3032.0,530.0,2025,11,1,2
107,281804,68,281805,66,1.0,7,0,65.0,495.0,1891.0,7082.0,8305.0,2225.0,626.0,3445.0,3749.0,998.0,2025,11,1,1
107,281806,127,281807,114,1.0,7,1,3396.0,3110.0,709.0,150.0,8252.0,1271.0,1270.0,7709.0,2159.0,7958.0,2025,11,1,1
107,281802,75,281803,156,1.0,7,0,1199.0,3246.0,143.0,6284.0,3314.0,5028.0,1507.0,2710.0,4516.0,4019.0,2025,11,1,0
107,281796,137,281797,115,1.0,4,0,2988.0,266.0,7528.0,6900.0,4923.0,845.0,1687.0,2810.0,2113.0,1802.0,2025,11,0,23
107,281798,18,281799,202,1.0,0,1,5502.0,25509.0,2799.0,3490.0,7286.0,1912.0,2302.0,8280.0,3413.0,2276.0,2025,11,0,23
107,281792,90,281793,67,1.0,3,0,627.0,7944.0,1850.0,204.0,983.0,272.0,1050.0,2989.0,1039.0,103.0,2025,11,0,22
107,281794,107,281795,161,1.0,2,1,997.0,1165.0,6735.0,3447.0,3746.0,268.0,3844.0,1730.0,6860.0,1153.0,2025,11,0,22
107,281146,68,281147,156,1.0,0,1,65.0,495.0,1891.0,7082.0,8305.0,5028.0,1507.0,2710.0,4516.0,4019.0,2025,11,0,18
107,281140,63,281141,114,1.0,5,1,28.0,704.0,692.0,6715.0,35.0,1271.0,1270.0,7709.0,2159.0,7958.0,2025,11,0,18
107,281144,75,281145,66,1.0,5,0,1199.0,3246.0,143.0,6284.0,3314.0,2225.0,626.0,3445.0,3749.0,998.0,2025,11,0,17
107,281150,127,281151,127,1.0,6,0,3396.0,3110.0,709.0,150.0,8252.0,82.0,2732.0,3274.0,3032.0,530.0,2025,11,0,17
107,281148,137,281149,202,1.0,4,1,2988.0,266.0,7528.0,6900.0,4923.0,1912.0,2302.0,8280.0,3413.0,2276.0,2025,11,0,16
107,281138,107,281139,67,1.0,7,0,997.0,1165.0,6735.0,3447.0,3746.0,272.0,1050.0,2989.0,1039.0,103.0,2025,11,0,16
107,281152,90,281153,161,1.0,2,1,627.0,7944.0,1850.0,204.0,983.0,268.0,3844.0,1730.0,6860.0,1153.0,2025,11,0,15
107,281142,18,281143,115,1.0,4,0,5502.0,25509.0,2799.0,3490.0,7286.0,845.0,1687.0,2810.0,2113.0,1802.0,2025,11,0,15
22,281480,61,281481,188,5.0,7,1,625.0,628.0,1.0,26759.0,564.0,26.0,945.0,2611.0,2041.0,26434.0,2025,11,6,11
22,281480,61,281481,188,5.0,5,1,625.0,628.0,1.0,26759.0,564.0,26.0,945.0,2611.0,2041.0,26434.0,2025,11,6,11
22,281480,61,281481,188,5.0,3,0,625.0,628.0,1.0,26759.0,564.0,26.0,945.0,2611.0,2041.0,26434.0,2025,11,6,11
22,281480,61,281481,188,5.0,4,1,625.0,628.0,1.0,26759.0,564.0,26.0,945.0,2611.0,2041.0,26434.0,2025,11,6,11
22,281478,167,281479,199,3.0,3,1,26.0,945.0,2611.0,2041.0,26434.0,19.0,550.0,1549.0,1443.0,146.0,2025,11,5,13
22,281478,167,281479,199,3.0,5,1,26.0,945.0,2611.0,2041.0,26434.0,19.0,550.0,1549.0,1443.0,146.0,2025,11,5,13
22,281476,61,281477,227,3.0,6,1,625.0,628.0,1.0,26759.0,564.0,690.0,1871.0,5620.0,1913.0,4393.0,2025,11,5,10
22,281476,61,281477,227,3.0,5,1,625.0,628.0,1.0,26759.0,564.0,690.0,1871.0,5620.0,1913.0,4393.0,2025,11,5,10
22,281474,177,281475,196,3.0,5,1,19.0,550.0,1549.0,1443.0,146.0,295.0,4710.0,965.0,16113.0,3395.0,2025,11,4,13
22,281474,177,281475,196,3.0,2,0,19.0,550.0,1549.0,1443.0,146.0,295.0,4710.0,965.0,16113.0,3395.0,2025,11,4,13
22,281474,177,281475,196,3.0,4,1,19.0,550.0,1549.0,1443.0,146.0,295.0,4710.0,965.0,16113.0,3395.0,2025,11,4,13
22,281472,140,281473,227,3.0,3,0,540.0,472.0,532.0,6335.0,5298.0,690.0,1871.0,5620.0,1913.0,4393.0,2025,11,4,11
22,281472,140,281473,227,3.0,5,0,540.0,472.0,532.0,6335.0,5298.0,690.0,1871.0,5620.0,1913.0,4393.0,2025,11,4,11
22,281470,61,281471,199,3.0,6,0,625.0,628.0,1.0,26759.0,564.0,19.0,550.0,1549.0,1443.0,146.0,2025,11,3,13
22,281470,61,281471,199,3.0,3,1,625.0,628.0,1.0,26759.0,564.0,19.0,550.0,1549.0,1443.0,146.0,2025,11,3,13
22,281470,61,281471,199,3.0,5,1,625.0,628.0,1.0,26759.0,564.0,19.0,550.0,1549.0,1443.0,146.0,2025,11,3,13
22,281468,200,281469,183,3.0,6,1,690.0,1871.0,5620.0,1913.0,4393.0,269.0,1151.0,6146.0,4400.0,3062.0,2025,11,3,9
22,281468,200,281469,183,3.0,0,0,690.0,1871.0,5620.0,1913.0,4393.0,269.0,1151.0,6146.0,4400.0,3062.0,2025,11,3,9
22,281468,200,281469,183,3.0,5,1,690.0,1871.0,5620.0,1913.0,4393.0,269.0,1151.0,6146.0,4400.0,3062.0,2025,11,3,9
22,281466,140,281467,188,3.0,4,0,540.0,472.0,532.0,6335.0,5298.0,26.0,945.0,2611.0,2041.0,26434.0,2025,11,3,7
22,281466,140,281467,188,3.0,7,0,540.0,472.0,532.0,6335.0,5298.0,26.0,945.0,2611.0,2041.0,26434.0,2025,11,3,7
22,281464,181,281465,196,3.0,0,0,3020.0,3192.0,4765.0,3524.0,5827.0,295.0,4710.0,965.0,16113.0,3395.0,2025,11,3,5
22,281464,181,281465,196,3.0,2,0,3020.0,3192.0,4765.0,3524.0,5827.0,295.0,4710.0,965.0,16113.0,3395.0,2025,11,3,5
22,280636,177,280637,183,3.0,3,1,19.0,550.0,1549.0,1443.0,146.0,269.0,1151.0,6146.0,4400.0,3062.0,2025,11,2,14
22,280636,177,280637,183,3.0,5,0,19.0,550.0,1549.0,1443.0,146.0,269.0,1151.0,6146.0,4400.0,3062.0,2025,11,2,14
22,280636,177,280637,183,3.0,6,1,19.0,550.0,1549.0,1443.0,146.0,269.0,1151.0,6146.0,4400.0,3062.0,2025,11,2,14
22,280634,61,280635,227,3.0,4,1,625.0,628.0,1.0,26759.0,564.0,690.0,1871.0,5620.0,1913.0,4393.0,2025,11,2,11
22,280634,61,280635,227,3.0,6,1,625.0,628.0,1.0,26759.0,564.0,690.0,1871.0,5620.0,1913.0,4393.0,2025,11,2,11
22,280634,61,280635,227,3.0,5,0,625.0,628.0,1.0,26759.0,564.0,690.0,1871.0,5620.0,1913.0,4393.0,2025,11,2,11
22,280632,175,280633,188,3.0,5,0,295.0,4710.0,965.0,16113.0,3395.0,26.0,945.0,2611.0,2041.0,26434.0,2025,11,2,8
22,280632,175,280633,188,3.0,2,0,295.0,4710.0,965.0,16113.0,3395.0,26.0,945.0,2611.0,2041.0,26434.0,2025,11,2,8
22,280630,181,280631,149,3.0,6,1,3020.0,3192.0,4765.0,3524.0,5827.0,540.0,472.0,532.0,6335.0,5298.0,2025,11,2,5
22,280630,181,280631,149,3.0,3,0,3020.0,3192.0,4765.0,3524.0,5827.0,540.0,472.0,532.0,6335.0,5298.0,2025,11,2,5
22,280630,181,280631,149,3.0,5,0,3020.0,3192.0,4765.0,3524.0,5827.0,540.0,472.0,532.0,6335.0,5298.0,2025,11,2,5
62,281088,61,281089,199,5.0,3,1,625.0,628.0,1.0,26759.0,564.0,19.0,550.0,1549.0,1443.0,146.0,2025,11,6,11
62,281088,61,281089,199,5.0,0,1,625.0,628.0,1.0,26759.0,564.0,19.0,550.0,1549.0,1443.0,146.0,2025,11,6,11
62,281088,61,281089,199,5.0,6,1,625.0,628.0,1.0,26759.0,564.0,19.0,550.0,1549.0,1443.0,146.0,2025,11,6,11
62,281090,112,281091,188,3.0,3,1,2126.0,3121.0,2200.0,315.0,3060.0,26.0,945.0,2611.0,2041.0,26434.0,2025,11,6,7
62,281090,112,281091,188,3.0,4,0,2126.0,3121.0,2200.0,315.0,3060.0,26.0,945.0,2611.0,2041.0,26434.0,2025,11,6,7
62,281090,112,281091,188,3.0,0,0,2126.0,3121.0,2200.0,315.0,3060.0,26.0,945.0,2611.0,2041.0,26434.0,2025,11,6,7
62,281084,167,281085,61,3.0,3,0,26.0,945.0,2611.0,2041.0,26434.0,625.0,628.0,1.0,26759.0,564.0,2025,11,5,13
62,281084,167,281085,61,3.0,4,0,26.0,945.0,2611.0,2041.0,26434.0,625.0,628.0,1.0,26759.0,564.0,2025,11,5,13
62,281086,112,281087,199,3.0,7,1,2126.0,3121.0,2200.0,315.0,3060.0,19.0,550.0,1549.0,1443.0,146.0,2025,11,5,9
62,281086,112,281087,199,3.0,5,0,2126.0,3121.0,2200.0,315.0,3060.0,19.0,550.0,1549.0,1443.0,146.0,2025,11,5,9
62,281086,112,281087,199,3.0,3,0,2126.0,3121.0,2200.0,315.0,3060.0,19.0,550.0,1549.0,1443.0,146.0,2025,11,5,9
62,281080,61,281081,203,3.0,6,1,625.0,628.0,1.0,26759.0,564.0,3020.0,3192.0,4765.0,3524.0,5827.0,2025,11,4,13
62,281080,61,281081,203,3.0,4,1,625.0,628.0,1.0,26759.0,564.0,3020.0,3192.0,4765.0,3524.0,5827.0,2025,11,4,13
62,281082,16,281083,199,3.0,5,1,11.0,3248.0,1757.0,41.0,736.0,19.0,550.0,1549.0,1443.0,146.0,2025,11,4,9
62,281082,16,281083,199,3.0,4,0,11.0,3248.0,1757.0,41.0,736.0,19.0,550.0,1549.0,1443.0,146.0,2025,11,4,9
62,281082,16,281083,199,3.0,3,0,11.0,3248.0,1757.0,41.0,736.0,19.0,550.0,1549.0,1443.0,146.0,2025,11,4,9
62,280954,175,280955,203,3.0,0,1,295.0,3395.0,4710.0,965.0,16113.0,3020.0,3192.0,4765.0,3524.0,5827.0,2025,11,2,14
62,280954,175,280955,203,3.0,4,0,295.0,3395.0,4710.0,965.0,16113.0,3020.0,3192.0,4765.0,3524.0,5827.0,2025,11,2,14
62,280954,175,280955,203,3.0,2,0,295.0,3395.0,4710.0,965.0,16113.0,3020.0,3192.0,4765.0,3524.0,5827.0,2025,11,2,14
62,280948,16,280949,188,3.0,5,0,11.0,3248.0,1757.0,41.0,736.0,26.0,945.0,2611.0,2041.0,26434.0,2025,11,2,14
62,280948,16,280949,188,3.0,4,0,11.0,3248.0,1757.0,41.0,736.0,26.0,945.0,2611.0,2041.0,26434.0,2025,11,2,14
62,280970,177,280971,73,3.0,4,1,19.0,550.0,1549.0,1443.0,146.0,981.0,881.0,3459.0,4048.0,1661.0,2025,11,2,11
62,280970,177,280971,73,3.0,7,1,19.0,550.0,1549.0,1443.0,146.0,981.0,881.0,3459.0,4048.0,1661.0,2025,11,2,11
62,280968,61,280969,118,3.0,3,0,625.0,628.0,1.0,26759.0,564.0,2126.0,3121.0,2200.0,315.0,3060.0,2025,11,2,11
62,280968,61,280969,118,3.0,6,1,625.0,628.0,1.0,26759.0,564.0,2126.0,3121.0,2200.0,315.0,3060.0,2025,11,2,11
62,280968,61,280969,118,3.0,7,0,625.0,628.0,1.0,26759.0,564.0,2126.0,3121.0,2200.0,315.0,3060.0,2025,11,2,11
62,280952,181,280953,227,3.0,5,0,3020.0,3192.0,4765.0,3524.0,5827.0,690.0,1871.0,5620.0,1913.0,4393.0,2025,11,2,8
62,280952,181,280953,227,3.0,3,1,3020.0,3192.0,4765.0,3524.0,5827.0,690.0,1871.0,5620.0,1913.0,4393.0,2025,11,2,8
62,280952,181,280953,227,3.0,0,1,3020.0,3192.0,4765.0,3524.0,5827.0,690.0,1871.0,5620.0,1913.0,4393.0,2025,11,2,8
62,280950,175,280951,89,3.0,2,1,295.0,3395.0,4710.0,965.0,16113.0,1451.0,5364.0,2776.0,3368.0,26127.0,2025,11,2,7
62,280950,175,280951,89,3.0,6,0,295.0,3395.0,4710.0,965.0,16113.0,1451.0,5364.0,2776.0,3368.0,26127.0,2025,11,2,7
62,280950,175,280951,89,3.0,0,1,295.0,3395.0,4710.0,965.0,16113.0,1451.0,5364.0,2776.0,3368.0,26127.0,2025,11,2,7
62,280962,177,280963,114,3.0,5,1,19.0,550.0,1549.0,1443.0,146.0,1271.0,1270.0,7709.0,2159.0,7958.0,2025,11,2,5
62,280962,177,280963,114,3.0,2,1,19.0,550.0,1549.0,1443.0,146.0,1271.0,1270.0,7709.0,2159.0,7958.0,2025,11,2,5
62,280964,71,280965,214,3.0,2,1,416.0,881.0,3459.0,4048.0,1661.0,572.0,2785.0,20792.0,27048.0,612.0,2025,11,2,5
62,280964,71,280965,214,3.0,3,1,416.0,881.0,3459.0,4048.0,1661.0,572.0,2785.0,20792.0,27048.0,612.0,2025,11,2,5
62,280964,71,280965,214,3.0,6,0,416.0,881.0,3459.0,4048.0,1661.0,572.0,2785.0,20792.0,27048.0,612.0,2025,11,2,5
62,280940,167,280941,196,3.0,2,1,26.0,945.0,2611.0,2041.0,26434.0,295.0,3395.0,4710.0,965.0,16113.0,2025,11,1,14
62,280940,167,280941,196,3.0,0,1,26.0,945.0,2611.0,2041.0,26434.0,295.0,3395.0,4710.0,965.0,16113.0,2025,11,1,14
62,280942,164,280943,227,3.0,5,0,4400.0,6146.0,1151.0,3062.0,269.0,690.0,1871.0,5620.0,1913.0,4393.0,2025,11,1,13
62,280942,164,280943,227,3.0,3,0,4400.0,6146.0,1151.0,3062.0,269.0,690.0,1871.0,5620.0,1913.0,4393.0,2025,11,1,13
62,280944,181,280945,19,3.0,3,0,3020.0,3192.0,4765.0,3524.0,5827.0,11.0,3248.0,1757.0,41.0,736.0,2025,11,1,12
62,280944,181,280945,19,3.0,5,0,3020.0,3192.0,4765.0,3524.0,5827.0,11.0,3248.0,1757.0,41.0,736.0,2025,11,1,12
62,280946,85,280947,128,3.0,5,0,1451.0,5364.0,2776.0,3368.0,26127.0,1401.0,169.0,1834.0,2934.0,7201.0,2025,11,1,10
62,280946,85,280947,128,3.0,0,1,1451.0,5364.0,2776.0,3368.0,26127.0,1401.0,169.0,1834.0,2934.0,7201.0,2025,11,1,10
62,280946,85,280947,128,3.0,3,1,1451.0,5364.0,2776.0,3368.0,26127.0,1401.0,169.0,1834.0,2934.0,7201.0,2025,11,1,10
62,280966,112,280967,199,3.0,7,1,2126.0,3121.0,2200.0,315.0,3060.0,19.0,550.0,1549.0,1443.0,146.0,2025,11,1,8
62,280966,112,280967,199,3.0,5,0,2126.0,3121.0,2200.0,315.0,3060.0,19.0,550.0,1549.0,1443.0,146.0,2025,11,1,8
62,280966,112,280967,199,3.0,3,1,2126.0,3121.0,2200.0,315.0,3060.0,19.0,550.0,1549.0,1443.0,146.0,2025,11,1,8
62,280960,63,280961,214,3.0,6,1,35.0,28.0,704.0,692.0,6715.0,572.0,2785.0,20792.0,27048.0,612.0,2025,11,1,7
62,280960,63,280961,214,3.0,3,0,35.0,28.0,704.0,692.0,6715.0,572.0,2785.0,20792.0,27048.0,612.0,2025,11,1,7
62,280960,63,280961,214,3.0,4,0,35.0,28.0,704.0,692.0,6715.0,572.0,2785.0,20792.0,27048.0,612.0,2025,11,1,7
62,280956,61,280957,73,3.0,6,1,625.0,628.0,1.0,26759.0,564.0,416.0,881.0,3459.0,4048.0,1661.0,2025,11,1,5
62,280956,61,280957,73,3.0,7,1,625.0,628.0,1.0,26759.0,564.0,416.0,881.0,3459.0,4048.0,1661.0,2025,11,1,5
62,280958,108,280959,186,3.0,7,1,1271.0,1270.0,7709.0,2159.0,7958.0,656.0,3072.0,499.0,4011.0,18.0,2025,11,1,5
62,280958,108,280959,186,3.0,3,0,1271.0,1270.0,7709.0,2159.0,7958.0,656.0,3072.0,499.0,4011.0,18.0,2025,11,1,5
62,280958,108,280959,186,3.0,2,1,1271.0,1270.0,7709.0,2159.0,7958.0,656.0,3072.0,499.0,4011.0,18.0,2025,11,1,5
62,280556,200,280557,196,3.0,0,0,690.0,1871.0,5620.0,1913.0,4393.0,295.0,3395.0,4710.0,965.0,16113.0,2025,11,0,13
62,280554,16,280555,128,3.0,3,1,11.0,3248.0,1757.0,41.0,736.0,1401.0,169.0,1834.0,2934.0,7201.0,2025,11,0,12
62,280554,16,280555,128,3.0,4,0,11.0,3248.0,1757.0,41.0,736.0,1401.0,169.0,1834.0,2934.0,7201.0,2025,11,0,12
62,280554,16,280555,128,3.0,5,1,11.0,3248.0,1757.0,41.0,736.0,1401.0,169.0,1834.0,2934.0,7201.0,2025,11,0,12
62,280564,71,280565,186,3.0,7,1,416.0,881.0,3459.0,4048.0,1661.0,656.0,3072.0,499.0,4011.0,18.0,2025,11,0,10
62,280564,71,280565,186,3.0,3,1,416.0,881.0,3459.0,4048.0,1661.0,656.0,3072.0,499.0,4011.0,18.0,2025,11,0,10
62,280552,181,280553,89,3.0,0,1,3020.0,3192.0,4765.0,3524.0,5827.0,1451.0,5364.0,2776.0,3368.0,26127.0,2025,11,0,10
62,280552,181,280553,89,3.0,6,0,3020.0,3192.0,4765.0,3524.0,5827.0,1451.0,5364.0,2776.0,3368.0,26127.0,2025,11,0,10
62,280552,181,280553,89,3.0,3,1,3020.0,3192.0,4765.0,3524.0,5827.0,1451.0,5364.0,2776.0,3368.0,26127.0,2025,11,0,10
62,280560,112,280561,63,3.0,0,1,2126.0,3121.0,2200.0,315.0,3060.0,35.0,28.0,704.0,692.0,6715.0,2025,11,0,7
62,280560,112,280561,63,3.0,3,1,2126.0,3121.0,2200.0,315.0,3060.0,35.0,28.0,704.0,692.0,6715.0,2025,11,0,7
62,280550,164,280551,188,3.0,0,0,4400.0,6146.0,1151.0,3062.0,269.0,26.0,945.0,2611.0,2041.0,26434.0,2025,11,0,5
62,280550,164,280551,188,3.0,3,0,4400.0,6146.0,1151.0,3062.0,269.0,26.0,945.0,2611.0,2041.0,26434.0,2025,11,0,5
62,280558,61,280559,114,3.0,2,1,625.0,628.0,1.0,26759.0,564.0,1271.0,1270.0,7709.0,2159.0,7958.0,2025,11,0,5
62,280558,61,280559,114,3.0,6,1,625.0,628.0,1.0,26759.0,564.0,1271.0,1270.0,7709.0,2159.0,7958.0,2025,11,0,5
98,280800,17,280801,112,5.0,4,1,157.0,156.0,197.0,4903.0,6237.0,997.0,1165.0,6735.0,3447.0,3746.0,2025,11,5,15
98,280800,17,280801,112,5.0,3,0,157.0,156.0,197.0,4903.0,6237.0,997.0,1165.0,6735.0,3447.0,3746.0,2025,11,5,15
98,280800,17,280801,112,5.0,2,1,157.0,156.0,197.0,4903.0,6237.0,997.0,1165.0,6735.0,3447.0,3746.0,2025,11,5,15
98,280800,17,280801,112,5.0,7,0,157.0,156.0,197.0,4903.0,6237.0,997.0,1165.0,6735.0,3447.0,3746.0,2025,11,5,15
98,280798,75,280799,169,3.0,6,1,1199.0,3246.0,143.0,6284.0,3314.0,3112.0,927.0,3513.0,6617.0,7395.0,2025,11,5,12
98,280798,75,280799,169,3.0,3,0,1199.0,3246.0,143.0,6284.0,3314.0,3112.0,927.0,3513.0,6617.0,7395.0,2025,11,5,12
98,280798,75,280799,169,3.0,5,0,1199.0,3246.0,143.0,6284.0,3314.0,3112.0,927.0,3513.0,6617.0,7395.0,2025,11,5,12
98,280796,107,280797,169,3.0,0,1,997.0,1165.0,6735.0,3447.0,3746.0,3112.0,927.0,3513.0,6617.0,7395.0,2025,10,4,20
98,280796,107,280797,169,3.0,5,1,997.0,1165.0,6735.0,3447.0,3746.0,3112.0,927.0,3513.0,6617.0,7395.0,2025,10,4,20
98,280796,107,280797,169,3.0,3,0,997.0,1165.0,6735.0,3447.0,3746.0,3112.0,927.0,3513.0,6617.0,7395.0,2025,10,4,20
98,280790,200,280791,112,3.0,2,1,690.0,1871.0,5620.0,1913.0,4393.0,997.0,1165.0,6735.0,3447.0,3746.0,2025,10,4,14
98,280790,200,280791,112,3.0,5,0,690.0,1871.0,5620.0,1913.0,4393.0,997.0,1165.0,6735.0,3447.0,3746.0,2025,10,4,14
98,280790,200,280791,112,3.0,3,0,690.0,1871.0,5620.0,1913.0,4393.0,997.0,1165.0,6735.0,3447.0,3746.0,2025,10,4,14
98,280792,153,280793,189,3.0,3,1,3112.0,927.0,3513.0,6617.0,7395.0,78.0,5774.0,1548.0,2726.0,32.0,2025,10,4,14
98,280792,153,280793,189,3.0,0,0,3112.0,927.0,3513.0,6617.0,7395.0,78.0,5774.0,1548.0,2726.0,32.0,2025,10,4,14
98,280792,153,280793,189,3.0,7,1,3112.0,927.0,3513.0,6617.0,7395.0,78.0,5774.0,1548.0,2726.0,32.0,2025,10,4,14
98,280786,18,280787,20,3.0,6,0,5502.0,25509.0,2799.0,3490.0,7286.0,157.0,156.0,197.0,4903.0,6237.0,2025,10,4,11
98,280786,18,280787,20,3.0,4,1,5502.0,25509.0,2799.0,3490.0,7286.0,157.0,156.0,197.0,4903.0,6237.0,2025,10,4,11
98,280786,18,280787,20,3.0,2,0,5502.0,25509.0,2799.0,3490.0,7286.0,157.0,156.0,197.0,4903.0,6237.0,2025,10,4,11
98,280788,75,280789,89,3.0,5,1,1199.0,3246.0,143.0,6284.0,3314.0,1451.0,5364.0,3368.0,26127.0,2776.0,2025,10,4,11
98,280788,75,280789,89,3.0,2,1,1199.0,3246.0,143.0,6284.0,3314.0,1451.0,5364.0,3368.0,26127.0,2776.0,2025,10,4,11
98,280788,75,280789,89,3.0,0,0,1199.0,3246.0,143.0,6284.0,3314.0,1451.0,5364.0,3368.0,26127.0,2776.0,2025,10,4,11
98,280706,17,280707,19,3.0,5,0,157.0,156.0,197.0,4903.0,6237.0,225.0,3248.0,1757.0,736.0,41.0,2025,10,3,15
98,280706,17,280707,19,3.0,4,1,157.0,156.0,197.0,4903.0,6237.0,225.0,3248.0,1757.0,736.0,41.0,2025,10,3,15
98,280706,17,280707,19,3.0,7,1,157.0,156.0,197.0,4903.0,6237.0,225.0,3248.0,1757.0,736.0,41.0,2025,10,3,15
98,280704,107,280705,67,3.0,6,1,997.0,1165.0,6735.0,3447.0,3746.0,272.0,1050.0,2989.0,1039.0,103.0,2025,10,3,13
98,280704,107,280705,67,3.0,2,1,997.0,1165.0,6735.0,3447.0,3746.0,272.0,1050.0,2989.0,1039.0,103.0,2025,10,3,13
98,280702,75,280703,82,3.0,3,1,1199.0,3246.0,143.0,6284.0,3314.0,773.0,772.0,1662.0,1394.0,4530.0,2025,10,3,11
98,280702,75,280703,82,3.0,7,1,1199.0,3246.0,143.0,6284.0,3314.0,773.0,772.0,1662.0,1394.0,4530.0,2025,10,3,11
98,280684,18,280685,112,3.0,0,1,5502.0,25509.0,2799.0,3490.0,7286.0,997.0,1165.0,6735.0,3447.0,3746.0,2025,10,2,17
98,280684,18,280685,112,3.0,2,0,5502.0,25509.0,2799.0,3490.0,7286.0,997.0,1165.0,6735.0,3447.0,3746.0,2025,10,2,17
98,280684,18,280685,112,3.0,7,1,5502.0,25509.0,2799.0,3490.0,7286.0,997.0,1165.0,6735.0,3447.0,3746.0,2025,10,2,17
98,280686,75,280687,68,3.0,6,1,1199.0,3246.0,143.0,6284.0,3314.0,65.0,495.0,1891.0,7082.0,8305.0,2025,10,2,16
98,280686,75,280687,68,3.0,7,1,1199.0,3246.0,143.0,6284.0,3314.0,65.0,495.0,1891.0,7082.0,8305.0,2025,10,2,16
98,280680,168,280681,67,3.0,7,1,78.0,5774.0,1548.0,2726.0,32.0,272.0,1050.0,2989.0,1039.0,103.0,2025,10,2,14
98,280680,168,280681,67,3.0,4,1,78.0,5774.0,1548.0,2726.0,32.0,272.0,1050.0,2989.0,1039.0,103.0,2025,10,2,14
98,280682,30,280683,82,3.0,5,0,2936.0,5420.0,457.0,3289.0,5057.0,773.0,772.0,1662.0,1394.0,4530.0,2025,10,2,13
98,280682,30,280683,82,3.0,4,1,2936.0,5420.0,457.0,3289.0,5057.0,773.0,772.0,1662.0,1394.0,4530.0,2025,10,2,13
98,280682,30,280683,82,3.0,0,0,2936.0,5420.0,457.0,3289.0,5057.0,773.0,772.0,1662.0,1394.0,4530.0,2025,10,2,13
98,280678,166,280679,19,3.0,3,0,656.0,3072.0,499.0,4011.0,18.0,11.0,3248.0,1757.0,736.0,41.0,2025,10,2,11
98,280678,166,280679,19,3.0,0,0,656.0,3072.0,499.0,4011.0,18.0,11.0,3248.0,1757.0,736.0,41.0,2025,10,2,11
98,280676,17,280677,169,3.0,5,1,157.0,156.0,197.0,4903.0,6237.0,3112.0,927.0,3513.0,6617.0,7395.0,2025,10,2,11
98,280676,17,280677,169,3.0,3,0,157.0,156.0,197.0,4903.0,6237.0,3112.0,927.0,3513.0,6617.0,7395.0,2025,10,2,11
98,280676,17,280677,169,3.0,7,0,157.0,156.0,197.0,4903.0,6237.0,3112.0,927.0,3513.0,6617.0,7395.0,2025,10,2,11
98,280652,68,280653,116,3.0,3,1,65.0,495.0,1891.0,7082.0,8305.0,216.0,4574.0,4498.0,5258.0,264.0,2025,10,1,21
98,280652,68,280653,116,3.0,4,1,65.0,495.0,1891.0,7082.0,8305.0,216.0,4574.0,4498.0,5258.0,264.0,2025,10,1,21
98,280648,127,280649,82,3.0,0,0,3396.0,3110.0,709.0,150.0,8252.0,773.0,772.0,1662.0,1394.0,4530.0,2025,10,1,18
98,280648,127,280649,82,3.0,3,0,3396.0,3110.0,709.0,150.0,8252.0,773.0,772.0,1662.0,1394.0,4530.0,2025,10,1,18
98,280650,18,280651,227,3.0,2,0,5502.0,25509.0,2799.0,3490.0,7286.0,690.0,1871.0,5620.0,1913.0,4393.0,2025,10,1,18
98,280646,17,280647,89,3.0,4,0,157.0,156.0,197.0,4903.0,6237.0,1451.0,5364.0,3368.0,26127.0,2776.0,2025,10,1,16
98,280644,166,280645,67,3.0,3,1,656.0,3072.0,499.0,4011.0,18.0,272.0,1050.0,2989.0,1039.0,103.0,2025,10,1,15
98,280644,166,280645,67,3.0,2,0,656.0,3072.0,499.0,4011.0,18.0,272.0,1050.0,2989.0,1039.0,103.0,2025,10,1,15
98,280644,166,280645,67,3.0,7,0,656.0,3072.0,499.0,4011.0,18.0,272.0,1050.0,2989.0,1039.0,103.0,2025,10,1,15
98,280642,16,280643,112,3.0,3,0,11.0,3248.0,1757.0,736.0,41.0,997.0,1165.0,6735.0,3447.0,3746.0,2025,10,1,13
98,280642,16,280643,112,3.0,5,0,11.0,3248.0,1757.0,736.0,41.0,997.0,1165.0,6735.0,3447.0,3746.0,2025,10,1,13
98,280640,75,280641,169,3.0,3,0,1199.0,3246.0,143.0,6284.0,3314.0,3112.0,927.0,3513.0,6617.0,7395.0,2025,10,1,11
98,280640,75,280641,169,3.0,0,0,1199.0,3246.0,143.0,6284.0,3314.0,3112.0,927.0,3513.0,6617.0,7395.0,2025,10,1,11
98,280640,75,280641,169,3.0,5,1,1199.0,3246.0,143.0,6284.0,3314.0,3112.0,927.0,3513.0,6617.0,7395.0,2025,10,1,11
98,280638,168,280639,33,3.0,0,1,78.0,5774.0,1548.0,2726.0,32.0,2936.0,5420.0,457.0,3289.0,5057.0,2025,10,1,11
98,280638,168,280639,33,3.0,4,1,78.0,5774.0,1548.0,2726.0,32.0,2936.0,5420.0,457.0,3289.0,5057.0,2025,10,1,11
98,280638,168,280639,33,3.0,5,0,78.0,5774.0,1548.0,2726.0,32.0,2936.0,5420.0,457.0,3289.0,5057.0,2025,10,1,11
98,280602,166,280603,22,3.0,0,0,656.0,3072.0,499.0,4011.0,18.0,5502.0,25509.0,2799.0,3490.0,7286.0,2025,10,0,20
98,280616,16,280617,116,3.0,5,1,11.0,3248.0,1757.0,736.0,41.0,216.0,4574.0,4498.0,5258.0,264.0,2025,10,0,18
98,280616,16,280617,116,3.0,3,1,11.0,3248.0,1757.0,736.0,41.0,216.0,4574.0,4498.0,5258.0,264.0,2025,10,0,18
98,280614,68,280615,67,3.0,3,0,65.0,495.0,1891.0,7082.0,8305.0,272.0,1050.0,2989.0,1039.0,103.0,2025,10,0,17
98,280614,68,280615,67,3.0,4,0,65.0,495.0,1891.0,7082.0,8305.0,272.0,1050.0,2989.0,1039.0,103.0,2025,10,0,17
98,280608,17,280609,189,3.0,4,0,157.0,156.0,197.0,4903.0,6237.0,78.0,5774.0,1548.0,2726.0,32.0,2025,10,0,17
98,280608,17,280609,189,3.0,7,1,157.0,156.0,197.0,4903.0,6237.0,78.0,5774.0,1548.0,2726.0,32.0,2025,10,0,17
98,280608,17,280609,189,3.0,2,1,157.0,156.0,197.0,4903.0,6237.0,78.0,5774.0,1548.0,2726.0,32.0,2025,10,0,17
98,280606,85,280607,33,3.0,5,1,1451.0,5364.0,3368.0,26127.0,2776.0,2936.0,5420.0,457.0,3289.0,5057.0,2025,10,0,14
98,280606,85,280607,33,3.0,4,1,1451.0,5364.0,3368.0,26127.0,2776.0,2936.0,5420.0,457.0,3289.0,5057.0,2025,10,0,14
98,280612,153,280613,135,3.0,5,0,3112.0,927.0,3513.0,6617.0,7395.0,3396.0,3110.0,709.0,150.0,8252.0,2025,10,0,14
98,280612,153,280613,135,3.0,0,1,3112.0,927.0,3513.0,6617.0,7395.0,3396.0,3110.0,709.0,150.0,8252.0,2025,10,0,14
98,280514,17,280515,68,3.0,4,1,157.0,156.0,197.0,4903.0,6237.0,65.0,495.0,1891.0,7082.0,8305.0,2025,10,6,19
98,280516,16,280517,22,3.0,4,0,11.0,3248.0,1757.0,736.0,41.0,5502.0,25509.0,2799.0,3490.0,7286.0,2025,10,6,19
98,280512,30,280513,116,3.0,5,0,2936.0,5420.0,457.0,3289.0,5057.0,216.0,4574.0,4498.0,5258.0,264.0,2025,10,6,15
98,280508,75,280509,67,3.0,2,1,1199.0,3246.0,143.0,6284.0,3314.0,272.0,1050.0,2989.0,1039.0,103.0,2025,10,6,14
98,280506,85,280507,135,3.0,2,1,1451.0,5364.0,3368.0,26127.0,2776.0,3396.0,3110.0,709.0,150.0,8252.0,2025,10,6,14
98,280506,85,280507,135,3.0,5,1,1451.0,5364.0,3368.0,26127.0,2776.0,3396.0,3110.0,709.0,150.0,8252.0,2025,10,6,14
98,280504,107,280505,189,3.0,3,0,997.0,1165.0,6735.0,3447.0,3746.0,78.0,5774.0,1548.0,2726.0,32.0,2025,10,6,11
98,280504,107,280505,189,3.0,5,0,997.0,1165.0,6735.0,3447.0,3746.0,78.0,5774.0,1548.0,2726.0,32.0,2025,10,6,11
98,280504,107,280505,189,3.0,4,1,997.0,1165.0,6735.0,3447.0,3746.0,78.0,5774.0,1548.0,2726.0,32.0,2025,10,6,11
98,280502,200,280503,82,3.0,4,1,690.0,1871.0,5620.0,1913.0,4393.0,773.0,772.0,1662.0,1394.0,4530.0,2025,10,6,11
98,280502,200,280503,82,3.0,0,1,690.0,1871.0,5620.0,1913.0,4393.0,773.0,772.0,1662.0,1394.0,4530.0,2025,10,6,11
36,279928,166,279929,112,5.0,2,1,656.0,3072.0,499.0,4011.0,18.0,997.0,1165.0,6735.0,3447.0,3746.0,2025,10,6,10
36,279928,166,279929,112,5.0,5,0,656.0,3072.0,499.0,4011.0,18.0,997.0,1165.0,6735.0,3447.0,3746.0,2025,10,6,10
36,279928,166,279929,112,5.0,7,0,656.0,3072.0,499.0,4011.0,18.0,997.0,1165.0,6735.0,3447.0,3746.0,2025,10,6,10
36,279928,166,279929,112,5.0,3,1,656.0,3072.0,499.0,4011.0,18.0,997.0,1165.0,6735.0,3447.0,3746.0,2025,10,6,10
36,279928,166,279929,112,5.0,0,0,656.0,3072.0,499.0,4011.0,18.0,997.0,1165.0,6735.0,3447.0,3746.0,2025,10,6,10
36,279930,168,279931,89,3.0,4,1,78.0,32.0,5774.0,1548.0,2726.0,1451.0,5364.0,3368.0,948.0,2776.0,2025,10,6,6
36,279930,168,279931,89,3.0,2,1,78.0,32.0,5774.0,1548.0,2726.0,1451.0,5364.0,3368.0,948.0,2776.0,2025,10,6,6
36,279926,85,279927,112,3.0,0,0,1451.0,5364.0,3368.0,948.0,2776.0,997.0,1165.0,6735.0,3447.0,3746.0,2025,10,5,12
36,279926,85,279927,112,3.0,3,0,1451.0,5364.0,3368.0,948.0,2776.0,997.0,1165.0,6735.0,3447.0,3746.0,2025,10,5,12
36,279926,85,279927,112,3.0,2,1,1451.0,5364.0,3368.0,948.0,2776.0,997.0,1165.0,6735.0,3447.0,3746.0,2025,10,5,12
36,279924,168,279925,186,3.0,2,1,78.0,32.0,5774.0,1548.0,2726.0,656.0,3072.0,499.0,4011.0,18.0,2025,10,5,8
36,279924,168,279925,186,3.0,5,0,78.0,32.0,5774.0,1548.0,2726.0,656.0,3072.0,499.0,4011.0,18.0,2025,10,5,8
36,279924,168,279925,186,3.0,3,0,78.0,32.0,5774.0,1548.0,2726.0,656.0,3072.0,499.0,4011.0,18.0,2025,10,5,8
36,279922,107,279923,62,3.0,4,0,997.0,1165.0,6735.0,3447.0,3746.0,6360.0,6252.0,8019.0,8469.0,4329.0,2025,10,4,12
36,279922,107,279923,62,3.0,3,1,997.0,1165.0,6735.0,3447.0,3746.0,6360.0,6252.0,8019.0,8469.0,4329.0,2025,10,4,12
36,279920,166,279921,68,3.0,7,0,656.0,3072.0,499.0,4011.0,18.0,65.0,495.0,1891.0,7082.0,8305.0,2025,10,4,8
36,279920,166,279921,68,3.0,2,1,656.0,3072.0,499.0,4011.0,18.0,65.0,495.0,1891.0,7082.0,8305.0,2025,10,4,8
36,279920,166,279921,68,3.0,3,1,656.0,3072.0,499.0,4011.0,18.0,65.0,495.0,1891.0,7082.0,8305.0,2025,10,4,8
36,279900,62,279901,63,3.0,6,1,6360.0,6252.0,8019.0,8469.0,4329.0,35.0,28.0,704.0,6715.0,692.0,2025,10,3,12
36,279900,62,279901,63,3.0,3,0,6360.0,6252.0,8019.0,8469.0,4329.0,35.0,28.0,704.0,6715.0,692.0,2025,10,3,12
36,279900,62,279901,63,3.0,7,1,6360.0,6252.0,8019.0,8469.0,4329.0,35.0,28.0,704.0,6715.0,692.0,2025,10,3,12
36,279916,187,279917,186,3.0,6,1,572.0,2785.0,27048.0,5156.0,612.0,656.0,3072.0,499.0,4011.0,18.0,2025,10,3,12
36,279916,187,279917,186,3.0,7,0,572.0,2785.0,27048.0,5156.0,612.0,656.0,3072.0,499.0,4011.0,18.0,2025,10,3,12
36,279916,187,279917,186,3.0,3,0,572.0,2785.0,27048.0,5156.0,612.0,656.0,3072.0,499.0,4011.0,18.0,2025,10,3,12
36,279906,107,279907,189,3.0,2,0,997.0,1165.0,6735.0,3447.0,3746.0,78.0,32.0,5774.0,1548.0,2726.0,2025,10,3,9
36,279906,107,279907,189,3.0,4,1,997.0,1165.0,6735.0,3447.0,3746.0,78.0,32.0,5774.0,1548.0,2726.0,2025,10,3,9
36,279906,107,279907,189,3.0,3,0,997.0,1165.0,6735.0,3447.0,3746.0,78.0,32.0,5774.0,1548.0,2726.0,2025,10,3,9
36,279890,68,279891,89,3.0,4,0,65.0,495.0,1891.0,7082.0,8305.0,1451.0,5364.0,3368.0,948.0,2776.0,2025,10,3,9
36,279890,68,279891,89,3.0,2,1,65.0,495.0,1891.0,7082.0,8305.0,1451.0,5364.0,3368.0,948.0,2776.0,2025,10,3,9
36,279890,68,279891,89,3.0,3,0,65.0,495.0,1891.0,7082.0,8305.0,1451.0,5364.0,3368.0,948.0,2776.0,2025,10,3,9
36,279896,62,279897,227,3.0,4,1,6360.0,6252.0,8019.0,8469.0,4329.0,690.0,1871.0,5620.0,1913.0,4393.0,2025,10,3,6
36,279896,62,279897,227,3.0,2,1,6360.0,6252.0,8019.0,8469.0,4329.0,690.0,1871.0,5620.0,1913.0,4393.0,2025,10,3,6
36,279898,164,279899,63,3.0,4,0,4400.0,6146.0,1151.0,3062.0,269.0,35.0,28.0,704.0,6715.0,692.0,2025,10,3,6
36,279898,164,279899,63,3.0,5,1,4400.0,6146.0,1151.0,3062.0,269.0,35.0,28.0,704.0,6715.0,692.0,2025,10,3,6
36,279898,164,279899,63,3.0,3,0,4400.0,6146.0,1151.0,3062.0,269.0,35.0,28.0,704.0,6715.0,692.0,2025,10,3,6
36,279914,166,279915,114,3.0,2,1,656.0,3072.0,499.0,4011.0,18.0,1271.0,1270.0,7709.0,2159.0,7958.0,2025,10,2,13
36,279914,166,279915,114,3.0,3,1,656.0,3072.0,499.0,4011.0,18.0,1271.0,1270.0,7709.0,2159.0,7958.0,2025,10,2,13
36,279912,110,279913,214,3.0,0,0,216.0,4574.0,4498.0,7519.0,264.0,572.0,2785.0,27048.0,5156.0,612.0,2025,10,2,12
36,279912,110,279913,214,3.0,7,0,216.0,4574.0,4498.0,7519.0,264.0,572.0,2785.0,27048.0,5156.0,612.0,2025,10,2,12
36,279886,164,279887,68,3.0,3,0,4400.0,6146.0,1151.0,3062.0,269.0,65.0,495.0,1891.0,7082.0,8305.0,2025,10,2,10
36,279886,164,279887,68,3.0,7,0,4400.0,6146.0,1151.0,3062.0,269.0,65.0,495.0,1891.0,7082.0,8305.0,2025,10,2,10
36,279888,85,279889,62,3.0,6,1,1451.0,5364.0,3368.0,948.0,2776.0,6360.0,6252.0,8019.0,8469.0,4329.0,2025,10,2,9
36,279888,85,279889,62,3.0,0,1,1451.0,5364.0,3368.0,948.0,2776.0,6360.0,6252.0,8019.0,8469.0,4329.0,2025,10,2,9
36,279892,66,279893,227,3.0,0,1,998.0,2225.0,3749.0,626.0,3445.0,690.0,1871.0,5620.0,1913.0,4393.0,2025,10,2,6
36,279892,66,279893,227,3.0,5,0,998.0,2225.0,3749.0,626.0,3445.0,690.0,1871.0,5620.0,1913.0,4393.0,2025,10,2,6
36,279892,66,279893,227,3.0,3,0,998.0,2225.0,3749.0,626.0,3445.0,690.0,1871.0,5620.0,1913.0,4393.0,2025,10,2,6
36,279894,18,279895,63,3.0,4,1,5502.0,25509.0,2799.0,3490.0,3202.0,35.0,28.0,704.0,6715.0,692.0,2025,10,2,6
36,279894,18,279895,63,3.0,0,0,5502.0,25509.0,2799.0,3490.0,3202.0,35.0,28.0,704.0,6715.0,692.0,2025,10,2,6
36,279894,18,279895,63,3.0,2,0,5502.0,25509.0,2799.0,3490.0,3202.0,35.0,28.0,704.0,6715.0,692.0,2025,10,2,6
36,279904,168,279905,116,3.0,4,1,78.0,32.0,5774.0,1548.0,2726.0,216.0,4574.0,4498.0,7519.0,264.0,2025,10,1,16
36,279904,168,279905,116,3.0,5,1,78.0,32.0,5774.0,1548.0,2726.0,216.0,4574.0,4498.0,7519.0,264.0,2025,10,1,16
36,279902,166,279903,112,3.0,3,0,656.0,3072.0,499.0,4011.0,18.0,997.0,1165.0,6735.0,3447.0,3746.0,2025,10,1,15
36,279902,166,279903,112,3.0,2,0,656.0,3072.0,499.0,4011.0,18.0,997.0,1165.0,6735.0,3447.0,3746.0,2025,10,1,15
36,279902,166,279903,112,3.0,5,1,656.0,3072.0,499.0,4011.0,18.0,997.0,1165.0,6735.0,3447.0,3746.0,2025,10,1,15
36,279908,180,279909,214,3.0,2,0,1912.0,2302.0,8280.0,3413.0,2276.0,572.0,2785.0,27048.0,5156.0,612.0,2025,10,1,12
36,279908,180,279909,214,3.0,3,0,1912.0,2302.0,8280.0,3413.0,2276.0,572.0,2785.0,27048.0,5156.0,612.0,2025,10,1,12
36,279910,75,279911,114,3.0,3,0,1199.0,3246.0,143.0,6284.0,3314.0,1271.0,1270.0,7709.0,2159.0,7958.0,2025,10,1,12
36,279910,75,279911,114,3.0,6,1,1199.0,3246.0,143.0,6284.0,3314.0,1271.0,1270.0,7709.0,2159.0,7958.0,2025,10,1,12
36,279910,75,279911,114,3.0,7,0,1199.0,3246.0,143.0,6284.0,3314.0,1271.0,1270.0,7709.0,2159.0,7958.0,2025,10,1,12
36,279882,85,279883,22,1.0,2,1,1451.0,5364.0,3368.0,948.0,2776.0,5502.0,25509.0,2799.0,3490.0,3202.0,2025,10,1,10
36,279884,62,279885,63,1.0,4,1,6360.0,6252.0,8019.0,8469.0,4329.0,35.0,28.0,704.0,6715.0,692.0,2025,10,1,10
36,279878,164,279879,66,1.0,7,1,4400.0,6146.0,1151.0,3062.0,269.0,998.0,2225.0,3749.0,626.0,3445.0,2025,10,1,8
36,279880,68,279881,227,1.0,6,1,65.0,495.0,1891.0,7082.0,8305.0,690.0,1871.0,5620.0,1913.0,4393.0,2025,10,1,8
36,279876,108,279877,116,1.0,5,0,1271.0,1270.0,7709.0,2159.0,7958.0,216.0,4574.0,4498.0,7519.0,264.0,2025,10,1,7
36,279874,75,279875,189,1.0,3,0,1199.0,3246.0,143.0,6284.0,3314.0,78.0,32.0,5774.0,1548.0,2726.0,2025,10,1,7
36,279870,180,279871,186,1.0,5,0,1912.0,2302.0,8280.0,3413.0,2276.0,656.0,3072.0,499.0,4011.0,18.0,2025,10,1,6
36,279872,187,279873,112,1.0,4,0,572.0,2785.0,27048.0,5156.0,612.0,997.0,1165.0,6735.0,3447.0,3746.0,2025,10,1,6
116,279624,61,279625,128,5.0,7,1,625.0,628.0,1.0,26759.0,564.0,1401.0,169.0,1834.0,2934.0,7201.0,2025,10,6,18
116,279624,61,279625,128,5.0,5,1,625.0,628.0,1.0,26759.0,564.0,1401.0,169.0,1834.0,2934.0,7201.0,2025,10,6,18
116,279624,61,279625,128,5.0,2,1,625.0,628.0,1.0,26759.0,564.0,1401.0,169.0,1834.0,2934.0,7201.0,2025,10,6,18
116,279626,17,279627,203,3.0,4,0,157.0,156.0,197.0,4903.0,6237.0,3020.0,3192.0,4765.0,3526.0,5827.0,2025,10,6,14
116,279626,17,279627,203,3.0,5,0,157.0,156.0,197.0,4903.0,6237.0,3020.0,3192.0,4765.0,3526.0,5827.0,2025,10,6,14
116,279622,122,279623,203,3.0,5,0,1401.0,169.0,1834.0,2934.0,7201.0,3020.0,3192.0,4765.0,3526.0,5827.0,2025,10,5,20
116,279622,122,279623,203,3.0,4,1,1401.0,169.0,1834.0,2934.0,7201.0,3020.0,3192.0,4765.0,3526.0,5827.0,2025,10,5,20
116,279620,61,279621,20,3.0,6,1,625.0,628.0,1.0,26759.0,564.0,157.0,156.0,197.0,4903.0,6237.0,2025,10,5,17
116,279608,181,279609,8,3.0,5,1,3020.0,3192.0,4765.0,3526.0,5827.0,2846.0,5345.0,7687.0,752.0,6090.0,2025,10,4,16
116,279608,181,279609,8,3.0,0,1,3020.0,3192.0,4765.0,3526.0,5827.0,2846.0,5345.0,7687.0,752.0,6090.0,2025,10,4,16
116,279616,90,279617,198,3.0,6,1,627.0,7944.0,1850.0,204.0,983.0,5509.0,291.0,716.0,6729.0,25794.0,2025,10,3,22
116,279616,90,279617,198,3.0,7,0,627.0,7944.0,1850.0,204.0,983.0,5509.0,291.0,716.0,6729.0,25794.0,2025,10,3,22
116,279616,90,279617,198,3.0,2,0,627.0,7944.0,1850.0,204.0,983.0,5509.0,291.0,716.0,6729.0,25794.0,2025,10,3,22
116,279614,122,279615,20,3.0,2,1,1401.0,169.0,1834.0,2934.0,7201.0,157.0,156.0,197.0,4903.0,6237.0,2025,10,3,18
116,279614,122,279615,20,3.0,4,1,1401.0,169.0,1834.0,2934.0,7201.0,157.0,156.0,197.0,4903.0,6237.0,2025,10,3,18
116,279614,122,279615,20,3.0,5,0,1401.0,169.0,1834.0,2934.0,7201.0,157.0,156.0,197.0,4903.0,6237.0,2025,10,3,18
116,279606,134,279607,8,3.0,0,0,6470.0,4518.0,2152.0,4275.0,3517.0,2846.0,5345.0,7687.0,752.0,6090.0,2025,10,3,14
116,279606,134,279607,8,3.0,5,0,6470.0,4518.0,2152.0,4275.0,3517.0,2846.0,5345.0,7687.0,752.0,6090.0,2025,10,3,14
116,279606,134,279607,8,3.0,7,1,6470.0,4518.0,2152.0,4275.0,3517.0,2846.0,5345.0,7687.0,752.0,6090.0,2025,10,3,14
116,279604,61,279605,203,3.0,2,1,625.0,628.0,1.0,26759.0,564.0,3020.0,3192.0,4765.0,3526.0,5827.0,2025,10,3,11
116,279604,61,279605,203,3.0,4,1,625.0,628.0,1.0,26759.0,564.0,3020.0,3192.0,4765.0,3526.0,5827.0,2025,10,3,11
116,279612,17,279613,198,3.0,5,1,157.0,156.0,197.0,4903.0,6237.0,5509.0,291.0,716.0,6729.0,25794.0,2025,10,2,21
116,279612,17,279613,198,3.0,6,1,157.0,156.0,197.0,4903.0,6237.0,5509.0,291.0,716.0,6729.0,25794.0,2025,10,2,21
116,279610,122,279611,96,3.0,4,0,1401.0,169.0,1834.0,2934.0,7201.0,627.0,7944.0,1850.0,204.0,983.0,2025,10,2,17
116,279610,122,279611,96,3.0,5,1,1401.0,169.0,1834.0,2934.0,7201.0,627.0,7944.0,1850.0,204.0,983.0,2025,10,2,17
116,279610,122,279611,96,3.0,2,1,1401.0,169.0,1834.0,2934.0,7201.0,627.0,7944.0,1850.0,204.0,983.0,2025,10,2,17
116,279602,181,279603,8,3.0,2,1,3020.0,3192.0,4765.0,3526.0,5827.0,2846.0,5345.0,7687.0,752.0,6090.0,2025,10,2,14
116,279602,181,279603,8,3.0,0,1,3020.0,3192.0,4765.0,3526.0,5827.0,2846.0,5345.0,7687.0,752.0,6090.0,2025,10,2,14
116,279600,61,279601,142,3.0,5,1,625.0,628.0,1.0,26759.0,564.0,6470.0,4518.0,2152.0,4275.0,3517.0,2025,10,2,11
116,279600,61,279601,142,3.0,3,1,625.0,628.0,1.0,26759.0,564.0,6470.0,4518.0,2152.0,4275.0,3517.0,2025,10,2,11
46,260092,177,260093,188,5.0,2,1,19.0,550.0,1549.0,1443.0,146.0,26.0,945.0,2611.0,2041.0,26434.0,2025,10,6,18
46,260092,177,260093,188,5.0,7,1,19.0,550.0,1549.0,1443.0,146.0,26.0,945.0,2611.0,2041.0,26434.0,2025,10,6,18
46,260092,177,260093,188,5.0,3,1,19.0,550.0,1549.0,1443.0,146.0,26.0,945.0,2611.0,2041.0,26434.0,2025,10,6,18
46,279568,63,279569,118,3.0,0,0,35.0,28.0,704.0,692.0,27.0,2126.0,3121.0,2200.0,315.0,3060.0,2025,10,6,14
46,279568,63,279569,118,3.0,6,0,35.0,28.0,704.0,692.0,27.0,2126.0,3121.0,2200.0,315.0,3060.0,2025,10,6,14
46,279564,63,279565,199,3.0,4,1,35.0,28.0,704.0,692.0,27.0,19.0,550.0,1549.0,1443.0,146.0,2025,10,5,20
46,279564,63,279565,199,3.0,3,0,35.0,28.0,704.0,692.0,27.0,19.0,550.0,1549.0,1443.0,146.0,2025,10,5,20
46,279564,63,279565,199,3.0,2,0,35.0,28.0,704.0,692.0,27.0,19.0,550.0,1549.0,1443.0,146.0,2025,10,5,20
46,279566,112,279567,188,3.0,3,0,2126.0,3121.0,2200.0,315.0,3060.0,26.0,945.0,2611.0,2041.0,26434.0,2025,10,5,16
46,279558,61,279559,199,3.0,6,1,625.0,628.0,1.0,26759.0,564.0,19.0,550.0,1549.0,1443.0,146.0,2025,10,4,20
46,279558,61,279559,199,3.0,5,0,625.0,628.0,1.0,26759.0,564.0,19.0,550.0,1549.0,1443.0,146.0,2025,10,4,20
46,279558,61,279559,199,3.0,3,0,625.0,628.0,1.0,26759.0,564.0,19.0,550.0,1549.0,1443.0,146.0,2025,10,4,20
46,279556,175,279557,63,3.0,5,0,295.0,3395.0,4710.0,965.0,16113.0,35.0,28.0,704.0,692.0,27.0,2025,10,4,18
46,279556,175,279557,63,3.0,4,0,295.0,3395.0,4710.0,965.0,16113.0,35.0,28.0,704.0,692.0,27.0,2025,10,4,18
46,279560,112,279561,128,3.0,7,1,2126.0,3121.0,2200.0,315.0,3060.0,1401.0,169.0,1834.0,2934.0,7201.0,2025,10,4,15
46,279560,112,279561,128,3.0,3,1,2126.0,3121.0,2200.0,315.0,3060.0,1401.0,169.0,1834.0,2934.0,7201.0,2025,10,4,15
46,279560,112,279561,128,3.0,0,0,2126.0,3121.0,2200.0,315.0,3060.0,1401.0,169.0,1834.0,2934.0,7201.0,2025,10,4,15
46,279562,166,279563,188,3.0,3,1,656.0,3072.0,499.0,4011.0,18.0,26.0,945.0,2611.0,2041.0,26434.0,2025,10,4,11
46,279562,166,279563,188,3.0,5,0,656.0,3072.0,499.0,4011.0,18.0,26.0,945.0,2611.0,2041.0,26434.0,2025,10,4,11
46,279562,166,279563,188,3.0,0,0,656.0,3072.0,499.0,4011.0,18.0,26.0,945.0,2611.0,2041.0,26434.0,2025,10,4,11
46,279520,17,279521,63,3.0,4,0,157.0,156.0,197.0,4903.0,6237.0,35.0,28.0,704.0,692.0,27.0,2025,10,2,19
46,279520,17,279521,63,3.0,2,0,157.0,156.0,197.0,4903.0,6237.0,35.0,28.0,704.0,692.0,27.0,2025,10,2,19
46,279520,17,279521,63,3.0,7,1,157.0,156.0,197.0,4903.0,6237.0,35.0,28.0,704.0,692.0,27.0,2025,10,2,19
46,279518,71,279519,186,3.0,3,0,416.0,881.0,1661.0,3459.0,4048.0,656.0,3072.0,499.0,4011.0,18.0,2025,10,2,17
46,279518,71,279519,186,3.0,2,0,416.0,881.0,1661.0,3459.0,4048.0,656.0,3072.0,499.0,4011.0,18.0,2025,10,2,17
46,279516,181,279517,128,3.0,0,0,3020.0,3192.0,4765.0,3526.0,5827.0,1401.0,169.0,1834.0,2934.0,7201.0,2025,10,2,14
46,279516,181,279517,128,3.0,5,0,3020.0,3192.0,4765.0,3526.0,5827.0,1401.0,169.0,1834.0,2934.0,7201.0,2025,10,2,14
46,279500,63,279501,98,3.0,5,1,35.0,28.0,704.0,692.0,27.0,6307.0,7774.0,26198.0,25560.0,20794.0,2025,10,1,19
46,279500,63,279501,98,3.0,0,1,35.0,28.0,704.0,692.0,27.0,6307.0,7774.0,26198.0,25560.0,20794.0,2025,10,1,19
46,279498,177,279499,73,3.0,4,1,19.0,550.0,1549.0,1443.0,146.0,416.0,881.0,1661.0,3459.0,4048.0,2025,10,1,19
46,279498,177,279499,73,3.0,3,1,19.0,550.0,1549.0,1443.0,146.0,416.0,881.0,1661.0,3459.0,4048.0,2025,10,1,19
46,279494,166,279495,118,3.0,6,0,656.0,3072.0,499.0,4011.0,18.0,2126.0,3121.0,2200.0,315.0,3060.0,2025,10,1,17
46,279494,166,279495,118,3.0,3,0,656.0,3072.0,499.0,4011.0,18.0,2126.0,3121.0,2200.0,315.0,3060.0,2025,10,1,17
46,279496,181,279497,82,3.0,3,1,3020.0,3192.0,4765.0,3526.0,5827.0,773.0,772.0,1662.0,1394.0,4530.0,2025,10,1,17
46,279496,181,279497,82,3.0,4,1,3020.0,3192.0,4765.0,3526.0,5827.0,773.0,772.0,1662.0,1394.0,4530.0,2025,10,1,17
46,279492,122,279493,88,3.0,0,1,1401.0,169.0,1834.0,2934.0,7201.0,493.0,2091.0,5135.0,2790.0,25889.0,2025,10,1,14
46,279492,122,279493,88,3.0,7,1,1401.0,169.0,1834.0,2934.0,7201.0,493.0,2091.0,5135.0,2790.0,25889.0,2025,10,1,14
46,279490,61,279491,20,3.0,3,1,625.0,628.0,1.0,26759.0,564.0,157.0,156.0,197.0,4903.0,6237.0,2025,10,1,14
46,279490,61,279491,20,3.0,6,1,625.0,628.0,1.0,26759.0,564.0,157.0,156.0,197.0,4903.0,6237.0,2025,10,1,14
46,279490,61,279491,20,3.0,4,0,625.0,628.0,1.0,26759.0,564.0,157.0,156.0,197.0,4903.0,6237.0,2025,10,1,14
46,279426,112,279427,188,3.0,5,0,2126.0,3121.0,2200.0,315.0,3060.0,26.0,945.0,2611.0,2041.0,26434.0,2025,10,0,20
46,279426,112,279427,188,3.0,3,1,2126.0,3121.0,2200.0,315.0,3060.0,26.0,945.0,2611.0,2041.0,26434.0,2025,10,0,20
46,279426,112,279427,188,3.0,0,0,2126.0,3121.0,2200.0,315.0,3060.0,26.0,945.0,2611.0,2041.0,26434.0,2025,10,0,20
46,279428,175,279429,73,3.0,2,1,295.0,3395.0,4710.0,965.0,16113.0,416.0,881.0,1661.0,3459.0,4048.0,2025,10,0,19
46,279428,175,279429,73,3.0,4,1,295.0,3395.0,4710.0,965.0,16113.0,416.0,881.0,1661.0,3459.0,4048.0,2025,10,0,19
46,279430,181,279431,79,3.0,5,1,3020.0,3192.0,4765.0,3526.0,5827.0,1199.0,3246.0,6284.0,143.0,3314.0,2025,10,0,17
46,279430,181,279431,79,3.0,3,1,3020.0,3192.0,4765.0,3526.0,5827.0,1199.0,3246.0,6284.0,143.0,3314.0,2025,10,0,17
46,279430,181,279431,79,3.0,0,0,3020.0,3192.0,4765.0,3526.0,5827.0,1199.0,3246.0,6284.0,143.0,3314.0,2025,10,0,17
46,279432,16,279433,63,3.0,0,0,11.0,3248.0,1757.0,41.0,736.0,35.0,28.0,704.0,692.0,27.0,2025,10,0,16
46,279432,16,279433,63,3.0,2,0,11.0,3248.0,1757.0,41.0,736.0,35.0,28.0,704.0,692.0,27.0,2025,10,0,16
46,279438,166,279439,128,3.0,3,1,656.0,3072.0,499.0,4011.0,18.0,1401.0,169.0,1834.0,2934.0,7201.0,2025,10,0,14
46,279438,166,279439,128,3.0,7,0,656.0,3072.0,499.0,4011.0,18.0,1401.0,169.0,1834.0,2934.0,7201.0,2025,10,0,14
46,279438,166,279439,128,3.0,5,1,656.0,3072.0,499.0,4011.0,18.0,1401.0,169.0,1834.0,2934.0,7201.0,2025,10,0,14
46,279440,93,279441,61,3.0,6,0,6307.0,7774.0,26198.0,25560.0,20794.0,625.0,628.0,1.0,26759.0,564.0,2025,10,0,14
46,279440,93,279441,61,3.0,4,0,6307.0,7774.0,26198.0,25560.0,20794.0,625.0,628.0,1.0,26759.0,564.0,2025,10,0,14
46,279434,177,279435,88,3.0,2,1,19.0,550.0,1549.0,1443.0,146.0,493.0,2091.0,5135.0,2790.0,25889.0,2025,10,0,11
46,279434,177,279435,88,3.0,6,1,19.0,550.0,1549.0,1443.0,146.0,493.0,2091.0,5135.0,2790.0,25889.0,2025,10,0,11
46,279436,77,279437,20,3.0,5,0,773.0,772.0,1662.0,1394.0,4530.0,157.0,156.0,197.0,4903.0,6237.0,2025,10,0,11
46,279436,77,279437,20,3.0,7,0,773.0,772.0,1662.0,1394.0,4530.0,157.0,156.0,197.0,4903.0,6237.0,2025,10,0,11
46,279286,63,279287,186,3.0,7,0,35.0,28.0,704.0,692.0,27.0,656.0,3072.0,499.0,4011.0,18.0,2025,10,6,20
46,279286,63,279287,186,3.0,2,0,35.0,28.0,704.0,692.0,27.0,656.0,3072.0,499.0,4011.0,18.0,2025,10,6,20
46,279278,61,279279,73,3.0,2,0,625.0,628.0,1.0,26759.0,564.0,416.0,881.0,1661.0,3459.0,4048.0,2025,10,6,19
46,279278,61,279279,73,3.0,7,0,625.0,628.0,1.0,26759.0,564.0,416.0,881.0,1661.0,3459.0,4048.0,2025,10,6,19
46,279284,177,279285,79,3.0,2,1,19.0,550.0,1549.0,1443.0,146.0,1199.0,3246.0,6284.0,143.0,3314.0,2025,10,6,17
46,279276,175,279277,88,3.0,6,1,295.0,3395.0,4710.0,965.0,16113.0,493.0,2091.0,5135.0,2790.0,25889.0,2025,10,6,16
46,279276,175,279277,88,3.0,2,1,295.0,3395.0,4710.0,965.0,16113.0,493.0,2091.0,5135.0,2790.0,25889.0,2025,10,6,16
46,279282,17,279283,19,3.0,6,1,157.0,156.0,197.0,4903.0,6237.0,11.0,3248.0,1757.0,41.0,736.0,2025,10,6,14
46,279282,17,279283,19,3.0,7,1,157.0,156.0,197.0,4903.0,6237.0,11.0,3248.0,1757.0,41.0,736.0,2025,10,6,14
46,279282,17,279283,19,3.0,5,0,157.0,156.0,197.0,4903.0,6237.0,11.0,3248.0,1757.0,41.0,736.0,2025,10,6,14
46,279274,112,279275,82,3.0,3,1,2126.0,3121.0,2200.0,315.0,3060.0,773.0,772.0,1662.0,1394.0,4530.0,2025,10,6,14
46,279274,112,279275,82,3.0,4,1,2126.0,3121.0,2200.0,315.0,3060.0,773.0,772.0,1662.0,1394.0,4530.0,2025,10,6,14
46,279280,181,279281,98,3.0,4,0,3020.0,3192.0,4765.0,3526.0,5827.0,6307.0,7774.0,26198.0,25560.0,20794.0,2025,10,6,11
46,279280,181,279281,98,3.0,2,0,3020.0,3192.0,4765.0,3526.0,5827.0,6307.0,7774.0,26198.0,25560.0,20794.0,2025,10,6,11
46,279272,167,279273,128,3.0,0,1,26.0,945.0,2611.0,2041.0,26434.0,1401.0,169.0,1834.0,2934.0,7201.0,2025,10,6,11
46,279272,167,279273,128,3.0,5,1,26.0,945.0,2611.0,2041.0,26434.0,1401.0,169.0,1834.0,2934.0,7201.0,2025,10,6,11
46,279268,61,279269,186,3.0,2,1,625.0,628.0,1.0,26759.0,564.0,656.0,3072.0,499.0,4011.0,18.0,2025,10,5,19
46,279268,61,279269,186,3.0,5,1,625.0,628.0,1.0,26759.0,564.0,656.0,3072.0,499.0,4011.0,18.0,2025,10,5,19
46,279264,177,279265,82,3.0,7,0,19.0,550.0,1549.0,1443.0,146.0,773.0,772.0,1662.0,1394.0,4530.0,2025,10,5,17
46,279264,177,279265,82,3.0,5,0,19.0,550.0,1549.0,1443.0,146.0,773.0,772.0,1662.0,1394.0,4530.0,2025,10,5,17
46,279266,17,279267,128,3.0,2,0,157.0,156.0,197.0,4903.0,6237.0,1401.0,169.0,1834.0,2934.0,7201.0,2025,10,5,16
46,279266,17,279267,128,3.0,5,0,157.0,156.0,197.0,4903.0,6237.0,1401.0,169.0,1834.0,2934.0,7201.0,2025,10,5,16
46,279260,181,279261,88,3.0,0,0,3020.0,3192.0,4765.0,3526.0,5827.0,493.0,2091.0,5135.0,2790.0,25889.0,2025,10,5,14
46,279260,181,279261,88,3.0,6,0,3020.0,3192.0,4765.0,3526.0,5827.0,493.0,2091.0,5135.0,2790.0,25889.0,2025,10,5,14
46,279260,181,279261,88,3.0,4,1,3020.0,3192.0,4765.0,3526.0,5827.0,493.0,2091.0,5135.0,2790.0,25889.0,2025,10,5,14
46,279262,167,279263,19,3.0,3,1,26.0,945.0,2611.0,2041.0,26434.0,11.0,3248.0,1757.0,41.0,736.0,2025,10,5,14
46,279262,167,279263,19,3.0,4,1,26.0,945.0,2611.0,2041.0,26434.0,11.0,3248.0,1757.0,41.0,736.0,2025,10,5,14
46,279258,112,279259,79,3.0,5,1,2126.0,3121.0,2200.0,315.0,3060.0,1199.0,3246.0,6284.0,143.0,3314.0,2025,10,5,11
46,279258,112,279259,79,3.0,6,1,2126.0,3121.0,2200.0,315.0,3060.0,1199.0,3246.0,6284.0,143.0,3314.0,2025,10,5,11
46,279256,175,279257,98,3.0,5,0,295.0,3395.0,4710.0,965.0,16113.0,6307.0,7774.0,26198.0,25560.0,20794.0,2025,10,5,11
46,279256,175,279257,98,3.0,4,1,295.0,3395.0,4710.0,965.0,16113.0,6307.0,7774.0,26198.0,25560.0,20794.0,2025,10,5,11
46,279256,175,279257,98,3.0,0,1,295.0,3395.0,4710.0,965.0,16113.0,6307.0,7774.0,26198.0,25560.0,20794.0,2025,10,5,11
46,279216,61,279217,22,3.0,6,1,625.0,628.0,1.0,26759.0,564.0,5502.0,25509.0,2799.0,3490.0,7286.0,2025,10,3,20
46,279216,61,279217,22,3.0,4,0,625.0,628.0,1.0,26759.0,564.0,5502.0,25509.0,2799.0,3490.0,7286.0,2025,10,3,20
46,279216,61,279217,22,3.0,3,1,625.0,628.0,1.0,26759.0,564.0,5502.0,25509.0,2799.0,3490.0,7286.0,2025,10,3,20
46,279214,16,279215,112,3.0,3,0,11.0,3248.0,1757.0,41.0,736.0,997.0,1165.0,6735.0,3447.0,3746.0,2025,10,3,17
46,279214,16,279215,112,3.0,0,1,11.0,3248.0,1757.0,41.0,736.0,997.0,1165.0,6735.0,3447.0,3746.0,2025,10,3,17
46,279214,16,279215,112,3.0,6,1,11.0,3248.0,1757.0,41.0,736.0,997.0,1165.0,6735.0,3447.0,3746.0,2025,10,3,17
46,279212,71,279213,50,3.0,6,1,416.0,881.0,1661.0,3459.0,4048.0,607.0,5630.0,4010.0,1004.0,4840.0,2025,10,3,14
46,279212,71,279213,50,3.0,7,1,416.0,881.0,1661.0,3459.0,4048.0,607.0,5630.0,4010.0,1004.0,4840.0,2025,10,3,14
46,279190,107,279191,82,3.0,4,0,997.0,1165.0,6735.0,3447.0,3746.0,773.0,772.0,1662.0,1394.0,4530.0,2025,10,2,20
46,279190,107,279191,82,3.0,0,0,997.0,1165.0,6735.0,3447.0,3746.0,773.0,772.0,1662.0,1394.0,4530.0,2025,10,2,20
46,279196,61,279197,115,3.0,6,1,625.0,628.0,1.0,26759.0,564.0,845.0,1687.0,2810.0,2113.0,1802.0,2025,10,2,19
46,279196,61,279197,115,3.0,3,1,625.0,628.0,1.0,26759.0,564.0,845.0,1687.0,2810.0,2113.0,1802.0,2025,10,2,19
46,279188,166,279189,50,3.0,2,0,656.0,3072.0,499.0,4011.0,18.0,607.0,5630.0,4010.0,1004.0,4840.0,2025,10,2,17
46,279188,166,279189,50,3.0,5,1,656.0,3072.0,499.0,4011.0,18.0,607.0,5630.0,4010.0,1004.0,4840.0,2025,10,2,17
46,279188,166,279189,50,3.0,0,1,656.0,3072.0,499.0,4011.0,18.0,607.0,5630.0,4010.0,1004.0,4840.0,2025,10,2,17
46,279194,16,279195,89,3.0,5,1,11.0,3248.0,1757.0,41.0,736.0,1451.0,5364.0,2776.0,26127.0,3368.0,2025,10,2,17
46,279194,16,279195,89,3.0,4,1,11.0,3248.0,1757.0,41.0,736.0,1451.0,5364.0,2776.0,26127.0,3368.0,2025,10,2,17
46,279194,16,279195,89,3.0,3,0,11.0,3248.0,1757.0,41.0,736.0,1451.0,5364.0,2776.0,26127.0,3368.0,2025,10,2,17
46,279186,75,279187,22,3.0,0,1,1199.0,3246.0,6284.0,143.0,3314.0,5502.0,25509.0,2799.0,3490.0,7286.0,2025,10,2,14
46,279186,75,279187,22,3.0,3,1,1199.0,3246.0,6284.0,143.0,3314.0,5502.0,25509.0,2799.0,3490.0,7286.0,2025,10,2,14
46,279192,71,279193,66,3.0,0,0,416.0,881.0,1661.0,3459.0,4048.0,2225.0,626.0,3445.0,3749.0,998.0,2025,10,2,14
46,279192,71,279193,66,3.0,4,1,416.0,881.0,1661.0,3459.0,4048.0,2225.0,626.0,3445.0,3749.0,998.0,2025,10,2,14
46,279192,71,279193,66,3.0,3,1,416.0,881.0,1661.0,3459.0,4048.0,2225.0,626.0,3445.0,3749.0,998.0,2025,10,2,14
46,279008,85,279009,186,3.0,3,0,1451.0,5364.0,2776.0,26127.0,3368.0,656.0,3072.0,499.0,4011.0,18.0,2025,9,1,19
46,279008,85,279009,186,3.0,2,0,1451.0,5364.0,2776.0,26127.0,3368.0,656.0,3072.0,499.0,4011.0,18.0,2025,9,1,19
46,279010,61,279011,112,3.0,4,0,625.0,628.0,1.0,26759.0,564.0,997.0,1165.0,6735.0,3447.0,3746.0,2025,9,1,19
46,279010,61,279011,112,3.0,2,0,625.0,628.0,1.0,26759.0,564.0,997.0,1165.0,6735.0,3447.0,3746.0,2025,9,1,19
46,279014,121,279015,66,3.0,5,0,31.0,3274.0,3032.0,2732.0,530.0,2225.0,626.0,3445.0,3749.0,998.0,2025,9,1,17
46,279014,121,279015,66,3.0,7,0,31.0,3274.0,3032.0,2732.0,530.0,2225.0,626.0,3445.0,3749.0,998.0,2025,9,1,17
46,279006,16,279007,79,3.0,5,0,11.0,3248.0,1757.0,41.0,736.0,1199.0,3246.0,6284.0,143.0,3314.0,2025,9,1,17
46,279006,16,279007,79,3.0,6,0,11.0,3248.0,1757.0,41.0,736.0,1199.0,3246.0,6284.0,143.0,3314.0,2025,9,1,17
46,279004,71,279005,22,3.0,4,0,416.0,881.0,1661.0,3459.0,4048.0,5502.0,25509.0,2799.0,3490.0,7286.0,2025,9,1,14
46,279004,71,279005,22,3.0,2,1,416.0,881.0,1661.0,3459.0,4048.0,5502.0,25509.0,2799.0,3490.0,7286.0,2025,9,1,14
46,279004,71,279005,22,3.0,0,0,416.0,881.0,1661.0,3459.0,4048.0,5502.0,25509.0,2799.0,3490.0,7286.0,2025,9,1,14
46,279002,93,279003,82,3.0,5,0,6307.0,7774.0,26198.0,25560.0,20794.0,773.0,772.0,1662.0,1394.0,4530.0,2025,9,1,14
46,279002,93,279003,82,3.0,0,1,6307.0,7774.0,26198.0,25560.0,20794.0,773.0,772.0,1662.0,1394.0,4530.0,2025,9,1,14
46,279002,93,279003,82,3.0,4,1,6307.0,7774.0,26198.0,25560.0,20794.0,773.0,772.0,1662.0,1394.0,4530.0,2025,9,1,14
46,279012,109,279013,168,3.0,4,1,845.0,1687.0,2810.0,2113.0,1802.0,1069.0,901.0,4164.0,4314.0,4505.0,2025,9,1,11
46,279012,109,279013,168,3.0,3,1,845.0,1687.0,2810.0,2113.0,1802.0,1069.0,901.0,4164.0,4314.0,4505.0,2025,9,1,11
46,279000,84,279001,50,3.0,2,1,493.0,2091.0,5135.0,2790.0,25889.0,607.0,5630.0,4010.0,1004.0,4840.0,2025,9,1,11
46,279000,84,279001,50,3.0,0,1,493.0,2091.0,5135.0,2790.0,25889.0,607.0,5630.0,4010.0,1004.0,4840.0,2025,9,1,11
46,278920,61,278921,66,3.0,4,1,625.0,628.0,1.0,26759.0,564.0,2225.0,626.0,3445.0,3749.0,998.0,2025,9,0,20
46,278920,61,278921,66,3.0,3,1,625.0,628.0,1.0,26759.0,564.0,2225.0,626.0,3445.0,3749.0,998.0,2025,9,0,20
46,278912,71,278913,82,3.0,0,0,416.0,881.0,1661.0,3459.0,4048.0,773.0,772.0,1662.0,1394.0,4530.0,2025,9,0,19
46,278912,71,278913,82,3.0,4,0,416.0,881.0,1661.0,3459.0,4048.0,773.0,772.0,1662.0,1394.0,4530.0,2025,9,0,19
46,278912,71,278913,82,3.0,3,1,416.0,881.0,1661.0,3459.0,4048.0,773.0,772.0,1662.0,1394.0,4530.0,2025,9,0,19
46,278918,107,278919,127,3.0,2,1,997.0,1165.0,6735.0,3447.0,3746.0,31.0,3274.0,3032.0,2732.0,530.0,2025,9,0,17
46,278918,107,278919,127,3.0,4,0,997.0,1165.0,6735.0,3447.0,3746.0,31.0,3274.0,3032.0,2732.0,530.0,2025,9,0,17
46,278916,109,278917,89,3.0,6,0,845.0,1687.0,2810.0,2113.0,1802.0,1451.0,5364.0,2776.0,26127.0,3368.0,2025,9,0,17
46,278916,109,278917,89,3.0,2,0,845.0,1687.0,2810.0,2113.0,1802.0,1451.0,5364.0,2776.0,26127.0,3368.0,2025,9,0,17
46,278908,16,278909,50,3.0,5,0,11.0,3248.0,1757.0,41.0,736.0,607.0,5630.0,4010.0,1004.0,4840.0,2025,9,0,14
46,278908,16,278909,50,3.0,0,1,11.0,3248.0,1757.0,41.0,736.0,607.0,5630.0,4010.0,1004.0,4840.0,2025,9,0,14
46,278908,16,278909,50,3.0,6,0,11.0,3248.0,1757.0,41.0,736.0,607.0,5630.0,4010.0,1004.0,4840.0,2025,9,0,14
46,278910,75,278911,98,3.0,2,0,1199.0,3246.0,6284.0,143.0,3314.0,6307.0,7774.0,26198.0,25560.0,20794.0,2025,9,0,14
46,278910,75,278911,98,3.0,0,0,1199.0,3246.0,6284.0,143.0,3314.0,6307.0,7774.0,26198.0,25560.0,20794.0,2025,9,0,14
46,278910,75,278911,98,3.0,6,1,1199.0,3246.0,6284.0,143.0,3314.0,6307.0,7774.0,26198.0,25560.0,20794.0,2025,9,0,14
46,278914,166,278915,168,3.0,3,1,656.0,3072.0,499.0,4011.0,18.0,1069.0,901.0,4164.0,4314.0,4505.0,2025,9,0,11
46,278914,166,278915,168,3.0,6,1,656.0,3072.0,499.0,4011.0,18.0,1069.0,901.0,4164.0,4314.0,4505.0,2025,9,0,11
46,278906,18,278907,88,3.0,6,1,5502.0,25509.0,2799.0,3490.0,7286.0,493.0,2091.0,5135.0,2790.0,25889.0,2025,9,0,11
46,278906,18,278907,88,3.0,0,0,5502.0,25509.0,2799.0,3490.0,7286.0,493.0,2091.0,5135.0,2790.0,25889.0,2025,9,0,11
46,278570,109,278571,50,3.0,0,0,845.0,1687.0,2810.0,2113.0,1802.0,607.0,5630.0,4010.0,1004.0,4840.0,2025,9,6,19
46,278570,109,278571,50,3.0,4,1,845.0,1687.0,2810.0,2113.0,1802.0,607.0,5630.0,4010.0,1004.0,4840.0,2025,9,6,19
46,278562,85,278563,82,3.0,4,1,1451.0,5364.0,2776.0,26127.0,3368.0,773.0,772.0,1662.0,1394.0,4530.0,2025,9,6,19
46,278562,85,278563,82,3.0,0,0,1451.0,5364.0,2776.0,26127.0,3368.0,773.0,772.0,1662.0,1394.0,4530.0,2025,9,6,19
46,278562,85,278563,82,3.0,5,0,1451.0,5364.0,2776.0,26127.0,3368.0,773.0,772.0,1662.0,1394.0,4530.0,2025,9,6,19
46,278572,61,278573,88,3.0,6,0,625.0,628.0,1.0,26759.0,564.0,493.0,2091.0,5135.0,2790.0,25889.0,2025,9,6,17
46,278572,61,278573,88,3.0,2,0,625.0,628.0,1.0,26759.0,564.0,493.0,2091.0,5135.0,2790.0,25889.0,2025,9,6,17
46,278568,107,278569,22,3.0,0,0,997.0,1165.0,6735.0,3447.0,3746.0,5502.0,25509.0,2799.0,3490.0,7286.0,2025,9,6,17
46,278568,107,278569,22,3.0,7,0,997.0,1165.0,6735.0,3447.0,3746.0,5502.0,25509.0,2799.0,3490.0,7286.0,2025,9,6,17
46,278568,107,278569,22,3.0,2,1,997.0,1165.0,6735.0,3447.0,3746.0,5502.0,25509.0,2799.0,3490.0,7286.0,2025,9,6,17
46,278574,75,278575,127,3.0,7,1,1199.0,3246.0,6284.0,143.0,3314.0,31.0,3274.0,3032.0,2732.0,530.0,2025,9,6,14
46,278574,75,278575,127,3.0,6,1,1199.0,3246.0,6284.0,143.0,3314.0,31.0,3274.0,3032.0,2732.0,530.0,2025,9,6,14
46,278564,166,278565,98,3.0,0,1,656.0,3072.0,26221.0,4011.0,18.0,6307.0,7774.0,26198.0,25560.0,20794.0,2025,9,6,14
46,278564,166,278565,98,3.0,5,0,656.0,3072.0,26221.0,4011.0,18.0,6307.0,7774.0,26198.0,25560.0,20794.0,2025,9,6,14
46,278564,166,278565,98,3.0,7,0,656.0,3072.0,26221.0,4011.0,18.0,6307.0,7774.0,26198.0,25560.0,20794.0,2025,9,6,14
46,278560,71,278561,168,3.0,3,1,416.0,881.0,1661.0,4048.0,3459.0,1069.0,901.0,4164.0,4314.0,4505.0,2025,9,6,11
46,278560,71,278561,168,3.0,6,1,416.0,881.0,1661.0,4048.0,3459.0,1069.0,901.0,4164.0,4314.0,4505.0,2025,9,6,11
46,278566,16,278567,66,3.0,4,1,11.0,3248.0,1757.0,41.0,736.0,2225.0,626.0,3445.0,3749.0,998.0,2025,9,6,11
46,278566,16,278567,66,3.0,5,1,11.0,3248.0,1757.0,41.0,736.0,2225.0,626.0,3445.0,3749.0,998.0,2025,9,6,11
46,278566,16,278567,66,3.0,3,0,11.0,3248.0,1757.0,41.0,736.0,2225.0,626.0,3445.0,3749.0,998.0,2025,9,6,11
55,260088,181,260089,61,5.0,6,1,3020.0,3192.0,4765.0,3526.0,5827.0,625.0,628.0,1.0,26759.0,564.0,2025,9,6,18
55,260088,181,260089,61,5.0,2,0,3020.0,3192.0,4765.0,3526.0,5827.0,625.0,628.0,1.0,26759.0,564.0,2025,9,6,18
55,260088,181,260089,61,5.0,3,1,3020.0,3192.0,4765.0,3526.0,5827.0,625.0,628.0,1.0,26759.0,564.0,2025,9,6,18
55,260088,181,260089,61,5.0,4,0,3020.0,3192.0,4765.0,3526.0,5827.0,625.0,628.0,1.0,26759.0,564.0,2025,9,6,18
55,260088,181,260089,61,5.0,5,0,3020.0,3192.0,4765.0,3526.0,5827.0,625.0,628.0,1.0,26759.0,564.0,2025,9,6,18
55,277880,61,277881,188,3.0,5,1,625.0,628.0,1.0,26759.0,564.0,26.0,945.0,2611.0,2041.0,26434.0,2025,9,5,19
55,277880,61,277881,188,3.0,7,1,625.0,628.0,1.0,26759.0,564.0,26.0,945.0,2611.0,2041.0,26434.0,2025,9,5,19
55,277878,168,277879,203,3.0,4,1,78.0,35.0,5774.0,1548.0,2726.0,3020.0,3192.0,4765.0,3526.0,5827.0,2025,9,5,15
55,277878,168,277879,203,3.0,2,0,78.0,35.0,5774.0,1548.0,2726.0,3020.0,3192.0,4765.0,3526.0,5827.0,2025,9,5,15
55,277878,168,277879,203,3.0,0,0,78.0,35.0,5774.0,1548.0,2726.0,3020.0,3192.0,4765.0,3526.0,5827.0,2025,9,5,15
55,277876,200,277877,188,3.0,3,0,690.0,1871.0,5620.0,1913.0,4393.0,26.0,945.0,2611.0,2041.0,26434.0,2025,9,4,22
55,277876,200,277877,188,3.0,0,0,690.0,1871.0,5620.0,1913.0,4393.0,26.0,945.0,2611.0,2041.0,26434.0,2025,9,4,22
55,277874,61,277875,19,3.0,5,1,625.0,628.0,1.0,26759.0,564.0,11.0,3248.0,1757.0,41.0,736.0,2025,9,4,18
55,277874,61,277875,19,3.0,7,1,625.0,628.0,1.0,26759.0,564.0,11.0,3248.0,1757.0,41.0,736.0,2025,9,4,18
55,277870,17,277871,189,3.0,4,0,157.0,156.0,197.0,4903.0,6237.0,78.0,35.0,5774.0,1548.0,2726.0,2025,9,4,15
55,277870,17,277871,189,3.0,3,0,157.0,156.0,197.0,4903.0,6237.0,78.0,35.0,5774.0,1548.0,2726.0,2025,9,4,15
55,277872,181,277873,73,3.0,0,1,3020.0,3192.0,4765.0,3526.0,5827.0,416.0,881.0,3459.0,4048.0,1661.0,2025,9,4,11
55,277872,181,277873,73,3.0,2,0,3020.0,3192.0,4765.0,3526.0,5827.0,416.0,881.0,3459.0,4048.0,1661.0,2025,9,4,11
55,277872,181,277873,73,3.0,4,1,3020.0,3192.0,4765.0,3526.0,5827.0,416.0,881.0,3459.0,4048.0,1661.0,2025,9,4,11
55,277396,200,277397,214,3.0,4,0,690.0,1871.0,5620.0,1913.0,4393.0,572.0,2785.0,27048.0,5156.0,612.0,2025,9,2,18
55,277396,200,277397,214,3.0,2,1,690.0,1871.0,5620.0,1913.0,4393.0,572.0,2785.0,27048.0,5156.0,612.0,2025,9,2,18
55,277394,16,277395,79,3.0,5,1,11.0,3248.0,1757.0,41.0,736.0,1199.0,3246.0,143.0,6284.0,3696.0,2025,9,2,15
55,277394,16,277395,79,3.0,6,1,11.0,3248.0,1757.0,41.0,736.0,1199.0,3246.0,143.0,6284.0,3696.0,2025,9,2,15
55,277392,63,277393,189,3.0,0,0,27.0,28.0,704.0,6715.0,692.0,78.0,35.0,5774.0,1548.0,2726.0,2025,9,2,12
55,277392,63,277393,189,3.0,2,0,27.0,28.0,704.0,6715.0,692.0,78.0,35.0,5774.0,1548.0,2726.0,2025,9,2,12
55,277390,16,277391,112,3.0,4,1,11.0,3248.0,1757.0,41.0,736.0,997.0,1165.0,6735.0,3447.0,3746.0,2025,9,1,21
55,277390,16,277391,112,3.0,5,1,11.0,3248.0,1757.0,41.0,736.0,997.0,1165.0,6735.0,3447.0,3746.0,2025,9,1,21
55,277384,61,277385,227,3.0,2,1,625.0,628.0,1.0,26759.0,564.0,690.0,1871.0,5620.0,1913.0,4393.0,2025,9,1,20
55,277384,61,277385,227,3.0,3,1,625.0,628.0,1.0,26759.0,564.0,690.0,1871.0,5620.0,1913.0,4393.0,2025,9,1,20
55,277388,164,277389,189,3.0,3,1,4400.0,6146.0,1151.0,3062.0,269.0,78.0,35.0,5774.0,1548.0,2726.0,2025,9,1,17
55,277388,164,277389,189,3.0,4,0,4400.0,6146.0,1151.0,3062.0,269.0,78.0,35.0,5774.0,1548.0,2726.0,2025,9,1,17
55,277388,164,277389,189,3.0,0,0,4400.0,6146.0,1151.0,3062.0,269.0,78.0,35.0,5774.0,1548.0,2726.0,2025,9,1,17
55,277382,63,277383,203,3.0,0,0,27.0,28.0,704.0,6715.0,692.0,3020.0,3192.0,4765.0,3526.0,5827.0,2025,9,1,16
55,277382,63,277383,203,3.0,3,1,27.0,28.0,704.0,6715.0,692.0,3020.0,3192.0,4765.0,3526.0,5827.0,2025,9,1,16
55,277382,63,277383,203,3.0,4,0,27.0,28.0,704.0,6715.0,692.0,3020.0,3192.0,4765.0,3526.0,5827.0,2025,9,1,16
55,277386,166,277387,214,3.0,2,0,656.0,3072.0,499.0,4011.0,18.0,572.0,2785.0,27048.0,5156.0,612.0,2025,9,1,12
55,277386,166,277387,214,3.0,7,0,656.0,3072.0,499.0,4011.0,18.0,572.0,2785.0,27048.0,5156.0,612.0,2025,9,1,12
55,277386,166,277387,214,3.0,3,1,656.0,3072.0,499.0,4011.0,18.0,572.0,2785.0,27048.0,5156.0,612.0,2025,9,1,12
55,277380,71,277381,79,3.0,0,1,416.0,881.0,3459.0,4048.0,1661.0,1199.0,3246.0,143.0,6284.0,3696.0,2025,9,1,12
55,277380,71,277381,79,3.0,3,1,416.0,881.0,3459.0,4048.0,1661.0,1199.0,3246.0,143.0,6284.0,3696.0,2025,9,1,12
55,277380,71,277381,79,3.0,6,0,416.0,881.0,3459.0,4048.0,1661.0,1199.0,3246.0,143.0,6284.0,3696.0,2025,9,1,12
55,277366,17,277367,61,3.0,2,1,157.0,156.0,197.0,4903.0,6237.0,625.0,628.0,1.0,26759.0,564.0,2025,9,0,21
55,277366,17,277367,61,3.0,3,1,157.0,156.0,197.0,4903.0,6237.0,625.0,628.0,1.0,26759.0,564.0,2025,9,0,21
55,277370,16,277371,227,3.0,4,0,11.0,3248.0,1757.0,41.0,736.0,690.0,1871.0,5620.0,1913.0,4393.0,2025,9,0,21
55,277370,16,277371,227,3.0,3,0,11.0,3248.0,1757.0,41.0,736.0,690.0,1871.0,5620.0,1913.0,4393.0,2025,9,0,21
55,277364,167,277365,63,3.0,5,1,26.0,945.0,2611.0,2041.0,26434.0,27.0,28.0,704.0,6715.0,692.0,2025,9,0,19
55,277372,107,277373,73,3.0,7,0,997.0,1165.0,6735.0,3447.0,3746.0,416.0,881.0,3459.0,4048.0,1661.0,2025,9,0,19
55,277374,166,277375,79,3.0,3,0,656.0,3072.0,499.0,4011.0,18.0,1199.0,3246.0,143.0,6284.0,3696.0,2025,9,0,14
55,277374,166,277375,79,3.0,6,1,656.0,3072.0,499.0,4011.0,18.0,1199.0,3246.0,143.0,6284.0,3696.0,2025,9,0,14
55,277374,166,277375,79,3.0,2,0,656.0,3072.0,499.0,4011.0,18.0,1199.0,3246.0,143.0,6284.0,3696.0,2025,9,0,14
55,277376,168,277377,89,3.0,4,1,78.0,35.0,5774.0,1548.0,2726.0,1451.0,5364.0,2776.0,3368.0,26127.0,2025,9,0,14
55,277376,168,277377,89,3.0,0,1,78.0,35.0,5774.0,1548.0,2726.0,1451.0,5364.0,2776.0,3368.0,26127.0,2025,9,0,14
55,277376,168,277377,89,3.0,2,0,78.0,35.0,5774.0,1548.0,2726.0,1451.0,5364.0,2776.0,3368.0,26127.0,2025,9,0,14
55,277378,187,277379,114,3.0,2,1,572.0,2785.0,27048.0,5156.0,612.0,1271.0,1270.0,7709.0,2159.0,7958.0,2025,9,0,11
55,277378,187,277379,114,3.0,7,1,572.0,2785.0,27048.0,5156.0,612.0,1271.0,1270.0,7709.0,2159.0,7958.0,2025,9,0,11
55,277368,164,277369,203,3.0,0,0,4400.0,6146.0,1151.0,3062.0,269.0,3020.0,3192.0,4765.0,3526.0,5827.0,2025,9,0,11
55,277368,164,277369,203,3.0,6,0,4400.0,6146.0,1151.0,3062.0,269.0,3020.0,3192.0,4765.0,3526.0,5827.0,2025,9,0,11
55,277368,164,277369,203,3.0,4,1,4400.0,6146.0,1151.0,3062.0,269.0,3020.0,3192.0,4765.0,3526.0,5827.0,2025,9,0,11
55,277354,61,277355,73,3.0,6,1,625.0,628.0,1.0,26759.0,564.0,416.0,881.0,3459.0,4048.0,1661.0,2025,9,6,20
55,277354,61,277355,73,3.0,3,1,625.0,628.0,1.0,26759.0,564.0,416.0,881.0,3459.0,4048.0,1661.0,2025,9,6,20
55,277362,85,277363,227,3.0,2,1,1451.0,5364.0,2776.0,3368.0,26127.0,690.0,1871.0,5620.0,1913.0,4393.0,2025,9,6,18
55,277362,85,277363,227,3.0,5,0,1451.0,5364.0,2776.0,3368.0,26127.0,690.0,1871.0,5620.0,1913.0,4393.0,2025,9,6,18
55,277352,17,277353,183,3.0,4,1,157.0,156.0,197.0,4903.0,6237.0,4400.0,6146.0,1151.0,3062.0,269.0,2025,9,6,17
55,277352,17,277353,183,3.0,3,1,157.0,156.0,197.0,4903.0,6237.0,4400.0,6146.0,1151.0,3062.0,269.0,2025,9,6,17
55,277360,75,277361,189,3.0,2,1,1199.0,3246.0,143.0,6284.0,3696.0,78.0,35.0,5774.0,1548.0,2726.0,2025,9,6,16
55,277350,167,277351,112,3.0,3,1,26.0,945.0,2611.0,2041.0,26434.0,997.0,1165.0,6735.0,3447.0,3746.0,2025,9,6,14
55,277350,167,277351,112,3.0,0,1,26.0,945.0,2611.0,2041.0,26434.0,997.0,1165.0,6735.0,3447.0,3746.0,2025,9,6,14
55,277358,187,277359,19,3.0,7,0,572.0,2785.0,27048.0,5156.0,612.0,11.0,3248.0,1757.0,41.0,736.0,2025,9,6,13
55,277358,187,277359,19,3.0,0,0,572.0,2785.0,27048.0,5156.0,612.0,11.0,3248.0,1757.0,41.0,736.0,2025,9,6,13
55,277348,166,277349,63,3.0,5,1,656.0,3072.0,499.0,4011.0,18.0,27.0,28.0,704.0,6715.0,692.0,2025,9,6,11
55,277356,181,277357,114,3.0,0,1,3020.0,3192.0,4765.0,3526.0,5827.0,1271.0,1270.0,7709.0,2159.0,7958.0,2025,9,6,11
55,277356,181,277357,114,3.0,2,1,3020.0,3192.0,4765.0,3526.0,5827.0,1271.0,1270.0,7709.0,2159.0,7958.0,2025,9,6,11
55,277236,61,277237,189,3.0,2,0,625.0,628.0,1.0,26759.0,564.0,78.0,35.0,5774.0,1548.0,2726.0,2025,9,5,20
55,277234,63,277235,227,3.0,5,1,27.0,28.0,704.0,6715.0,692.0,690.0,1871.0,5620.0,1913.0,4393.0,2025,9,5,17
55,277234,63,277235,227,3.0,4,1,27.0,28.0,704.0,6715.0,692.0,690.0,1871.0,5620.0,1913.0,4393.0,2025,9,5,17
55,277232,71,277233,114,3.0,2,1,416.0,881.0,3459.0,4048.0,1661.0,1271.0,1270.0,7709.0,2159.0,7958.0,2025,9,5,14
55,277232,71,277233,114,3.0,3,1,416.0,881.0,3459.0,4048.0,1661.0,1271.0,1270.0,7709.0,2159.0,7958.0,2025,9,5,14
55,277230,85,277231,112,3.0,5,1,1451.0,5364.0,2776.0,3368.0,26127.0,997.0,1165.0,6735.0,3447.0,3746.0,2025,9,5,11
55,277230,85,277231,112,3.0,4,0,1451.0,5364.0,2776.0,3368.0,26127.0,997.0,1165.0,6735.0,3447.0,3746.0,2025,9,5,11
55,277230,85,277231,112,3.0,2,0,1451.0,5364.0,2776.0,3368.0,26127.0,997.0,1165.0,6735.0,3447.0,3746.0,2025,9,5,11
55,277228,17,277229,19,3.0,2,1,157.0,156.0,197.0,4903.0,6237.0,11.0,3248.0,1757.0,41.0,736.0,2025,9,4,19
55,277228,17,277229,19,3.0,6,1,157.0,156.0,197.0,4903.0,6237.0,11.0,3248.0,1757.0,41.0,736.0,2025,9,4,19
55,277228,17,277229,19,3.0,5,0,157.0,156.0,197.0,4903.0,6237.0,11.0,3248.0,1757.0,41.0,736.0,2025,9,4,19
55,277226,167,277227,214,3.0,4,1,26.0,945.0,2611.0,2041.0,26434.0,572.0,2785.0,27048.0,5156.0,612.0,2025,9,4,17
55,277226,167,277227,214,3.0,0,1,26.0,945.0,2611.0,2041.0,26434.0,572.0,2785.0,27048.0,5156.0,612.0,2025,9,4,17
55,277224,181,277225,186,3.0,0,1,3020.0,3192.0,4765.0,3526.0,5827.0,656.0,3072.0,499.0,4011.0,18.0,2025,9,4,13
55,277224,181,277225,186,3.0,5,0,3020.0,3192.0,4765.0,3526.0,5827.0,656.0,3072.0,499.0,4011.0,18.0,2025,9,4,13
55,277224,181,277225,186,3.0,3,0,3020.0,3192.0,4765.0,3526.0,5827.0,656.0,3072.0,499.0,4011.0,18.0,2025,9,4,13
55,277222,75,277223,183,3.0,3,0,1199.0,3246.0,143.0,6284.0,3696.0,4400.0,6146.0,1151.0,3062.0,269.0,2025,9,4,11
108,277826,122,277827,135,3.0,5,1,1401.0,169.0,1834.0,2934.0,7201.0,3396.0,3110.0,709.0,150.0,8252.0,2025,9,6,19
108,277828,127,277829,22,3.0,2,1,3396.0,3110.0,709.0,150.0,8252.0,5502.0,25509.0,2799.0,3490.0,7286.0,2025,9,6,16
108,277828,127,277829,22,3.0,7,1,3396.0,3110.0,709.0,150.0,8252.0,5502.0,25509.0,2799.0,3490.0,7286.0,2025,9,6,16
108,277824,77,277825,22,3.0,0,0,773.0,772.0,1662.0,1394.0,4530.0,5502.0,25509.0,2799.0,3490.0,7286.0,2025,9,5,19
108,277824,77,277825,22,3.0,3,1,773.0,772.0,1662.0,1394.0,4530.0,5502.0,25509.0,2799.0,3490.0,7286.0,2025,9,5,19
108,277824,77,277825,22,3.0,4,0,773.0,772.0,1662.0,1394.0,4530.0,5502.0,25509.0,2799.0,3490.0,7286.0,2025,9,5,19
108,277822,122,277823,135,3.0,3,1,1401.0,169.0,1834.0,2934.0,7201.0,3396.0,3110.0,709.0,150.0,8252.0,2025,9,5,17
108,277820,140,277821,22,3.0,7,0,540.0,472.0,532.0,6335.0,5298.0,5502.0,25509.0,2799.0,3490.0,7286.0,2025,9,5,15
108,277820,140,277821,22,3.0,2,0,540.0,472.0,532.0,6335.0,5298.0,5502.0,25509.0,2799.0,3490.0,7286.0,2025,9,5,15
108,277818,137,277819,82,3.0,3,0,2988.0,266.0,7528.0,6900.0,4923.0,773.0,772.0,1662.0,1394.0,4530.0,2025,9,5,12
108,277818,137,277819,82,3.0,4,1,2988.0,266.0,7528.0,6900.0,4923.0,773.0,772.0,1662.0,1394.0,4530.0,2025,9,5,12
108,277810,122,277811,149,3.0,3,1,1401.0,169.0,1834.0,2934.0,7201.0,540.0,472.0,532.0,6335.0,5298.0,2025,9,4,19
108,277812,137,277813,135,3.0,0,0,2988.0,266.0,7528.0,6900.0,4923.0,3396.0,3110.0,709.0,150.0,8252.0,2025,9,4,17
108,277812,137,277813,135,3.0,7,0,2988.0,266.0,7528.0,6900.0,4923.0,3396.0,3110.0,709.0,150.0,8252.0,2025,9,4,17
108,277814,4,277815,82,3.0,5,0,436.0,6721.0,483.0,4825.0,3241.0,773.0,772.0,1662.0,1394.0,4530.0,2025,9,4,15
108,277814,4,277815,82,3.0,0,0,436.0,6721.0,483.0,4825.0,3241.0,773.0,772.0,1662.0,1394.0,4530.0,2025,9,4,15
108,277816,18,277817,142,3.0,0,0,5502.0,25509.0,2799.0,3490.0,7286.0,6470.0,4518.0,2152.0,4275.0,3517.0,2025,9,4,12
108,277816,18,277817,142,3.0,3,1,5502.0,25509.0,2799.0,3490.0,7286.0,6470.0,4518.0,2152.0,4275.0,3517.0,2025,9,4,12
108,277816,18,277817,142,3.0,4,1,5502.0,25509.0,2799.0,3490.0,7286.0,6470.0,4518.0,2152.0,4275.0,3517.0,2025,9,4,12
108,277164,122,277165,5,3.0,5,1,1401.0,169.0,1834.0,2934.0,7201.0,436.0,6721.0,483.0,4825.0,3241.0,2025,9,3,21
108,277164,122,277165,5,3.0,0,0,1401.0,169.0,1834.0,2934.0,7201.0,436.0,6721.0,483.0,4825.0,3241.0,2025,9,3,21
108,277164,122,277165,5,3.0,3,1,1401.0,169.0,1834.0,2934.0,7201.0,436.0,6721.0,483.0,4825.0,3241.0,2025,9,3,21
108,277166,77,277167,149,3.0,3,0,773.0,772.0,1662.0,1394.0,4530.0,540.0,472.0,532.0,6335.0,5298.0,2025,9,3,18
108,277170,134,277171,135,3.0,7,0,6470.0,4518.0,2152.0,4275.0,3517.0,3396.0,3110.0,709.0,150.0,8252.0,2025,9,3,15
108,277170,134,277171,135,3.0,0,0,6470.0,4518.0,2152.0,4275.0,3517.0,3396.0,3110.0,709.0,150.0,8252.0,2025,9,3,15
108,277168,18,277169,145,3.0,7,0,5502.0,25509.0,2799.0,3490.0,7286.0,2988.0,266.0,7528.0,6900.0,4923.0,2025,9,3,12
108,277168,18,277169,145,3.0,3,0,5502.0,25509.0,2799.0,3490.0,7286.0,2988.0,266.0,7528.0,6900.0,4923.0,2025,9,3,12
117,277514,127,277515,198,3.0,2,0,3396.0,3110.0,709.0,150.0,8252.0,5509.0,291.0,716.0,6729.0,25794.0,2025,9,2,17
117,277514,127,277515,198,3.0,5,0,3396.0,3110.0,709.0,150.0,8252.0,5509.0,291.0,716.0,6729.0,25794.0,2025,9,2,17
117,277520,134,277521,115,3.0,0,1,6470.0,4518.0,2152.0,4275.0,3517.0,845.0,1687.0,2810.0,2113.0,1802.0,2025,9,2,15
117,277520,134,277521,115,3.0,6,1,6470.0,4518.0,2152.0,4275.0,3517.0,845.0,1687.0,2810.0,2113.0,1802.0,2025,9,2,15
117,277518,30,277519,8,3.0,5,1,2936.0,5420.0,457.0,3289.0,5057.0,2846.0,5345.0,752.0,7687.0,6090.0,2025,9,1,20
117,277518,30,277519,8,3.0,2,0,2936.0,5420.0,457.0,3289.0,5057.0,2846.0,5345.0,752.0,7687.0,6090.0,2025,9,1,20
117,277518,30,277519,8,3.0,7,0,2936.0,5420.0,457.0,3289.0,5057.0,2846.0,5345.0,752.0,7687.0,6090.0,2025,9,1,20
117,277510,107,277511,103,3.0,3,1,997.0,1165.0,6735.0,3447.0,3746.0,4033.0,25490.0,1473.0,6836.0,27861.0,2025,9,1,18
8,260086,177,260087,73,5.0,2,0,19.0,550.0,1549.0,1443.0,146.0,416.0,881.0,3459.0,4048.0,1661.0,2025,9,6,17
8,260086,177,260087,73,5.0,6,1,19.0,550.0,1549.0,1443.0,146.0,416.0,881.0,3459.0,4048.0,1661.0,2025,9,6,17
8,260086,177,260087,73,5.0,7,0,19.0,550.0,1549.0,1443.0,146.0,416.0,881.0,3459.0,4048.0,1661.0,2025,9,6,17
8,260086,177,260087,73,5.0,3,0,19.0,550.0,1549.0,1443.0,146.0,416.0,881.0,3459.0,4048.0,1661.0,2025,9,6,17
8,260086,177,260087,73,5.0,4,1,19.0,550.0,1549.0,1443.0,146.0,416.0,881.0,3459.0,4048.0,1661.0,2025,9,6,17
8,277006,61,277007,73,3.0,3,0,625.0,628.0,1.0,26759.0,564.0,416.0,881.0,3459.0,4048.0,1661.0,2025,9,5,20
8,277006,61,277007,73,3.0,4,0,625.0,628.0,1.0,26759.0,564.0,416.0,881.0,3459.0,4048.0,1661.0,2025,9,5,20
8,277004,177,277005,118,3.0,3,1,19.0,550.0,1549.0,1443.0,146.0,2126.0,3121.0,2200.0,315.0,3060.0,2025,9,5,17
8,277004,177,277005,118,3.0,4,1,19.0,550.0,1549.0,1443.0,146.0,2126.0,3121.0,2200.0,315.0,3060.0,2025,9,5,17
8,277002,63,277003,73,3.0,3,0,27.0,28.0,704.0,692.0,6715.0,416.0,881.0,3459.0,4048.0,1661.0,2025,9,4,21
8,277002,63,277003,73,3.0,2,0,27.0,28.0,704.0,692.0,6715.0,416.0,881.0,3459.0,4048.0,1661.0,2025,9,4,21
9,276550,175,276551,73,3.0,0,0,295.0,3397.0,4710.0,965.0,16113.0,416.0,881.0,3459.0,4048.0,1661.0,2025,9,0,22
9,276550,175,276551,73,3.0,2,0,295.0,3397.0,4710.0,965.0,16113.0,416.0,881.0,3459.0,4048.0,1661.0,2025,9,0,22
9,276550,175,276551,73,3.0,4,1,295.0,3397.0,4710.0,965.0,16113.0,416.0,881.0,3459.0,4048.0,1661.0,2025,9,0,22
9,276540,112,276541,61,3.0,3,0,2126.0,3121.0,2200.0,315.0,3060.0,625.0,628.0,1.0,26759.0,564.0,2025,9,0,19
9,276540,112,276541,61,3.0,4,0,2126.0,3121.0,2200.0,315.0,3060.0,625.0,628.0,1.0,26759.0,564.0,2025,9,0,19
9,276534,109,276535,68,3.0,0,1,845.0,1687.0,2810.0,2113.0,1802.0,65.0,495.0,1891.0,7082.0,2638.0,2025,9,0,17
9,276534,109,276535,68,3.0,7,1,845.0,1687.0,2810.0,2113.0,1802.0,65.0,495.0,1891.0,7082.0,2638.0,2025,9,0,17
9,276524,177,276525,63,3.0,3,1,19.0,550.0,1549.0,1443.0,146.0,27.0,28.0,704.0,6715.0,692.0,2025,9,0,13
9,276524,177,276525,63,3.0,5,1,19.0,550.0,1549.0,1443.0,146.0,27.0,28.0,704.0,6715.0,692.0,2025,9,0,13
9,276524,177,276525,63,3.0,4,0,19.0,550.0,1549.0,1443.0,146.0,27.0,28.0,704.0,6715.0,692.0,2025,9,0,13
9,276548,71,276549,67,3.0,4,1,416.0,881.0,3459.0,4048.0,1661.0,272.0,1050.0,2989.0,1039.0,103.0,2025,8,6,21
9,276548,71,276549,67,3.0,0,1,416.0,881.0,3459.0,4048.0,1661.0,272.0,1050.0,2989.0,1039.0,103.0,2025,8,6,21
9,276546,175,276547,189,3.0,4,1,295.0,3397.0,4710.0,965.0,16113.0,78.0,35.0,5774.0,1548.0,2726.0,2025,8,6,18
9,276546,175,276547,189,3.0,2,1,295.0,3397.0,4710.0,965.0,16113.0,78.0,35.0,5774.0,1548.0,2726.0,2025,8,6,18
9,276530,122,276531,115,3.0,0,0,1401.0,169.0,1834.0,2934.0,7201.0,845.0,1687.0,2810.0,2113.0,1802.0,2025,8,6,15
9,276530,122,276531,115,3.0,3,0,1401.0,169.0,1834.0,2934.0,7201.0,845.0,1687.0,2810.0,2113.0,1802.0,2025,8,6,15
9,276530,122,276531,115,3.0,7,1,1401.0,169.0,1834.0,2934.0,7201.0,845.0,1687.0,2810.0,2113.0,1802.0,2025,8,6,15
9,276532,75,276533,68,3.0,0,0,1199.0,3246.0,143.0,6284.0,3696.0,65.0,495.0,1891.0,7082.0,2638.0,2025,8,6,13
9,276532,75,276533,68,3.0,7,0,1199.0,3246.0,143.0,6284.0,3696.0,65.0,495.0,1891.0,7082.0,2638.0,2025,8,6,13
9,276538,61,276539,196,3.0,4,1,625.0,628.0,1.0,26759.0,564.0,295.0,3397.0,4710.0,965.0,16113.0,2025,8,5,21
9,276538,61,276539,196,3.0,5,1,625.0,628.0,1.0,26759.0,564.0,295.0,3397.0,4710.0,965.0,16113.0,2025,8,5,21
9,276536,112,276537,73,3.0,0,1,2126.0,3121.0,2200.0,315.0,3060.0,416.0,881.0,3459.0,4048.0,1661.0,2025,8,5,19
9,276536,112,276537,73,3.0,4,1,2126.0,3121.0,2200.0,315.0,3060.0,416.0,881.0,3459.0,4048.0,1661.0,2025,8,5,19
9,276544,107,276545,67,3.0,3,0,997.0,1165.0,6735.0,3447.0,3746.0,272.0,1050.0,2989.0,1039.0,103.0,2025,8,5,16
9,276544,107,276545,67,3.0,5,1,997.0,1165.0,6735.0,3447.0,3746.0,272.0,1050.0,2989.0,1039.0,103.0,2025,8,5,16
9,276544,107,276545,67,3.0,4,0,997.0,1165.0,6735.0,3447.0,3746.0,272.0,1050.0,2989.0,1039.0,103.0,2025,8,5,16
9,276542,90,276543,189,3.0,2,0,627.0,7944.0,1850.0,204.0,983.0,78.0,35.0,5774.0,1548.0,2726.0,2025,8,5,13
9,276542,90,276543,189,3.0,7,1,627.0,7944.0,1850.0,204.0,983.0,78.0,35.0,5774.0,1548.0,2726.0,2025,8,5,13
9,276542,90,276543,189,3.0,5,0,627.0,7944.0,1850.0,204.0,983.0,78.0,35.0,5774.0,1548.0,2726.0,2025,8,5,13
9,276522,122,276523,63,3.0,2,0,1401.0,169.0,1834.0,2934.0,7201.0,27.0,28.0,704.0,6715.0,692.0,2025,8,4,21
9,276522,122,276523,63,3.0,4,0,1401.0,169.0,1834.0,2934.0,7201.0,27.0,28.0,704.0,6715.0,692.0,2025,8,4,21
9,276520,177,276521,79,3.0,3,0,19.0,550.0,1549.0,1443.0,146.0,1199.0,3246.0,143.0,6284.0,3696.0,2025,8,4,17
9,276520,177,276521,79,3.0,7,1,19.0,550.0,1549.0,1443.0,146.0,1199.0,3246.0,143.0,6284.0,3696.0,2025,8,4,17
9,276520,177,276521,79,3.0,5,1,19.0,550.0,1549.0,1443.0,146.0,1199.0,3246.0,143.0,6284.0,3696.0,2025,8,4,17
9,276526,109,276527,214,3.0,2,1,845.0,1687.0,2810.0,2113.0,1802.0,572.0,2785.0,163.0,5156.0,612.0,2025,8,4,14
9,276526,109,276527,214,3.0,6,0,845.0,1687.0,2810.0,2113.0,1802.0,572.0,2785.0,163.0,5156.0,612.0,2025,8,4,14
9,276526,109,276527,214,3.0,4,1,845.0,1687.0,2810.0,2113.0,1802.0,572.0,2785.0,163.0,5156.0,612.0,2025,8,4,14
9,276528,68,276529,49,3.0,0,1,65.0,495.0,1891.0,7082.0,2638.0,1681.0,3384.0,7245.0,1091.0,6665.0,2025,8,4,13
9,276528,68,276529,49,3.0,4,1,65.0,495.0,1891.0,7082.0,2638.0,1681.0,3384.0,7245.0,1091.0,6665.0,2025,8,4,13
9,276516,61,276517,112,3.0,5,0,625.0,628.0,1.0,26759.0,564.0,997.0,1165.0,6735.0,3447.0,3746.0,2025,8,3,19
9,276516,61,276517,112,3.0,3,1,625.0,628.0,1.0,26759.0,564.0,997.0,1165.0,6735.0,3447.0,3746.0,2025,8,3,19
9,276516,61,276517,112,3.0,4,1,625.0,628.0,1.0,26759.0,564.0,997.0,1165.0,6735.0,3447.0,3746.0,2025,8,3,19
9,276518,67,276519,196,3.0,2,0,272.0,1050.0,2989.0,1039.0,103.0,295.0,3397.0,4710.0,965.0,16113.0,2025,8,3,17
9,276518,67,276519,196,3.0,4,0,272.0,1050.0,2989.0,1039.0,103.0,295.0,3397.0,4710.0,965.0,16113.0,2025,8,3,17
9,276514,168,276515,73,3.0,7,0,78.0,35.0,5774.0,1548.0,2726.0,416.0,881.0,3459.0,4048.0,1661.0,2025,8,3,16
9,276514,168,276515,73,3.0,3,0,78.0,35.0,5774.0,1548.0,2726.0,416.0,881.0,3459.0,4048.0,1661.0,2025,8,3,16
9,276512,112,276513,96,3.0,5,1,2126.0,3121.0,2200.0,315.0,3060.0,627.0,7944.0,1850.0,204.0,983.0,2025,8,3,13
9,276512,112,276513,96,3.0,6,0,2126.0,3121.0,2200.0,315.0,3060.0,627.0,7944.0,1850.0,204.0,983.0,2025,8,3,13
9,276512,112,276513,96,3.0,4,1,2126.0,3121.0,2200.0,315.0,3060.0,627.0,7944.0,1850.0,204.0,983.0,2025,8,3,13
9,276508,122,276509,68,3.0,7,1,1401.0,169.0,1834.0,2934.0,7201.0,65.0,495.0,1891.0,7082.0,2638.0,2025,8,2,21
9,276508,122,276509,68,3.0,4,1,1401.0,169.0,1834.0,2934.0,7201.0,65.0,495.0,1891.0,7082.0,2638.0,2025,8,2,21
9,276510,49,276511,63,3.0,2,0,1681.0,3384.0,7245.0,1091.0,6665.0,27.0,28.0,704.0,6715.0,692.0,2025,8,2,18
9,276510,49,276511,63,3.0,3,0,1681.0,3384.0,7245.0,1091.0,6665.0,27.0,28.0,704.0,6715.0,692.0,2025,8,2,18
9,276510,49,276511,63,3.0,6,1,1681.0,3384.0,7245.0,1091.0,6665.0,27.0,28.0,704.0,6715.0,692.0,2025,8,2,18
9,276506,187,276507,79,3.0,0,0,572.0,2785.0,163.0,5156.0,612.0,1199.0,3246.0,143.0,6284.0,3696.0,2025,8,2,16
9,276506,187,276507,79,3.0,2,0,572.0,2785.0,163.0,5156.0,612.0,1199.0,3246.0,143.0,6284.0,3696.0,2025,8,2,16
9,276504,177,276505,115,3.0,3,1,19.0,550.0,1549.0,1443.0,146.0,845.0,1687.0,2810.0,2113.0,1802.0,2025,8,2,13
9,276504,177,276505,115,3.0,6,0,19.0,550.0,1549.0,1443.0,146.0,845.0,1687.0,2810.0,2113.0,1802.0,2025,8,2,13
9,276504,177,276505,115,3.0,2,1,19.0,550.0,1549.0,1443.0,146.0,845.0,1687.0,2810.0,2113.0,1802.0,2025,8,2,13
53,276280,181,276281,20,5.0,4,1,3020.0,3192.0,4765.0,3526.0,5827.0,157.0,156.0,197.0,4903.0,6237.0,2025,8,6,13
53,276280,181,276281,20,5.0,5,1,3020.0,3192.0,4765.0,3526.0,5827.0,157.0,156.0,197.0,4903.0,6237.0,2025,8,6,13
53,276280,181,276281,20,5.0,2,1,3020.0,3192.0,4765.0,3526.0,5827.0,157.0,156.0,197.0,4903.0,6237.0,2025,8,6,13
53,276278,177,276279,188,3.0,7,0,19.0,550.0,1549.0,1443.0,146.0,26434.0,26.0,945.0,2611.0,2041.0,2025,8,6,10
53,276278,177,276279,188,3.0,3,1,19.0,550.0,1549.0,1443.0,146.0,26434.0,26.0,945.0,2611.0,2041.0,2025,8,6,10
53,276278,177,276279,188,3.0,5,0,19.0,550.0,1549.0,1443.0,146.0,26434.0,26.0,945.0,2611.0,2041.0,2025,8,6,10
53,276498,167,276499,20,3.0,3,0,26434.0,26.0,945.0,2611.0,2041.0,157.0,156.0,197.0,4903.0,6237.0,2025,8,5,21
53,276498,167,276499,20,3.0,7,0,26434.0,26.0,945.0,2611.0,2041.0,157.0,156.0,197.0,4903.0,6237.0,2025,8,5,21
53,276496,177,276497,203,3.0,4,0,19.0,550.0,1549.0,1443.0,146.0,3020.0,3192.0,4765.0,3526.0,5827.0,2025,8,5,17
53,276496,177,276497,203,3.0,2,1,19.0,550.0,1549.0,1443.0,146.0,3020.0,3192.0,4765.0,3526.0,5827.0,2025,8,5,17
53,276492,112,276493,188,3.0,5,0,2126.0,3121.0,2200.0,315.0,3060.0,26434.0,26.0,945.0,2611.0,2041.0,2025,8,4,20
53,276492,112,276493,188,3.0,3,1,2126.0,3121.0,2200.0,315.0,3060.0,26434.0,26.0,945.0,2611.0,2041.0,2025,8,4,20
53,276492,112,276493,188,3.0,0,0,2126.0,3121.0,2200.0,315.0,3060.0,26434.0,26.0,945.0,2611.0,2041.0,2025,8,4,20
53,276494,17,276495,89,3.0,4,1,157.0,156.0,197.0,4903.0,6237.0,1451.0,5364.0,3395.0,3368.0,26127.0,2025,8,4,17
53,276494,17,276495,89,3.0,2,1,157.0,156.0,197.0,4903.0,6237.0,1451.0,5364.0,3395.0,3368.0,26127.0,2025,8,4,17
53,276490,177,276491,183,3.0,5,1,19.0,550.0,1549.0,1443.0,146.0,269.0,1151.0,6146.0,4400.0,3062.0,2025,8,3,21
53,276490,177,276491,183,3.0,3,1,19.0,550.0,1549.0,1443.0,146.0,269.0,1151.0,6146.0,4400.0,3062.0,2025,8,3,21
53,276488,166,276489,203,3.0,5,0,656.0,3072.0,499.0,4011.0,18.0,3020.0,3192.0,4765.0,3526.0,5827.0,2025,8,3,17
53,276488,166,276489,203,3.0,3,1,656.0,3072.0,499.0,4011.0,18.0,3020.0,3192.0,4765.0,3526.0,5827.0,2025,8,3,17
53,276488,166,276489,203,3.0,0,0,656.0,3072.0,499.0,4011.0,18.0,3020.0,3192.0,4765.0,3526.0,5827.0,2025,8,3,17
53,275406,187,275407,118,3.0,4,0,572.0,2785.0,163.0,612.0,5156.0,2126.0,3121.0,2200.0,315.0,3060.0,2025,8,3,14
53,275406,187,275407,118,3.0,3,1,572.0,2785.0,163.0,612.0,5156.0,2126.0,3121.0,2200.0,315.0,3060.0,2025,8,3,14
53,275406,187,275407,118,3.0,6,0,572.0,2785.0,163.0,612.0,5156.0,2126.0,3121.0,2200.0,315.0,3060.0,2025,8,3,14
53,275408,71,275409,188,3.0,0,0,416.0,881.0,4048.0,3459.0,1661.0,26434.0,26.0,945.0,2611.0,2041.0,2025,8,3,14
53,275408,71,275409,188,3.0,7,0,416.0,881.0,4048.0,3459.0,1661.0,26434.0,26.0,945.0,2611.0,2041.0,2025,8,3,14
53,275410,63,275411,20,3.0,4,0,27.0,28.0,704.0,32.0,692.0,157.0,156.0,197.0,4903.0,6237.0,2025,8,2,21
53,275410,63,275411,20,3.0,6,0,27.0,28.0,704.0,32.0,692.0,157.0,156.0,197.0,4903.0,6237.0,2025,8,2,21
53,275410,63,275411,20,3.0,3,1,27.0,28.0,704.0,32.0,692.0,157.0,156.0,197.0,4903.0,6237.0,2025,8,2,21
53,275412,175,275413,89,3.0,4,0,16113.0,295.0,3397.0,4710.0,965.0,1451.0,5364.0,3395.0,3368.0,26127.0,2025,8,2,21
53,275412,175,275413,89,3.0,0,1,16113.0,295.0,3397.0,4710.0,965.0,1451.0,5364.0,3395.0,3368.0,26127.0,2025,8,2,21
53,275412,175,275413,89,3.0,5,0,16113.0,295.0,3397.0,4710.0,965.0,1451.0,5364.0,3395.0,3368.0,26127.0,2025,8,2,21
53,275398,177,275399,189,3.0,2,1,19.0,550.0,1549.0,1443.0,146.0,78.0,35.0,5774.0,1548.0,2726.0,2025,8,2,18
53,275398,177,275399,189,3.0,4,1,19.0,550.0,1549.0,1443.0,146.0,78.0,35.0,5774.0,1548.0,2726.0,2025,8,2,18
53,275400,164,275401,19,3.0,7,1,269.0,1151.0,6146.0,4400.0,3062.0,11.0,3248.0,1757.0,484.0,736.0,2025,8,2,17
53,275400,164,275401,19,3.0,3,0,269.0,1151.0,6146.0,4400.0,3062.0,11.0,3248.0,1757.0,484.0,736.0,2025,8,2,17
53,275400,164,275401,19,3.0,6,1,269.0,1151.0,6146.0,4400.0,3062.0,11.0,3248.0,1757.0,484.0,736.0,2025,8,2,17
53,275402,122,275403,186,3.0,3,0,1401.0,169.0,7201.0,1834.0,2934.0,656.0,3072.0,499.0,4011.0,18.0,2025,8,2,14
53,275402,122,275403,186,3.0,0,1,1401.0,169.0,7201.0,1834.0,2934.0,656.0,3072.0,499.0,4011.0,18.0,2025,8,2,14
53,275404,75,275405,203,3.0,6,0,1199.0,3246.0,143.0,6284.0,3696.0,3020.0,3192.0,4765.0,3526.0,5827.0,2025,8,2,14
53,275404,75,275405,203,3.0,3,0,1199.0,3246.0,143.0,6284.0,3696.0,3020.0,3192.0,4765.0,3526.0,5827.0,2025,8,2,14
1,276138,175,276139,203,5.0,5,1,295.0,3397.0,4710.0,965.0,16113.0,3020.0,3192.0,4765.0,3526.0,5827.0,2025,8,6,17
1,276138,175,276139,203,5.0,0,1,295.0,3397.0,4710.0,965.0,16113.0,3020.0,3192.0,4765.0,3526.0,5827.0,2025,8,6,17
1,276138,175,276139,203,5.0,4,1,295.0,3397.0,4710.0,965.0,16113.0,3020.0,3192.0,4765.0,3526.0,5827.0,2025,8,6,17
1,276134,177,276135,203,3.0,4,0,19.0,550.0,1549.0,1443.0,146.0,3020.0,3192.0,4765.0,3526.0,5827.0,2025,8,5,19
1,276134,177,276135,203,3.0,3,0,19.0,550.0,1549.0,1443.0,146.0,3020.0,3192.0,4765.0,3526.0,5827.0,2025,8,5,19
1,276136,112,276137,196,3.0,4,0,2126.0,3121.0,2200.0,315.0,3060.0,295.0,3397.0,4710.0,965.0,16113.0,2025,8,5,17
1,276136,112,276137,196,3.0,0,0,2126.0,3121.0,2200.0,315.0,3060.0,295.0,3397.0,4710.0,965.0,16113.0,2025,8,5,17
1,276044,175,276045,214,3.0,6,1,295.0,3397.0,4710.0,965.0,16113.0,572.0,2785.0,163.0,5156.0,612.0,2025,8,4,20
1,276044,175,276045,214,3.0,0,1,295.0,3397.0,4710.0,965.0,16113.0,572.0,2785.0,163.0,5156.0,612.0,2025,8,4,20
1,276040,177,276041,189,3.0,7,1,19.0,550.0,1549.0,1443.0,146.0,78.0,35.0,5774.0,1548.0,2726.0,2025,8,4,17
1,276040,177,276041,189,3.0,5,1,19.0,550.0,1549.0,1443.0,146.0,78.0,35.0,5774.0,1548.0,2726.0,2025,8,4,17
1,276046,181,276047,20,3.0,4,1,3020.0,3192.0,4765.0,3526.0,5827.0,157.0,156.0,197.0,4903.0,6237.0,2025,8,3,19
1,276046,181,276047,20,3.0,2,1,3020.0,3192.0,4765.0,3526.0,5827.0,157.0,156.0,197.0,4903.0,6237.0,2025,8,3,19
1,276042,112,276043,19,3.0,5,1,2126.0,3121.0,2200.0,315.0,3060.0,11.0,3248.0,1757.0,484.0,736.0,2025,8,3,17
1,276042,112,276043,19,3.0,4,1,2126.0,3121.0,2200.0,315.0,3060.0,11.0,3248.0,1757.0,484.0,736.0,2025,8,3,17
109,276216,89,276217,68,3.0,6,1,772.0,1394.0,1662.0,773.0,4530.0,65.0,495.0,1891.0,7082.0,2638.0,2025,8,6,20
109,276216,89,276217,68,3.0,3,0,772.0,1394.0,1662.0,773.0,4530.0,65.0,495.0,1891.0,7082.0,2638.0,2025,8,6,20
109,276216,89,276217,68,3.0,4,1,772.0,1394.0,1662.0,773.0,4530.0,65.0,495.0,1891.0,7082.0,2638.0,2025,8,6,20
109,276214,137,276215,49,3.0,7,0,2988.0,266.0,7528.0,6900.0,4923.0,1681.0,3384.0,7245.0,1091.0,6665.0,2025,8,6,19
109,276214,137,276215,49,3.0,2,1,2988.0,266.0,7528.0,6900.0,4923.0,1681.0,3384.0,7245.0,1091.0,6665.0,2025,8,6,19
109,276002,50,276003,68,3.0,7,1,607.0,5630.0,4010.0,1004.0,4840.0,65.0,495.0,1891.0,7082.0,2638.0,2025,8,5,16
109,276002,50,276003,68,3.0,0,0,607.0,5630.0,4010.0,1004.0,4840.0,65.0,495.0,1891.0,7082.0,2638.0,2025,8,5,16
109,276002,50,276003,68,3.0,2,0,607.0,5630.0,4010.0,1004.0,4840.0,65.0,495.0,1891.0,7082.0,2638.0,2025,8,5,16
109,276000,30,276001,68,3.0,6,0,2936.0,5420.0,457.0,3289.0,5057.0,65.0,495.0,1891.0,7082.0,2638.0,2025,8,4,17
109,276000,30,276001,68,3.0,7,0,2936.0,5420.0,457.0,3289.0,5057.0,65.0,495.0,1891.0,7082.0,2638.0,2025,8,4,17
109,276020,124,276021,197,3.0,4,1,3538.0,6142.0,3344.0,5284.0,6431.0,7440.0,26193.0,26179.0,27718.0,605.0,2025,8,4,16
109,276020,124,276021,197,3.0,7,0,3538.0,6142.0,3344.0,5284.0,6431.0,7440.0,26193.0,26179.0,27718.0,605.0,2025,8,4,16
109,276020,124,276021,197,3.0,2,0,3538.0,6142.0,3344.0,5284.0,6431.0,7440.0,26193.0,26179.0,27718.0,605.0,2025,8,4,16
109,276016,62,276017,197,3.0,4,1,1486.0,6252.0,6360.0,8019.0,8469.0,7440.0,26193.0,26179.0,27718.0,605.0,2025,8,3,16
109,276016,62,276017,197,3.0,0,1,1486.0,6252.0,6360.0,8019.0,8469.0,7440.0,26193.0,26179.0,27718.0,605.0,2025,8,3,16
109,276016,62,276017,197,3.0,6,0,1486.0,6252.0,6360.0,8019.0,8469.0,7440.0,26193.0,26179.0,27718.0,605.0,2025,8,3,16
109,276006,49,276007,103,3.0,2,0,1681.0,3384.0,7245.0,1091.0,6665.0,4033.0,27861.0,1473.0,25490.0,6836.0,2025,8,3,16
109,276006,49,276007,103,3.0,5,0,1681.0,3384.0,7245.0,1091.0,6665.0,4033.0,27861.0,1473.0,25490.0,6836.0,2025,8,3,16
109,276014,124,276015,94,3.0,3,0,3538.0,6142.0,3344.0,5284.0,6431.0,772.0,1394.0,1662.0,773.0,4530.0,2025,8,3,13
109,276014,124,276015,94,3.0,0,0,3538.0,6142.0,3344.0,5284.0,6431.0,772.0,1394.0,1662.0,773.0,4530.0,2025,8,3,13
109,275996,68,275997,145,3.0,0,0,65.0,495.0,1891.0,7082.0,2638.0,2988.0,266.0,7528.0,6900.0,4923.0,2025,8,2,16
109,275996,68,275997,145,3.0,4,0,65.0,495.0,1891.0,7082.0,2638.0,2988.0,266.0,7528.0,6900.0,4923.0,2025,8,2,16
109,275994,50,275995,33,3.0,0,1,607.0,5630.0,4010.0,1004.0,4840.0,2936.0,5420.0,457.0,3289.0,5057.0,2025,8,2,13
109,275994,50,275995,33,3.0,4,1,607.0,5630.0,4010.0,1004.0,4840.0,2936.0,5420.0,457.0,3289.0,5057.0,2025,8,2,13
109,275994,50,275995,33,3.0,5,0,607.0,5630.0,4010.0,1004.0,4840.0,2936.0,5420.0,457.0,3289.0,5057.0,2025,8,2,13
109,275984,23,275985,149,3.0,7,1,1958.0,164.0,1685.0,4833.0,2995.0,8305.0,5298.0,1404.0,3168.0,1420.0,2025,8,2,13
2,275420,177,275421,112,3.0,2,1,19.0,550.0,1549.0,1443.0,146.0,997.0,1165.0,6735.0,3447.0,3746.0,2025,8,6,19
2,275420,177,275421,112,3.0,4,1,19.0,550.0,1549.0,1443.0,146.0,997.0,1165.0,6735.0,3447.0,3746.0,2025,8,6,19
2,275384,112,275385,22,3.0,0,1,2126.0,3121.0,2200.0,315.0,3060.0,5502.0,25509.0,2799.0,3490.0,7286.0,2025,8,6,15
2,275388,181,275389,227,3.0,2,1,3020.0,3192.0,4765.0,3526.0,5827.0,690.0,1871.0,5620.0,1913.0,4393.0,2025,8,6,13
2,275394,61,275395,189,3.0,7,0,625.0,628.0,1.0,26759.0,564.0,78.0,35.0,5774.0,1548.0,2726.0,2025,8,5,23
2,275394,61,275395,189,3.0,2,0,625.0,628.0,1.0,26759.0,564.0,78.0,35.0,5774.0,1548.0,2726.0,2025,8,5,23
2,275394,61,275395,189,3.0,4,1,625.0,628.0,1.0,26759.0,564.0,78.0,35.0,5774.0,1548.0,2726.0,2025,8,5,23
2,275386,175,275387,73,3.0,4,1,295.0,3397.0,4710.0,965.0,16113.0,416.0,881.0,3459.0,4048.0,1661.0,2025,8,5,19
2,275386,175,275387,73,3.0,2,1,295.0,3397.0,4710.0,965.0,16113.0,416.0,881.0,3459.0,4048.0,1661.0,2025,8,5,19
2,275386,175,275387,73,3.0,0,0,295.0,3397.0,4710.0,965.0,16113.0,416.0,881.0,3459.0,4048.0,1661.0,2025,8,5,19
2,275390,63,275391,214,3.0,3,0,27.0,28.0,704.0,32.0,692.0,572.0,2785.0,163.0,5156.0,612.0,2025,8,5,16
2,275390,63,275391,214,3.0,0,1,27.0,28.0,704.0,32.0,692.0,572.0,2785.0,163.0,5156.0,612.0,2025,8,5,16
2,275390,63,275391,214,3.0,6,0,27.0,28.0,704.0,32.0,692.0,572.0,2785.0,163.0,5156.0,612.0,2025,8,5,16
2,275392,122,275393,19,3.0,2,1,1401.0,169.0,1834.0,2934.0,7201.0,11.0,3248.0,1757.0,484.0,736.0,2025,8,5,13
2,275392,122,275393,19,3.0,5,0,1401.0,169.0,1834.0,2934.0,7201.0,11.0,3248.0,1757.0,484.0,736.0,2025,8,5,13
2,275392,122,275393,19,3.0,3,0,1401.0,169.0,1834.0,2934.0,7201.0,11.0,3248.0,1757.0,484.0,736.0,2025,8,5,13
2,274546,177,274547,127,3.0,4,1,19.0,550.0,1549.0,1443.0,146.0,31.0,1696.0,2732.0,3274.0,3032.0,2025,8,4,17
2,274546,177,274547,127,3.0,2,1,19.0,550.0,1549.0,1443.0,146.0,31.0,1696.0,2732.0,3274.0,3032.0,2025,8,4,17
2,274554,17,274555,67,3.0,3,1,157.0,156.0,197.0,4903.0,6237.0,272.0,1050.0,2989.0,1039.0,103.0,2025,8,4,15
2,274554,17,274555,67,3.0,5,1,157.0,156.0,197.0,4903.0,6237.0,272.0,1050.0,2989.0,1039.0,103.0,2025,8,4,15
2,274552,181,274553,50,3.0,2,0,3020.0,3192.0,4765.0,3526.0,5827.0,607.0,5630.0,1004.0,4840.0,4010.0,2025,8,4,12
2,274552,181,274553,50,3.0,4,1,3020.0,3192.0,4765.0,3526.0,5827.0,607.0,5630.0,1004.0,4840.0,4010.0,2025,8,4,12
2,274552,181,274553,50,3.0,5,1,3020.0,3192.0,4765.0,3526.0,5827.0,607.0,5630.0,1004.0,4840.0,4010.0,2025,8,4,12
2,274576,107,274577,68,3.0,3,0,997.0,1165.0,6735.0,3447.0,3746.0,65.0,495.0,1891.0,7082.0,2638.0,2025,8,3,21
2,274576,107,274577,68,3.0,0,1,997.0,1165.0,6735.0,3447.0,3746.0,65.0,495.0,1891.0,7082.0,2638.0,2025,8,3,21
2,274576,107,274577,68,3.0,4,1,997.0,1165.0,6735.0,3447.0,3746.0,65.0,495.0,1891.0,7082.0,2638.0,2025,8,3,21
2,274548,112,274549,142,3.0,3,1,2126.0,3121.0,2200.0,315.0,3060.0,6470.0,4518.0,2152.0,4275.0,3517.0,2025,8,3,15
2,274548,112,274549,142,3.0,5,0,2126.0,3121.0,2200.0,315.0,3060.0,6470.0,4518.0,2152.0,4275.0,3517.0,2025,8,3,15
2,274548,112,274549,142,3.0,4,1,2126.0,3121.0,2200.0,315.0,3060.0,6470.0,4518.0,2152.0,4275.0,3517.0,2025,8,3,15
2,274560,61,274561,27,3.0,2,1,625.0,628.0,1.0,26759.0,564.0,1958.0,164.0,1685.0,4833.0,2995.0,2025,8,3,13
2,274560,61,274561,27,3.0,3,1,625.0,628.0,1.0,26759.0,564.0,1958.0,164.0,1685.0,4833.0,2995.0,2025,8,3,13
2,274568,16,274569,161,3.0,0,1,11.0,3248.0,1757.0,484.0,736.0,268.0,504.0,1730.0,3844.0,6860.0,2025,8,2,22
2,274568,16,274569,161,3.0,6,1,11.0,3248.0,1757.0,484.0,736.0,268.0,504.0,1730.0,3844.0,6860.0,2025,8,2,22
2,274550,175,274551,149,3.0,2,0,295.0,3397.0,4710.0,965.0,16113.0,8305.0,5298.0,1404.0,3168.0,1420.0,2025,8,2,19
2,274550,175,274551,149,3.0,4,1,295.0,3397.0,4710.0,965.0,16113.0,8305.0,5298.0,1404.0,3168.0,1420.0,2025,8,2,19
2,274550,175,274551,149,3.0,0,1,295.0,3397.0,4710.0,965.0,16113.0,8305.0,5298.0,1404.0,3168.0,1420.0,2025,8,2,19
2,274558,122,274559,178,3.0,4,1,1401.0,169.0,1834.0,2934.0,7201.0,26198.0,20794.0,7774.0,6307.0,25560.0,2025,8,2,16
2,274558,122,274559,178,3.0,5,1,1401.0,169.0,1834.0,2934.0,7201.0,26198.0,20794.0,7774.0,6307.0,25560.0,2025,8,2,16
2,274558,122,274559,178,3.0,0,0,1401.0,169.0,1834.0,2934.0,7201.0,26198.0,20794.0,7774.0,6307.0,25560.0,2025,8,2,16
2,274566,187,274567,116,3.0,6,1,572.0,2785.0,163.0,5156.0,612.0,216.0,4574.0,4498.0,2707.0,7338.0,2025,8,2,13
2,274566,187,274567,116,3.0,7,1,572.0,2785.0,163.0,5156.0,612.0,216.0,4574.0,4498.0,2707.0,7338.0,2025,8,2,13
2,274556,63,274557,33,3.0,0,1,27.0,28.0,704.0,32.0,692.0,2936.0,5420.0,457.0,5057.0,3289.0,2025,8,1,21
2,274556,63,274557,33,3.0,4,1,27.0,28.0,704.0,32.0,692.0,2936.0,5420.0,457.0,5057.0,3289.0,2025,8,1,21
64,274284,112,274285,196,5.0,5,0,2126.0,3121.0,2200.0,315.0,3060.0,16113.0,295.0,3397.0,4710.0,965.0,2025,8,6,18
64,274284,112,274285,196,5.0,0,0,2126.0,3121.0,2200.0,315.0,3060.0,16113.0,295.0,3397.0,4710.0,965.0,2025,8,6,18
64,274280,177,274281,118,3.0,4,0,19.0,550.0,1549.0,1443.0,146.0,2126.0,3121.0,2200.0,315.0,3060.0,2025,8,5,20
64,274280,177,274281,118,3.0,7,0,19.0,550.0,1549.0,1443.0,146.0,2126.0,3121.0,2200.0,315.0,3060.0,2025,8,5,20
64,274282,175,274283,128,3.0,5,0,16113.0,295.0,3397.0,4710.0,965.0,1401.0,169.0,7201.0,1834.0,2934.0,2025,8,5,16
64,274282,175,274283,128,3.0,0,1,16113.0,295.0,3397.0,4710.0,965.0,1401.0,169.0,7201.0,1834.0,2934.0,2025,8,5,16
64,274282,175,274283,128,3.0,4,1,16113.0,295.0,3397.0,4710.0,965.0,1401.0,169.0,7201.0,1834.0,2934.0,2025,8,5,16
64,274276,112,274277,61,3.0,7,1,2126.0,3121.0,2200.0,315.0,3060.0,625.0,628.0,1.0,26759.0,564.0,2025,8,4,20
64,274276,112,274277,61,3.0,4,0,2126.0,3121.0,2200.0,315.0,3060.0,625.0,628.0,1.0,26759.0,564.0,2025,8,4,20
64,274276,112,274277,61,3.0,3,1,2126.0,3121.0,2200.0,315.0,3060.0,625.0,628.0,1.0,26759.0,564.0,2025,8,4,20
64,274278,181,274279,128,3.0,3,0,3020.0,3192.0,4765.0,3526.0,5827.0,1401.0,169.0,7201.0,1834.0,2934.0,2025,8,4,16
64,274266,61,274267,73,3.0,3,1,625.0,628.0,1.0,26759.0,564.0,416.0,881.0,1661.0,3459.0,4048.0,2025,7,1,21
64,274266,61,274267,73,3.0,2,1,625.0,628.0,1.0,26759.0,564.0,416.0,881.0,1661.0,3459.0,4048.0,2025,7,1,21
64,274274,63,274275,128,3.0,0,0,27.0,28.0,704.0,32.0,692.0,1401.0,169.0,7201.0,1834.0,2934.0,2025,7,1,19
64,274274,63,274275,128,3.0,3,0,27.0,28.0,704.0,32.0,692.0,1401.0,169.0,7201.0,1834.0,2934.0,2025,7,1,19
64,274260,177,274261,203,3.0,3,1,19.0,550.0,1549.0,1443.0,146.0,3020.0,3192.0,4765.0,3526.0,5827.0,2025,7,1,17
64,274260,177,274261,203,3.0,4,1,19.0,550.0,1549.0,1443.0,146.0,3020.0,3192.0,4765.0,3526.0,5827.0,2025,7,1,17
64,274268,112,274269,196,3.0,6,0,2126.0,3121.0,2200.0,315.0,3060.0,16113.0,295.0,3397.0,4710.0,965.0,2025,7,1,17
64,274268,112,274269,196,3.0,0,0,2126.0,3121.0,2200.0,315.0,3060.0,16113.0,295.0,3397.0,4710.0,965.0,2025,7,1,17
64,274268,112,274269,196,3.0,4,1,2126.0,3121.0,2200.0,315.0,3060.0,16113.0,295.0,3397.0,4710.0,965.0,2025,7,1,17
64,274272,122,274273,135,3.0,3,1,1401.0,169.0,7201.0,1834.0,2934.0,3396.0,8252.0,3110.0,709.0,150.0,2025,7,1,14
64,274272,122,274273,135,3.0,7,1,1401.0,169.0,7201.0,1834.0,2934.0,3396.0,8252.0,3110.0,709.0,150.0,2025,7,1,14
64,274272,122,274273,135,3.0,5,0,1401.0,169.0,7201.0,1834.0,2934.0,3396.0,8252.0,3110.0,709.0,150.0,2025,7,1,14
64,274270,17,274271,63,3.0,4,0,157.0,197.0,4903.0,6237.0,2776.0,27.0,28.0,704.0,32.0,692.0,2025,7,1,14
64,274270,17,274271,63,3.0,5,0,157.0,197.0,4903.0,6237.0,2776.0,27.0,28.0,704.0,32.0,692.0,2025,7,1,14
64,274262,167,274263,61,3.0,2,0,26434.0,26.0,945.0,2611.0,2041.0,625.0,628.0,1.0,26759.0,564.0,2025,7,0,19
64,274262,167,274263,61,3.0,4,0,26434.0,26.0,945.0,2611.0,2041.0,625.0,628.0,1.0,26759.0,564.0,2025,7,0,19
64,274262,167,274263,61,3.0,7,1,26434.0,26.0,945.0,2611.0,2041.0,625.0,628.0,1.0,26759.0,564.0,2025,7,0,19
64,274264,71,274265,186,3.0,0,1,416.0,881.0,1661.0,3459.0,4048.0,656.0,3072.0,499.0,4011.0,18.0,2025,7,0,19
64,274264,71,274265,186,3.0,3,1,416.0,881.0,1661.0,3459.0,4048.0,656.0,3072.0,499.0,4011.0,18.0,2025,7,0,19
64,274140,168,274141,63,3.0,0,0,78.0,35.0,5774.0,1548.0,2726.0,27.0,28.0,704.0,32.0,692.0,2025,7,0,17
64,274140,168,274141,63,3.0,4,0,78.0,35.0,5774.0,1548.0,2726.0,27.0,28.0,704.0,32.0,692.0,2025,7,0,17
64,274134,17,274135,196,3.0,5,0,157.0,197.0,4903.0,6237.0,2776.0,16113.0,295.0,3397.0,4710.0,965.0,2025,7,0,17
64,274134,17,274135,196,3.0,2,0,157.0,197.0,4903.0,6237.0,2776.0,16113.0,295.0,3397.0,4710.0,965.0,2025,7,0,17
64,274136,127,274137,89,3.0,5,1,3396.0,8252.0,3110.0,709.0,150.0,7784.0,3368.0,1451.0,5364.0,3395.0,2025,7,0,14
64,274136,127,274137,89,3.0,7,1,3396.0,8252.0,3110.0,709.0,150.0,7784.0,3368.0,1451.0,5364.0,3395.0,2025,7,0,14
64,274138,112,274139,128,3.0,4,1,2126.0,3121.0,2200.0,315.0,3060.0,1401.0,169.0,7201.0,1834.0,2934.0,2025,7,0,14
64,274138,112,274139,128,3.0,5,1,2126.0,3121.0,2200.0,315.0,3060.0,1401.0,169.0,7201.0,1834.0,2934.0,2025,7,0,14
64,274132,16,274133,61,3.0,2,0,11.0,3248.0,1757.0,484.0,736.0,625.0,628.0,1.0,26759.0,564.0,2025,7,6,21
64,274132,16,274133,61,3.0,3,0,11.0,3248.0,1757.0,484.0,736.0,625.0,628.0,1.0,26759.0,564.0,2025,7,6,21
64,274130,177,274131,73,3.0,3,1,19.0,550.0,1549.0,1443.0,146.0,416.0,881.0,1661.0,3459.0,4048.0,2025,7,6,19
64,274126,167,274127,203,3.0,2,0,26434.0,26.0,945.0,2611.0,2041.0,3020.0,3192.0,4765.0,3526.0,5827.0,2025,7,6,17
64,274126,167,274127,203,3.0,4,0,26434.0,26.0,945.0,2611.0,2041.0,3020.0,3192.0,4765.0,3526.0,5827.0,2025,7,6,17
64,274128,75,274129,186,3.0,6,1,3696.0,1199.0,3246.0,143.0,6284.0,656.0,3072.0,499.0,4011.0,18.0,2025,7,6,17
64,274128,75,274129,186,3.0,2,0,3696.0,1199.0,3246.0,143.0,6284.0,656.0,3072.0,499.0,4011.0,18.0,2025,7,6,17
64,274128,75,274129,186,3.0,3,0,3696.0,1199.0,3246.0,143.0,6284.0,656.0,3072.0,499.0,4011.0,18.0,2025,7,6,17
64,273616,175,273617,89,3.0,5,1,16113.0,295.0,3397.0,4710.0,965.0,7784.0,3368.0,1451.0,5364.0,3395.0,2025,7,6,14
64,273616,175,273617,89,3.0,0,1,16113.0,295.0,3397.0,4710.0,965.0,7784.0,3368.0,1451.0,5364.0,3395.0,2025,7,6,14
64,273610,112,273611,189,3.0,3,1,2126.0,3121.0,2200.0,315.0,3060.0,78.0,35.0,5774.0,1548.0,2726.0,2025,7,6,14
64,273610,112,273611,189,3.0,7,1,2126.0,3121.0,2200.0,315.0,3060.0,78.0,35.0,5774.0,1548.0,2726.0,2025,7,6,14
64,273612,122,273613,63,3.0,0,0,1401.0,169.0,7201.0,1834.0,2934.0,27.0,28.0,704.0,32.0,692.0,2025,7,5,19
64,273612,122,273613,63,3.0,4,1,1401.0,169.0,7201.0,1834.0,2934.0,27.0,28.0,704.0,32.0,692.0,2025,7,5,19
64,273612,122,273613,63,3.0,5,1,1401.0,169.0,7201.0,1834.0,2934.0,27.0,28.0,704.0,32.0,692.0,2025,7,5,19
64,273614,17,273615,135,3.0,2,1,157.0,197.0,4903.0,6237.0,2776.0,3396.0,8252.0,3110.0,709.0,150.0,2025,7,5,19
64,273614,17,273615,135,3.0,7,1,157.0,197.0,4903.0,6237.0,2776.0,3396.0,8252.0,3110.0,709.0,150.0,2025,7,5,19
64,273602,177,273603,19,3.0,5,1,19.0,550.0,1549.0,1443.0,146.0,11.0,3248.0,1757.0,484.0,736.0,2025,7,5,17
64,273602,177,273603,19,3.0,6,1,19.0,550.0,1549.0,1443.0,146.0,11.0,3248.0,1757.0,484.0,736.0,2025,7,5,17
64,273608,181,273609,186,3.0,0,1,3020.0,3192.0,4765.0,3526.0,5827.0,656.0,3072.0,499.0,4011.0,18.0,2025,7,5,17
64,273608,181,273609,186,3.0,5,1,3020.0,3192.0,4765.0,3526.0,5827.0,656.0,3072.0,499.0,4011.0,18.0,2025,7,5,17
64,273606,167,273607,79,3.0,5,1,26434.0,26.0,945.0,2611.0,2041.0,3696.0,1199.0,3246.0,143.0,6284.0,2025,7,5,14
64,273606,167,273607,79,3.0,4,1,26434.0,26.0,945.0,2611.0,2041.0,3696.0,1199.0,3246.0,143.0,6284.0,2025,7,5,14
64,273604,71,273605,61,3.0,3,1,416.0,881.0,1661.0,3459.0,4048.0,625.0,628.0,1.0,26759.0,564.0,2025,7,5,14
64,273604,71,273605,61,3.0,2,1,416.0,881.0,1661.0,3459.0,4048.0,625.0,628.0,1.0,26759.0,564.0,2025,7,5,14
64,274116,166,274117,183,3.0,3,1,656.0,3072.0,499.0,4011.0,18.0,4400.0,6146.0,1151.0,3062.0,269.0,2025,7,4,19
64,274116,166,274117,183,3.0,0,1,656.0,3072.0,499.0,4011.0,18.0,4400.0,6146.0,1151.0,3062.0,269.0,2025,7,4,19
64,274114,16,274115,227,3.0,0,0,11.0,3248.0,1757.0,484.0,736.0,690.0,1871.0,5620.0,1913.0,4393.0,2025,7,4,19
64,274114,16,274115,227,3.0,5,1,11.0,3248.0,1757.0,484.0,736.0,690.0,1871.0,5620.0,1913.0,4393.0,2025,7,4,19
64,274114,16,274115,227,3.0,3,1,11.0,3248.0,1757.0,484.0,736.0,690.0,1871.0,5620.0,1913.0,4393.0,2025,7,4,19
64,274112,187,274113,89,3.0,6,0,572.0,2785.0,163.0,612.0,5156.0,7784.0,3368.0,1451.0,5364.0,3395.0,2025,7,4,17
64,274112,187,274113,89,3.0,4,0,572.0,2785.0,163.0,612.0,5156.0,7784.0,3368.0,1451.0,5364.0,3395.0,2025,7,4,17
64,274118,168,274119,67,3.0,2,0,78.0,35.0,5774.0,1548.0,2726.0,272.0,103.0,1050.0,2989.0,1039.0,2025,7,4,17
64,274118,168,274119,67,3.0,5,1,78.0,35.0,5774.0,1548.0,2726.0,272.0,103.0,1050.0,2989.0,1039.0,2025,7,4,17
64,274118,168,274119,67,3.0,0,1,78.0,35.0,5774.0,1548.0,2726.0,272.0,103.0,1050.0,2989.0,1039.0,2025,7,4,17
64,274074,23,274075,227,3.0,3,0,1958.0,164.0,1685.0,4833.0,2995.0,690.0,1871.0,5620.0,1913.0,4393.0,2025,7,4,14
64,274074,23,274075,227,3.0,0,1,1958.0,164.0,1685.0,4833.0,2995.0,690.0,1871.0,5620.0,1913.0,4393.0,2025,7,4,14
64,274074,23,274075,227,3.0,5,0,1958.0,164.0,1685.0,4833.0,2995.0,690.0,1871.0,5620.0,1913.0,4393.0,2025,7,4,14
64,274064,16,274065,61,3.0,2,0,11.0,3248.0,1757.0,484.0,736.0,625.0,628.0,1.0,26759.0,564.0,2025,7,4,14
64,274064,16,274065,61,3.0,5,0,11.0,3248.0,1757.0,484.0,736.0,625.0,628.0,1.0,26759.0,564.0,2025,7,4,14
64,274070,110,274071,89,3.0,7,0,216.0,4574.0,7338.0,2707.0,4498.0,7784.0,3368.0,1451.0,5364.0,3395.0,2025,7,3,20
64,274070,110,274071,89,3.0,0,0,216.0,4574.0,7338.0,2707.0,4498.0,7784.0,3368.0,1451.0,5364.0,3395.0,2025,7,3,20
64,274072,63,274073,189,3.0,5,1,27.0,28.0,704.0,32.0,692.0,78.0,35.0,5774.0,1548.0,2726.0,2025,7,3,20
64,274072,63,274073,189,3.0,4,1,27.0,28.0,704.0,32.0,692.0,78.0,35.0,5774.0,1548.0,2726.0,2025,7,3,20
64,274072,63,274073,189,3.0,3,0,27.0,28.0,704.0,32.0,692.0,78.0,35.0,5774.0,1548.0,2726.0,2025,7,3,20
64,274068,166,274069,135,3.0,2,0,656.0,3072.0,499.0,4011.0,18.0,3396.0,8252.0,3110.0,709.0,150.0,2025,7,3,18
64,274068,166,274069,135,3.0,5,0,656.0,3072.0,499.0,4011.0,18.0,3396.0,8252.0,3110.0,709.0,150.0,2025,7,3,18
64,274066,18,274067,67,3.0,4,1,5502.0,25509.0,2799.0,3490.0,7286.0,272.0,103.0,1050.0,2989.0,1039.0,2025,7,3,17
64,274066,18,274067,67,3.0,2,0,5502.0,25509.0,2799.0,3490.0,7286.0,272.0,103.0,1050.0,2989.0,1039.0,2025,7,3,17
64,274066,18,274067,67,3.0,3,0,5502.0,25509.0,2799.0,3490.0,7286.0,272.0,103.0,1050.0,2989.0,1039.0,2025,7,3,17
64,274060,75,274061,214,3.0,2,1,3696.0,1199.0,3246.0,143.0,6284.0,572.0,2785.0,163.0,612.0,5156.0,2025,7,3,14
64,274062,43,274063,183,3.0,3,0,472.0,532.0,540.0,1719.0,6335.0,4400.0,6146.0,1151.0,3062.0,269.0,2025,7,3,14
64,274062,43,274063,183,3.0,6,1,472.0,532.0,540.0,1719.0,6335.0,4400.0,6146.0,1151.0,3062.0,269.0,2025,7,3,14
64,274062,43,274063,183,3.0,0,0,472.0,532.0,540.0,1719.0,6335.0,4400.0,6146.0,1151.0,3062.0,269.0,2025,7,3,14
64,273588,168,273589,227,3.0,4,1,78.0,35.0,5774.0,1548.0,2726.0,690.0,1871.0,5620.0,1913.0,4393.0,2025,7,2,20
64,273588,168,273589,227,3.0,2,1,78.0,35.0,5774.0,1548.0,2726.0,690.0,1871.0,5620.0,1913.0,4393.0,2025,7,2,20
64,273592,127,273593,89,3.0,0,1,3396.0,8252.0,3110.0,709.0,150.0,7784.0,3368.0,1451.0,5364.0,3395.0,2025,7,2,19
64,273592,127,273593,89,3.0,6,1,3396.0,8252.0,3110.0,709.0,150.0,7784.0,3368.0,1451.0,5364.0,3395.0,2025,7,2,19
64,273592,127,273593,89,3.0,5,0,3396.0,8252.0,3110.0,709.0,150.0,7784.0,3368.0,1451.0,5364.0,3395.0,2025,7,2,19
64,273586,63,273587,27,3.0,3,1,27.0,28.0,704.0,32.0,692.0,1958.0,164.0,1685.0,4833.0,2995.0,2025,7,2,18
64,273586,63,273587,27,3.0,0,1,27.0,28.0,704.0,32.0,692.0,1958.0,164.0,1685.0,4833.0,2995.0,2025,7,2,18
64,273590,166,273591,116,3.0,7,1,656.0,3072.0,499.0,4011.0,18.0,216.0,4574.0,7338.0,2707.0,4498.0,2025,7,2,17
64,273590,166,273591,116,3.0,0,1,656.0,3072.0,499.0,4011.0,18.0,216.0,4574.0,7338.0,2707.0,4498.0,2025,7,2,17
64,273600,67,273601,61,3.0,3,0,272.0,103.0,1050.0,2989.0,1039.0,625.0,628.0,1.0,26759.0,564.0,2025,7,2,14
64,273600,67,273601,61,3.0,2,1,272.0,103.0,1050.0,2989.0,1039.0,625.0,628.0,1.0,26759.0,564.0,2025,7,2,14
64,273600,67,273601,61,3.0,4,0,272.0,103.0,1050.0,2989.0,1039.0,625.0,628.0,1.0,26759.0,564.0,2025,7,2,14
64,273598,16,273599,22,3.0,4,1,11.0,3248.0,1757.0,484.0,736.0,5502.0,25509.0,2799.0,3490.0,7286.0,2025,7,2,14
64,273598,16,273599,22,3.0,3,1,11.0,3248.0,1757.0,484.0,736.0,5502.0,25509.0,2799.0,3490.0,7286.0,2025,7,2,14
64,273594,75,273595,42,3.0,5,1,3696.0,1199.0,3246.0,143.0,6284.0,472.0,532.0,540.0,1719.0,6335.0,2025,7,2,11
64,273594,75,273595,42,3.0,3,1,3696.0,1199.0,3246.0,143.0,6284.0,472.0,532.0,540.0,1719.0,6335.0,2025,7,2,11
64,273596,164,273597,214,3.0,6,0,4400.0,6146.0,1151.0,3062.0,269.0,572.0,2785.0,163.0,612.0,5156.0,2025,7,2,11
64,273596,164,273597,214,3.0,3,0,4400.0,6146.0,1151.0,3062.0,269.0,572.0,2785.0,163.0,612.0,5156.0,2025,7,2,11
54,273844,16,273845,183,5.0,3,1,11.0,3248.0,1757.0,484.0,736.0,4400.0,6146.0,1151.0,269.0,3062.0,2025,7,6,16
54,273844,16,273845,183,5.0,4,0,11.0,3248.0,1757.0,484.0,736.0,4400.0,6146.0,1151.0,269.0,3062.0,2025,7,6,16
54,273844,16,273845,183,5.0,5,0,11.0,3248.0,1757.0,484.0,736.0,4400.0,6146.0,1151.0,269.0,3062.0,2025,7,6,16
54,273844,16,273845,183,5.0,0,0,11.0,3248.0,1757.0,484.0,736.0,4400.0,6146.0,1151.0,269.0,3062.0,2025,7,6,16
54,273840,30,273841,19,3.0,5,0,2936.0,5057.0,5420.0,457.0,553.0,11.0,3248.0,1757.0,484.0,736.0,2025,7,5,18
54,273840,30,273841,19,3.0,4,0,2936.0,5057.0,5420.0,457.0,553.0,11.0,3248.0,1757.0,484.0,736.0,2025,7,5,18
54,273842,164,273843,169,3.0,5,1,4400.0,6146.0,1151.0,269.0,3062.0,3112.0,927.0,3513.0,6617.0,7395.0,2025,7,5,15
54,273842,164,273843,169,3.0,3,1,4400.0,6146.0,1151.0,269.0,3062.0,3112.0,927.0,3513.0,6617.0,7395.0,2025,7,5,15
54,273832,75,273833,33,3.0,4,0,1199.0,3246.0,143.0,6284.0,3696.0,2936.0,5057.0,5420.0,457.0,553.0,2025,7,4,21
54,273832,75,273833,33,3.0,2,1,1199.0,3246.0,143.0,6284.0,3696.0,2936.0,5057.0,5420.0,457.0,553.0,2025,7,4,21
54,273832,75,273833,33,3.0,0,0,1199.0,3246.0,143.0,6284.0,3696.0,2936.0,5057.0,5420.0,457.0,553.0,2025,7,4,21
54,273834,16,273835,114,3.0,5,1,11.0,3248.0,1757.0,484.0,736.0,1271.0,1270.0,7709.0,2159.0,7958.0,2025,7,4,18
54,273834,16,273835,114,3.0,2,1,11.0,3248.0,1757.0,484.0,736.0,1271.0,1270.0,7709.0,2159.0,7958.0,2025,7,4,18
54,273838,153,273839,42,3.0,1,1,3112.0,927.0,3513.0,6617.0,7395.0,472.0,532.0,540.0,1719.0,6335.0,2025,7,4,13
54,273838,153,273839,42,3.0,3,0,3112.0,927.0,3513.0,6617.0,7395.0,472.0,532.0,540.0,1719.0,6335.0,2025,7,4,13
54,273838,153,273839,42,3.0,5,1,3112.0,927.0,3513.0,6617.0,7395.0,472.0,532.0,540.0,1719.0,6335.0,2025,7,4,13
54,273836,164,273837,186,3.0,0,1,4400.0,6146.0,1151.0,275.0,269.0,656.0,3072.0,499.0,4011.0,18.0,2025,7,4,11
54,273572,30,273573,27,3.0,5,1,2936.0,5057.0,5420.0,457.0,553.0,1958.0,164.0,1685.0,4833.0,2995.0,2025,7,3,23
54,273562,110,273563,19,3.0,5,0,216.0,4574.0,2707.0,4498.0,7338.0,11.0,3248.0,1757.0,484.0,736.0,2025,7,3,20
54,273562,110,273563,19,3.0,4,0,216.0,4574.0,2707.0,4498.0,7338.0,11.0,3248.0,1757.0,484.0,736.0,2025,7,3,20
54,273542,61,273543,169,3.0,0,0,625.0,628.0,1.0,26759.0,564.0,3112.0,927.0,3513.0,6617.0,7395.0,2025,7,3,15
54,273542,61,273543,169,3.0,7,1,625.0,628.0,1.0,26759.0,564.0,3112.0,927.0,3513.0,6617.0,7395.0,2025,7,3,15
54,273552,166,273553,227,3.0,5,1,656.0,3072.0,499.0,4011.0,18.0,690.0,1871.0,5620.0,1913.0,4393.0,2025,7,3,12
54,273552,166,273553,227,3.0,0,1,656.0,3072.0,499.0,4011.0,18.0,690.0,1871.0,5620.0,1913.0,4393.0,2025,7,3,12
54,273570,43,273571,27,3.0,5,1,472.0,532.0,540.0,1719.0,6335.0,1958.0,164.0,1685.0,4833.0,2995.0,2025,7,2,23
54,273570,43,273571,27,3.0,7,1,472.0,532.0,540.0,1719.0,6335.0,1958.0,164.0,1685.0,4833.0,2995.0,2025,7,2,23
54,273570,43,273571,27,3.0,2,0,472.0,532.0,540.0,1719.0,6335.0,1958.0,164.0,1685.0,4833.0,2995.0,2025,7,2,23
54,273560,164,273561,19,3.0,3,1,4400.0,6146.0,1151.0,275.0,269.0,11.0,3248.0,1757.0,484.0,736.0,2025,7,2,20
54,273560,164,273561,19,3.0,4,1,4400.0,6146.0,1151.0,275.0,269.0,11.0,3248.0,1757.0,484.0,736.0,2025,7,2,20
54,273560,164,273561,19,3.0,5,0,4400.0,6146.0,1151.0,275.0,269.0,11.0,3248.0,1757.0,484.0,736.0,2025,7,2,20
54,273568,30,273569,89,3.0,5,0,2936.0,5057.0,5420.0,457.0,553.0,1451.0,5364.0,3395.0,7784.0,3368.0,2025,7,2,19
54,273568,30,273569,89,3.0,0,1,2936.0,5057.0,5420.0,457.0,553.0,1451.0,5364.0,3395.0,7784.0,3368.0,2025,7,2,19
54,273558,187,273559,116,3.0,7,0,572.0,2785.0,163.0,5156.0,612.0,216.0,4574.0,2707.0,4498.0,7338.0,2025,7,2,17
54,273550,108,273551,227,3.0,1,1,1271.0,1270.0,7709.0,2159.0,7958.0,690.0,1871.0,5620.0,1913.0,4393.0,2025,7,2,15
54,273550,108,273551,227,3.0,5,0,1271.0,1270.0,7709.0,2159.0,7958.0,690.0,1871.0,5620.0,1913.0,4393.0,2025,7,2,15
54,273550,108,273551,227,3.0,2,1,1271.0,1270.0,7709.0,2159.0,7958.0,690.0,1871.0,5620.0,1913.0,4393.0,2025,7,2,15
54,273540,75,273541,169,3.0,0,1,1199.0,3246.0,143.0,6284.0,3696.0,3112.0,927.0,3513.0,6617.0,7395.0,2025,7,2,14
54,273540,75,273541,169,3.0,5,1,1199.0,3246.0,143.0,6284.0,3696.0,3112.0,927.0,3513.0,6617.0,7395.0,2025,7,2,14
54,273548,166,273549,161,3.0,0,1,656.0,3072.0,499.0,4011.0,18.0,268.0,3844.0,26487.0,504.0,1730.0,2025,7,2,12
54,273548,166,273549,161,3.0,2,1,656.0,3072.0,499.0,4011.0,18.0,268.0,3844.0,26487.0,504.0,1730.0,2025,7,2,12
54,273538,188,273539,61,3.0,3,0,4042.0,6030.0,530.0,6336.0,2362.0,625.0,628.0,1.0,26759.0,564.0,2025,7,2,12
54,273538,188,273539,61,3.0,7,0,4042.0,6030.0,530.0,6336.0,2362.0,625.0,628.0,1.0,26759.0,564.0,2025,7,2,12
54,273556,16,273557,116,3.0,5,1,11.0,3248.0,1757.0,484.0,736.0,216.0,4574.0,2707.0,4498.0,7338.0,2025,7,1,22
54,273556,16,273557,116,3.0,0,1,11.0,3248.0,1757.0,484.0,736.0,216.0,4574.0,2707.0,4498.0,7338.0,2025,7,1,22
54,273566,85,273567,27,3.0,5,0,1451.0,5364.0,3395.0,7784.0,3368.0,1958.0,164.0,1685.0,4833.0,2995.0,2025,7,1,21
54,273566,85,273567,27,3.0,2,0,1451.0,5364.0,3395.0,7784.0,3368.0,1958.0,164.0,1685.0,4833.0,2995.0,2025,7,1,21
54,273566,85,273567,27,3.0,4,1,1451.0,5364.0,3395.0,7784.0,3368.0,1958.0,164.0,1685.0,4833.0,2995.0,2025,7,1,21
54,273554,187,273555,183,3.0,3,0,572.0,2785.0,163.0,5156.0,612.0,4400.0,6146.0,1151.0,275.0,269.0,2025,7,1,19
54,273554,187,273555,183,3.0,1,0,572.0,2785.0,163.0,5156.0,612.0,4400.0,6146.0,1151.0,275.0,269.0,2025,7,1,19
54,273564,43,273565,33,3.0,1,1,472.0,532.0,540.0,1719.0,6335.0,2936.0,5057.0,5420.0,457.0,553.0,2025,7,1,17
54,273564,43,273565,33,3.0,5,0,472.0,532.0,540.0,1719.0,6335.0,2936.0,5057.0,5420.0,457.0,553.0,2025,7,1,17
54,273564,43,273565,33,3.0,7,1,472.0,532.0,540.0,1719.0,6335.0,2936.0,5057.0,5420.0,457.0,553.0,2025,7,1,17
54,273536,153,273537,61,3.0,1,1,3112.0,927.0,3513.0,6617.0,7395.0,625.0,628.0,1.0,26759.0,564.0,2025,7,1,16
54,273536,153,273537,61,3.0,2,1,3112.0,927.0,3513.0,6617.0,7395.0,625.0,628.0,1.0,26759.0,564.0,2025,7,1,16
54,273546,200,273547,161,3.0,3,1,690.0,1871.0,5620.0,1913.0,4393.0,268.0,3844.0,26487.0,504.0,1730.0,2025,7,1,15
54,273546,200,273547,161,3.0,2,1,690.0,1871.0,5620.0,1913.0,4393.0,268.0,3844.0,26487.0,504.0,1730.0,2025,7,1,15
54,273544,166,273545,114,3.0,2,0,656.0,3072.0,499.0,4011.0,18.0,1271.0,1270.0,7709.0,2159.0,7958.0,2025,7,1,12
54,273544,166,273545,114,3.0,1,0,656.0,3072.0,499.0,4011.0,18.0,1271.0,1270.0,7709.0,2159.0,7958.0,2025,7,1,12
54,273534,75,273535,215,3.0,3,0,1199.0,3246.0,143.0,6284.0,3696.0,4042.0,6030.0,530.0,6336.0,2362.0,2025,7,1,12
54,273534,75,273535,215,3.0,2,1,1199.0,3246.0,143.0,6284.0,3696.0,4042.0,6030.0,530.0,6336.0,2362.0,2025,7,1,12
54,273534,75,273535,215,3.0,0,1,1199.0,3246.0,143.0,6284.0,3696.0,4042.0,6030.0,530.0,6336.0,2362.0,2025,7,1,12
47,273830,160,273831,145,3.0,2,1,26198.0,20794.0,7774.0,6307.0,25560.0,2988.0,266.0,7528.0,6900.0,4923.0,2025,7,3,18
47,273830,160,273831,145,3.0,4,1,26198.0,20794.0,7774.0,6307.0,25560.0,2988.0,266.0,7528.0,6900.0,4923.0,2025,7,3,18
24,272628,177,272629,203,3.0,4,0,19.0,550.0,1549.0,1443.0,146.0,3020.0,3192.0,4765.0,3526.0,5827.0,2025,6,6,22
24,272628,177,272629,203,3.0,3,1,19.0,550.0,1549.0,1443.0,146.0,3020.0,3192.0,4765.0,3526.0,5827.0,2025,6,6,22
24,272628,177,272629,203,3.0,2,1,19.0,550.0,1549.0,1443.0,146.0,3020.0,3192.0,4765.0,3526.0,5827.0,2025,6,6,22
24,272626,181,272627,227,3.0,1,1,3020.0,3192.0,4765.0,3526.0,5827.0,690.0,4393.0,1871.0,5620.0,1913.0,2025,6,6,0
24,272626,181,272627,227,3.0,4,1,3020.0,3192.0,4765.0,3526.0,5827.0,690.0,4393.0,1871.0,5620.0,1913.0,2025,6,6,0
24,272624,112,272625,199,3.0,3,1,2126.0,3121.0,2200.0,315.0,3060.0,19.0,550.0,1549.0,1443.0,146.0,2025,6,5,21
24,272624,112,272625,199,3.0,4,0,2126.0,3121.0,2200.0,315.0,3060.0,19.0,550.0,1549.0,1443.0,146.0,2025,6,5,21
24,272624,112,272625,199,3.0,7,0,2126.0,3121.0,2200.0,315.0,3060.0,19.0,550.0,1549.0,1443.0,146.0,2025,6,5,21
24,272620,63,272621,203,3.0,4,0,27.0,44.0,28.0,704.0,32.0,3020.0,3192.0,4765.0,3526.0,5827.0,2025,6,5,0
24,272620,63,272621,203,3.0,1,0,27.0,44.0,28.0,704.0,32.0,3020.0,3192.0,4765.0,3526.0,5827.0,2025,6,5,0
24,272618,177,272619,128,3.0,4,1,19.0,550.0,1549.0,1443.0,146.0,1401.0,169.0,2179.0,1834.0,2934.0,2025,6,4,21
24,272618,177,272619,128,3.0,5,1,19.0,550.0,1549.0,1443.0,146.0,1401.0,169.0,2179.0,1834.0,2934.0,2025,6,4,21
24,272622,61,272623,227,3.0,5,1,625.0,628.0,1.0,564.0,26759.0,690.0,4393.0,1871.0,5620.0,1913.0,2025,6,4,3
24,272622,61,272623,227,3.0,3,0,625.0,628.0,1.0,564.0,26759.0,690.0,4393.0,1871.0,5620.0,1913.0,2025,6,4,3
24,272622,61,272623,227,3.0,1,0,625.0,628.0,1.0,564.0,26759.0,690.0,4393.0,1871.0,5620.0,1913.0,2025,6,4,3
24,272616,175,272617,118,3.0,5,0,1003.0,295.0,3397.0,4710.0,965.0,2126.0,3121.0,2200.0,315.0,3060.0,2025,6,3,22
24,272616,175,272617,118,3.0,2,0,1003.0,295.0,3397.0,4710.0,965.0,2126.0,3121.0,2200.0,315.0,3060.0,2025,6,3,22
24,272616,175,272617,118,3.0,4,1,1003.0,295.0,3397.0,4710.0,965.0,2126.0,3121.0,2200.0,315.0,3060.0,2025,6,3,22
24,271318,187,271319,227,3.0,2,0,572.0,2785.0,163.0,4065.0,5156.0,690.0,4393.0,1871.0,5620.0,1913.0,2025,6,0,0
24,271318,187,271319,227,3.0,3,1,572.0,2785.0,163.0,4065.0,5156.0,690.0,4393.0,1871.0,5620.0,1913.0,2025,6,0,0
24,271318,187,271319,227,3.0,4,0,572.0,2785.0,163.0,4065.0,5156.0,690.0,4393.0,1871.0,5620.0,1913.0,2025,6,0,0
24,271316,181,271317,73,3.0,0,1,3020.0,3192.0,4765.0,3526.0,5827.0,948.0,416.0,881.0,6.0,3459.0,2025,6,6,21
24,271316,181,271317,73,3.0,2,1,3020.0,3192.0,4765.0,3526.0,5827.0,948.0,416.0,881.0,6.0,3459.0,2025,6,6,21
24,271314,107,271315,118,3.0,3,0,997.0,1165.0,6735.0,3447.0,3746.0,2126.0,3121.0,2200.0,315.0,3060.0,2025,6,6,18
24,271314,107,271315,118,3.0,0,1,997.0,1165.0,6735.0,3447.0,3746.0,2126.0,3121.0,2200.0,315.0,3060.0,2025,6,6,18
24,271314,107,271315,118,3.0,5,0,997.0,1165.0,6735.0,3447.0,3746.0,2126.0,3121.0,2200.0,315.0,3060.0,2025,6,6,18
24,271304,187,271305,199,3.0,7,0,572.0,2785.0,163.0,4065.0,5156.0,19.0,550.0,1549.0,1443.0,146.0,2025,6,5,23
24,271304,187,271305,199,3.0,2,0,572.0,2785.0,163.0,4065.0,5156.0,19.0,550.0,1549.0,1443.0,146.0,2025,6,5,23
24,271306,122,271307,73,3.0,4,1,1401.0,169.0,2179.0,1834.0,2934.0,948.0,416.0,881.0,6.0,3459.0,2025,6,5,22
24,271302,181,271303,63,3.0,0,0,3020.0,3192.0,4765.0,3526.0,5827.0,27.0,44.0,28.0,704.0,32.0,2025,6,5,20
24,271302,181,271303,63,3.0,1,0,3020.0,3192.0,4765.0,3526.0,5827.0,27.0,44.0,28.0,704.0,32.0,2025,6,5,20
24,271312,17,271313,118,3.0,3,1,157.0,156.0,197.0,4903.0,6237.0,2126.0,3121.0,2200.0,315.0,3060.0,2025,6,5,20
24,271312,17,271313,118,3.0,7,0,157.0,156.0,197.0,4903.0,6237.0,2126.0,3121.0,2200.0,315.0,3060.0,2025,6,5,20
24,271312,17,271313,118,3.0,4,0,157.0,156.0,197.0,4903.0,6237.0,2126.0,3121.0,2200.0,315.0,3060.0,2025,6,5,20
24,271310,107,271311,114,3.0,5,1,997.0,1165.0,6735.0,3447.0,3746.0,1271.0,1270.0,7709.0,2159.0,7958.0,2025,6,5,18
24,271310,107,271311,114,3.0,3,1,997.0,1165.0,6735.0,3447.0,3746.0,1271.0,1270.0,7709.0,2159.0,7958.0,2025,6,5,18
24,271310,107,271311,114,3.0,2,0,997.0,1165.0,6735.0,3447.0,3746.0,1271.0,1270.0,7709.0,2159.0,7958.0,2025,6,5,18
24,271308,166,271309,227,3.0,5,0,656.0,3072.0,499.0,4011.0,18.0,690.0,4393.0,1871.0,5620.0,1913.0,2025,6,5,18
24,271308,166,271309,227,3.0,3,0,656.0,3072.0,499.0,4011.0,18.0,690.0,4393.0,1871.0,5620.0,1913.0,2025,6,5,18
24,271292,200,271293,130,3.0,0,0,690.0,4393.0,1871.0,5620.0,1913.0,3538.0,6142.0,3344.0,5284.0,16113.0,2025,6,4,21
24,271292,200,271293,130,3.0,1,1,690.0,4393.0,1871.0,5620.0,1913.0,3538.0,6142.0,3344.0,5284.0,16113.0,2025,6,4,21
24,271292,200,271293,130,3.0,2,1,690.0,4393.0,1871.0,5620.0,1913.0,3538.0,6142.0,3344.0,5284.0,16113.0,2025,6,4,21
24,271290,112,271291,189,3.0,5,0,2126.0,3121.0,2200.0,315.0,3060.0,78.0,35.0,5774.0,1548.0,2726.0,2025,6,4,21
24,271290,112,271291,189,3.0,4,1,2126.0,3121.0,2200.0,315.0,3060.0,78.0,35.0,5774.0,1548.0,2726.0,2025,6,4,21
24,271290,112,271291,189,3.0,2,1,2126.0,3121.0,2200.0,315.0,3060.0,78.0,35.0,5774.0,1548.0,2726.0,2025,6,4,21
24,271286,61,271287,214,3.0,7,1,625.0,628.0,1.0,564.0,26759.0,572.0,2785.0,163.0,4065.0,5156.0,2025,6,4,19
24,271286,61,271287,214,3.0,4,1,625.0,628.0,1.0,564.0,26759.0,572.0,2785.0,163.0,4065.0,5156.0,2025,6,4,19
24,271288,175,271289,128,3.0,7,1,1003.0,295.0,3397.0,4710.0,965.0,1401.0,169.0,2179.0,1834.0,2934.0,2025,6,4,19
24,271288,175,271289,128,3.0,1,1,1003.0,295.0,3397.0,4710.0,965.0,1401.0,169.0,2179.0,1834.0,2934.0,2025,6,4,19
24,271298,181,271299,114,1.0,5,1,3020.0,3192.0,4765.0,3526.0,5827.0,1271.0,1270.0,7709.0,2159.0,7958.0,2025,6,4,19
24,271300,17,271301,73,1.0,3,0,157.0,156.0,197.0,4903.0,6237.0,948.0,416.0,881.0,6.0,3459.0,2025,6,4,18
24,271294,166,271295,199,1.0,5,0,656.0,3072.0,499.0,4011.0,18.0,19.0,550.0,1549.0,1443.0,146.0,2025,6,4,18
24,271296,107,271297,63,1.0,1,0,997.0,1165.0,6735.0,3447.0,3746.0,27.0,44.0,28.0,704.0,32.0,2025,6,4,18
24,271284,71,271285,227,1.0,2,1,948.0,416.0,881.0,6.0,3459.0,690.0,4393.0,1871.0,5620.0,1913.0,2025,6,4,1
24,271282,181,271283,189,1.0,0,1,3020.0,3192.0,4765.0,3526.0,5827.0,78.0,35.0,5774.0,1548.0,2726.0,2025,6,4,1
24,271278,177,271279,130,1.0,2,1,19.0,550.0,1549.0,1443.0,146.0,3538.0,6142.0,3344.0,5284.0,16113.0,2025,6,4,1
24,271276,175,271277,114,1.0,2,1,1003.0,295.0,3397.0,4710.0,965.0,1271.0,1270.0,7709.0,2159.0,7958.0,2025,6,3,23
24,271274,166,271275,128,1.0,3,0,656.0,3072.0,499.0,4011.0,18.0,1401.0,169.0,2179.0,1834.0,2934.0,2025,6,3,23
24,271272,17,271273,61,1.0,2,0,157.0,156.0,197.0,4903.0,6237.0,625.0,628.0,1.0,564.0,26759.0,2025,6,3,22
24,271270,187,271271,112,1.0,0,1,572.0,2785.0,163.0,4065.0,5156.0,997.0,1165.0,6735.0,3447.0,3746.0,2025,6,3,22
24,271268,168,271269,114,1.0,2,0,78.0,35.0,5774.0,1548.0,2726.0,1271.0,1270.0,7709.0,2159.0,7958.0,2025,6,3,21
24,271266,122,271267,130,1.0,7,1,1401.0,169.0,2179.0,1834.0,2934.0,3538.0,6142.0,3344.0,5284.0,16113.0,2025,6,3,20
24,271262,181,271263,61,1.0,3,0,3020.0,3192.0,4765.0,3526.0,5827.0,625.0,628.0,1.0,564.0,26759.0,2025,6,3,20
24,271264,17,271265,63,1.0,1,1,157.0,156.0,197.0,4903.0,6237.0,27.0,44.0,28.0,704.0,32.0,2025,6,3,19
24,271260,71,271261,186,1.0,5,0,948.0,416.0,881.0,6.0,3459.0,656.0,3072.0,499.0,4011.0,18.0,2025,6,3,19
24,271258,175,271259,227,1.0,2,1,1003.0,295.0,3397.0,4710.0,965.0,690.0,4393.0,1871.0,5620.0,1913.0,2025,6,3,18
24,271256,112,271257,214,1.0,4,0,2126.0,3121.0,2200.0,315.0,3060.0,572.0,2785.0,163.0,4065.0,5156.0,2025,6,3,18
24,271254,177,271255,112,1.0,3,0,19.0,550.0,1549.0,1443.0,146.0,997.0,1165.0,6735.0,3447.0,3746.0,2025,6,3,18
24,271248,63,271249,116,3.0,1,1,27.0,44.0,28.0,704.0,32.0,216.0,4574.0,4498.0,2707.0,998.0,2025,6,1,23
24,271248,63,271249,116,3.0,0,1,27.0,44.0,28.0,704.0,32.0,216.0,4574.0,4498.0,2707.0,998.0,2025,6,1,23
24,271250,18,271251,114,3.0,0,1,5502.0,25509.0,2799.0,3490.0,7286.0,1271.0,1270.0,7709.0,2159.0,7958.0,2025,6,1,20
24,271250,18,271251,114,3.0,1,0,5502.0,25509.0,2799.0,3490.0,7286.0,1271.0,1270.0,7709.0,2159.0,7958.0,2025,6,1,20
24,271252,124,271253,89,3.0,2,1,3538.0,6142.0,3344.0,5284.0,16113.0,1661.0,2776.0,1451.0,5364.0,3395.0,2025,6,1,18
24,271252,124,271253,89,3.0,4,1,3538.0,6142.0,3344.0,5284.0,16113.0,1661.0,2776.0,1451.0,5364.0,3395.0,2025,6,1,18
24,271238,63,271239,186,3.0,5,0,27.0,44.0,28.0,704.0,32.0,656.0,3072.0,499.0,4011.0,18.0,2025,6,1,1
24,271238,63,271239,186,3.0,3,0,27.0,44.0,28.0,704.0,32.0,656.0,3072.0,499.0,4011.0,18.0,2025,6,1,1
24,271240,61,271241,22,3.0,4,0,625.0,628.0,1.0,564.0,26759.0,5502.0,25509.0,2799.0,3490.0,7286.0,2025,6,0,21
24,271240,61,271241,22,3.0,2,1,625.0,628.0,1.0,564.0,26759.0,5502.0,25509.0,2799.0,3490.0,7286.0,2025,6,0,21
24,271240,61,271241,22,3.0,7,1,625.0,628.0,1.0,564.0,26759.0,5502.0,25509.0,2799.0,3490.0,7286.0,2025,6,0,21
24,271246,167,271247,116,3.0,0,1,41.0,26.0,2041.0,945.0,2611.0,216.0,4574.0,4498.0,2707.0,998.0,2025,6,0,21
24,271246,167,271247,116,3.0,3,0,41.0,26.0,2041.0,945.0,2611.0,216.0,4574.0,4498.0,2707.0,998.0,2025,6,0,21
24,271246,167,271247,116,3.0,5,0,41.0,26.0,2041.0,945.0,2611.0,216.0,4574.0,4498.0,2707.0,998.0,2025,6,0,21
24,271236,200,271237,114,3.0,2,1,690.0,4393.0,1871.0,5620.0,1913.0,1271.0,1270.0,7709.0,2159.0,7958.0,2025,6,0,19
24,271236,200,271237,114,3.0,5,1,690.0,4393.0,1871.0,5620.0,1913.0,1271.0,1270.0,7709.0,2159.0,7958.0,2025,6,0,19
24,271242,164,271243,89,3.0,0,1,4400.0,6146.0,1151.0,3062.0,269.0,1661.0,2776.0,1451.0,5364.0,3395.0,2025,6,0,18
24,271242,164,271243,89,3.0,7,0,4400.0,6146.0,1151.0,3062.0,269.0,1661.0,2776.0,1451.0,5364.0,3395.0,2025,6,0,18
24,271242,164,271243,89,3.0,4,0,4400.0,6146.0,1151.0,3062.0,269.0,1661.0,2776.0,1451.0,5364.0,3395.0,2025,6,0,18
24,271244,124,271245,115,3.0,0,1,3538.0,6142.0,3344.0,5284.0,16113.0,845.0,1817.0,1687.0,2810.0,2113.0,2025,6,0,18
24,271244,124,271245,115,3.0,2,1,3538.0,6142.0,3344.0,5284.0,16113.0,845.0,1817.0,1687.0,2810.0,2113.0,2025,6,0,18
24,271226,110,271227,33,3.0,1,1,216.0,4574.0,4498.0,2707.0,998.0,2936.0,1092.0,5420.0,457.0,553.0,2025,6,6,22
24,271226,110,271227,33,3.0,7,1,216.0,4574.0,4498.0,2707.0,998.0,2936.0,1092.0,5420.0,457.0,553.0,2025,6,6,22
24,271224,134,271225,188,3.0,5,0,994.0,6470.0,4600.0,4518.0,2152.0,41.0,26.0,2041.0,945.0,2611.0,2025,6,6,22
24,271224,134,271225,188,3.0,4,0,994.0,6470.0,4600.0,4518.0,2152.0,41.0,26.0,2041.0,945.0,2611.0,2025,6,6,22
24,271224,134,271225,188,3.0,2,1,994.0,6470.0,4600.0,4518.0,2152.0,41.0,26.0,2041.0,945.0,2611.0,2025,6,6,22
24,271222,200,271223,214,3.0,2,0,690.0,4393.0,1871.0,5620.0,1913.0,572.0,2785.0,163.0,4065.0,5156.0,2025,6,6,20
24,271222,200,271223,214,3.0,4,0,690.0,4393.0,1871.0,5620.0,1913.0,572.0,2785.0,163.0,4065.0,5156.0,2025,6,6,20
24,271220,63,271221,112,3.0,4,0,27.0,44.0,28.0,704.0,32.0,997.0,1165.0,6735.0,3447.0,3746.0,2025,6,6,19
24,271220,63,271221,112,3.0,2,0,27.0,44.0,28.0,704.0,32.0,997.0,1165.0,6735.0,3447.0,3746.0,2025,6,6,19
24,271232,18,271233,89,1.0,2,1,5502.0,25509.0,2799.0,3490.0,7286.0,1661.0,2776.0,1451.0,5364.0,3395.0,2025,6,6,19
24,271234,61,271235,115,1.0,2,1,625.0,628.0,1.0,564.0,26759.0,845.0,1817.0,1687.0,2810.0,2113.0,2025,6,6,18
24,271228,164,271229,114,1.0,1,0,4400.0,6146.0,1151.0,3062.0,269.0,1271.0,1270.0,7709.0,2159.0,7958.0,2025,6,6,18
24,271230,166,271231,130,1.0,2,1,656.0,3072.0,499.0,4011.0,18.0,3538.0,6142.0,3344.0,5284.0,16113.0,2025,6,6,18
24,271214,110,271215,130,1.0,0,0,216.0,4574.0,4498.0,2707.0,998.0,3538.0,6142.0,3344.0,5284.0,16113.0,2025,6,6,1
24,271218,109,271219,142,1.0,0,1,845.0,1817.0,1687.0,2810.0,2113.0,994.0,6470.0,4600.0,4518.0,2152.0,2025,6,6,1
24,271212,167,271213,114,1.0,5,0,41.0,26.0,2041.0,945.0,2611.0,1271.0,1270.0,7709.0,2159.0,7958.0,2025,6,6,0
24,271216,85,271217,33,1.0,4,1,1661.0,2776.0,1451.0,5364.0,3395.0,2936.0,1092.0,5420.0,457.0,553.0,2025,6,6,0
24,271204,63,271205,183,1.0,1,1,27.0,44.0,28.0,704.0,32.0,4400.0,6146.0,1151.0,3062.0,269.0,2025,6,5,23
24,271206,166,271207,112,1.0,3,0,656.0,3072.0,499.0,4011.0,18.0,997.0,1165.0,6735.0,3447.0,3746.0,2025,6,5,23
24,271210,187,271211,22,1.0,3,1,572.0,2785.0,163.0,4065.0,5156.0,5502.0,25509.0,2799.0,3490.0,7286.0,2025,6,5,22
24,271208,200,271209,61,1.0,2,1,690.0,4393.0,1871.0,5620.0,1913.0,625.0,628.0,1.0,564.0,26759.0,2025,6,5,22
24,271202,109,271203,183,1.0,7,0,845.0,1817.0,1687.0,2810.0,2113.0,4400.0,6146.0,1151.0,3062.0,269.0,2025,6,5,20
24,271200,110,271201,112,1.0,5,0,216.0,4574.0,4498.0,2707.0,998.0,997.0,1165.0,6735.0,3447.0,3746.0,2025,6,5,20
24,271196,200,271197,130,1.0,2,1,690.0,4393.0,1871.0,5620.0,1913.0,3538.0,6142.0,3344.0,5284.0,16113.0,2025,6,5,20
24,271198,61,271199,114,1.0,5,1,625.0,628.0,1.0,564.0,26759.0,1271.0,1270.0,7709.0,2159.0,7958.0,2025,6,5,19
24,271192,166,271193,33,1.0,1,1,656.0,3072.0,499.0,4011.0,18.0,2936.0,1092.0,5420.0,457.0,553.0,2025,6,5,19
24,271194,187,271195,142,1.0,9,0,572.0,2785.0,163.0,4065.0,5156.0,994.0,6470.0,4600.0,4518.0,2152.0,2025,6,5,18
24,271190,63,271191,89,1.0,9,0,27.0,44.0,28.0,704.0,32.0,1661.0,2776.0,1451.0,5364.0,3395.0,2025,6,5,18
24,271188,167,271189,22,1.0,0,0,41.0,26.0,2041.0,945.0,2611.0,5502.0,25509.0,2799.0,3490.0,7286.0,2025,6,5,18
24,271186,67,271187,183,3.0,4,0,272.0,260.0,1050.0,2989.0,1039.0,4400.0,6146.0,1151.0,3062.0,269.0,2025,6,4,23
24,271186,67,271187,183,3.0,3,1,272.0,260.0,1050.0,2989.0,1039.0,4400.0,6146.0,1151.0,3062.0,269.0,2025,6,4,23
24,271186,67,271187,183,3.0,1,0,272.0,260.0,1050.0,2989.0,1039.0,4400.0,6146.0,1151.0,3062.0,269.0,2025,6,4,23
24,271184,188,271185,112,3.0,5,0,34.0,6030.0,530.0,4042.0,1316.0,997.0,1165.0,6735.0,3447.0,3746.0,2025,6,4,21
24,271184,188,271185,112,3.0,3,0,34.0,6030.0,530.0,4042.0,1316.0,997.0,1165.0,6735.0,3447.0,3746.0,2025,6,4,21
24,271182,121,271183,114,3.0,2,0,746.0,3032.0,1802.0,3274.0,31.0,1271.0,1270.0,7709.0,2159.0,7958.0,2025,6,4,18
24,271182,121,271183,114,3.0,3,0,746.0,3032.0,1802.0,3274.0,31.0,1271.0,1270.0,7709.0,2159.0,7958.0,2025,6,4,18
24,271174,67,271175,130,3.0,0,0,272.0,260.0,1050.0,2989.0,1039.0,3538.0,6142.0,3344.0,5284.0,16113.0,2025,6,3,23
24,271174,67,271175,130,3.0,3,0,272.0,260.0,1050.0,2989.0,1039.0,3538.0,6142.0,3344.0,5284.0,16113.0,2025,6,3,23
24,271172,30,271173,215,3.0,1,1,2936.0,1092.0,5420.0,457.0,553.0,34.0,6030.0,530.0,4042.0,1316.0,2025,6,3,21
24,271172,30,271173,215,3.0,5,1,2936.0,1092.0,5420.0,457.0,553.0,34.0,6030.0,530.0,4042.0,1316.0,2025,6,3,21
24,271180,41,271181,114,3.0,0,0,3524.0,5555.0,3157.0,7662.0,2299.0,1271.0,1270.0,7709.0,2159.0,7958.0,2025,6,3,20
24,271180,41,271181,114,3.0,3,0,3524.0,5555.0,3157.0,7662.0,2299.0,1271.0,1270.0,7709.0,2159.0,7958.0,2025,6,3,20
24,271180,41,271181,114,3.0,5,1,3524.0,5555.0,3157.0,7662.0,2299.0,1271.0,1270.0,7709.0,2159.0,7958.0,2025,6,3,20
24,271170,134,271171,127,3.0,4,1,994.0,6470.0,4600.0,4518.0,2152.0,746.0,3032.0,1802.0,3274.0,31.0,2025,6,3,20
24,271170,134,271171,127,3.0,5,1,994.0,6470.0,4600.0,4518.0,2152.0,746.0,3032.0,1802.0,3274.0,31.0,2025,6,3,20
24,271176,43,271177,183,3.0,3,0,472.0,532.0,1166.0,1719.0,6335.0,4400.0,6146.0,1151.0,3062.0,269.0,2025,6,3,18
24,271176,43,271177,183,3.0,7,0,472.0,532.0,1166.0,1719.0,6335.0,4400.0,6146.0,1151.0,3062.0,269.0,2025,6,3,18
24,271178,90,271179,112,3.0,4,0,627.0,7944.0,3749.0,1850.0,4019.0,997.0,1165.0,6735.0,3447.0,3746.0,2025,6,3,18
24,271158,41,271159,66,3.0,4,1,3524.0,5555.0,3157.0,7662.0,2299.0,2225.0,626.0,3445.0,1518.0,5024.0,2025,6,2,23
24,271158,41,271159,66,3.0,0,0,3524.0,5555.0,3157.0,7662.0,2299.0,2225.0,626.0,3445.0,1518.0,5024.0,2025,6,2,23
24,271158,41,271159,66,3.0,5,1,3524.0,5555.0,3157.0,7662.0,2299.0,2225.0,626.0,3445.0,1518.0,5024.0,2025,6,2,23
24,271160,90,271161,122,3.0,5,1,627.0,7944.0,3749.0,1850.0,4019.0,4275.0,568.0,4705.0,314.0,1203.0,2025,6,2,22
24,271160,90,271161,122,3.0,2,1,627.0,7944.0,3749.0,1850.0,4019.0,4275.0,568.0,4705.0,314.0,1203.0,2025,6,2,22
24,271156,18,271157,215,3.0,7,0,5502.0,25509.0,2799.0,3490.0,7286.0,34.0,6030.0,530.0,4042.0,1316.0,2025,6,2,20
24,271156,18,271157,215,3.0,2,1,5502.0,25509.0,2799.0,3490.0,7286.0,34.0,6030.0,530.0,4042.0,1316.0,2025,6,2,20
24,271156,18,271157,215,3.0,3,1,5502.0,25509.0,2799.0,3490.0,7286.0,34.0,6030.0,530.0,4042.0,1316.0,2025,6,2,20
24,271154,85,271155,67,3.0,1,0,1661.0,2776.0,1451.0,5364.0,3395.0,272.0,260.0,1050.0,2989.0,1039.0,2025,6,2,19
24,271154,85,271155,67,3.0,0,1,1661.0,2776.0,1451.0,5364.0,3395.0,272.0,260.0,1050.0,2989.0,1039.0,2025,6,2,19
24,271154,85,271155,67,3.0,4,1,1661.0,2776.0,1451.0,5364.0,3395.0,272.0,260.0,1050.0,2989.0,1039.0,2025,6,2,19
24,271168,108,271169,130,1.0,2,0,1271.0,1270.0,7709.0,2159.0,7958.0,3538.0,6142.0,3344.0,5284.0,16113.0,2025,6,2,19
24,271166,134,271167,183,1.0,0,1,994.0,6470.0,4600.0,4518.0,2152.0,4400.0,6146.0,1151.0,3062.0,269.0,2025,6,2,18
24,271164,30,271165,112,1.0,1,1,2936.0,1092.0,5420.0,457.0,553.0,997.0,1165.0,6735.0,3447.0,3746.0,2025,6,2,18
24,271162,121,271163,42,1.0,9,0,746.0,3032.0,1802.0,3274.0,31.0,472.0,532.0,1166.0,1719.0,6335.0,2025,6,2,18
24,271152,43,271153,66,1.0,3,1,472.0,532.0,1166.0,1719.0,6335.0,2225.0,626.0,3445.0,1518.0,5024.0,2025,6,2,1
24,271142,30,271143,67,1.0,4,0,2936.0,1092.0,5420.0,457.0,553.0,272.0,260.0,1050.0,2989.0,1039.0,2025,6,2,0
24,271144,108,271145,215,1.0,5,0,1271.0,1270.0,7709.0,2159.0,7958.0,34.0,6030.0,530.0,4042.0,1316.0,2025,6,2,0
24,271138,18,271139,142,1.0,3,1,5502.0,25509.0,2799.0,3490.0,7286.0,994.0,6470.0,4600.0,4518.0,2152.0,2025,6,1,23
24,271140,85,271141,127,1.0,2,1,1661.0,2776.0,1451.0,5364.0,3395.0,746.0,3032.0,1802.0,3274.0,31.0,2025,6,1,23
24,269938,67,269939,66,1.0,0,1,272.0,260.0,1050.0,2989.0,1039.0,2225.0,626.0,3445.0,1518.0,5024.0,2025,6,1,21
24,269936,188,269937,122,1.0,3,1,34.0,6030.0,530.0,4042.0,1316.0,4275.0,568.0,4705.0,314.0,1203.0,2025,6,1,21
24,269934,108,269935,112,1.0,2,1,1271.0,1270.0,7709.0,2159.0,7958.0,997.0,1165.0,6735.0,3447.0,3746.0,2025,6,1,20
24,269932,164,269933,127,1.0,1,0,4400.0,6146.0,1151.0,3062.0,269.0,746.0,3032.0,1802.0,3274.0,31.0,2025,6,1,20
24,269930,30,269931,130,1.0,7,1,2936.0,1092.0,5420.0,457.0,553.0,3538.0,6142.0,3344.0,5284.0,16113.0,2025,6,1,19
24,269928,18,269929,96,1.0,3,1,5502.0,25509.0,2799.0,3490.0,7286.0,627.0,7944.0,3749.0,1850.0,4019.0,2025,6,1,19
24,269926,85,269927,39,1.0,1,1,1661.0,2776.0,1451.0,5364.0,3395.0,3524.0,5555.0,3157.0,7662.0,2299.0,2025,6,1,18
24,269924,43,269925,142,1.0,0,0,472.0,532.0,1166.0,1719.0,6335.0,994.0,6470.0,4600.0,4518.0,2152.0,2025,6,1,18
68,270706,177,270707,118,5.0,3,1,19.0,550.0,1549.0,1443.0,146.0,2126.0,3121.0,2200.0,315.0,3060.0,2025,5,6,22
68,270706,177,270707,118,5.0,2,1,19.0,550.0,1549.0,1443.0,146.0,2126.0,3121.0,2200.0,315.0,3060.0,2025,5,6,22
68,270706,177,270707,118,5.0,4,1,19.0,550.0,1549.0,1443.0,146.0,2126.0,3121.0,2200.0,315.0,3060.0,2025,5,6,22
68,270702,177,270703,188,3.0,2,1,19.0,550.0,1549.0,1443.0,146.0,41.0,26.0,945.0,2611.0,2041.0,2025,5,6,0
68,270702,177,270703,188,3.0,3,1,19.0,550.0,1549.0,1443.0,146.0,41.0,26.0,945.0,2611.0,2041.0,2025,5,6,0
68,270702,177,270703,188,3.0,7,0,19.0,550.0,1549.0,1443.0,146.0,41.0,26.0,945.0,2611.0,2041.0,2025,5,6,0
68,270704,181,270705,118,3.0,3,0,3020.0,3192.0,4765.0,3526.0,5827.0,2126.0,3121.0,2200.0,315.0,3060.0,2025,5,5,21
68,270704,181,270705,118,3.0,5,0,3020.0,3192.0,4765.0,3526.0,5827.0,2126.0,3121.0,2200.0,315.0,3060.0,2025,5,5,21
68,270698,167,270699,79,3.0,0,1,41.0,26.0,945.0,2611.0,2041.0,1199.0,3246.0,143.0,6284.0,641.0,2025,5,5,0
68,270698,167,270699,79,3.0,3,1,41.0,26.0,945.0,2611.0,2041.0,1199.0,3246.0,143.0,6284.0,641.0,2025,5,5,0
68,270698,167,270699,79,3.0,5,0,41.0,26.0,945.0,2611.0,2041.0,1199.0,3246.0,143.0,6284.0,641.0,2025,5,5,0
68,270700,181,270701,20,3.0,4,1,3020.0,3192.0,4765.0,3526.0,5827.0,157.0,156.0,197.0,4903.0,6237.0,2025,5,4,21
68,270700,181,270701,20,3.0,2,1,3020.0,3192.0,4765.0,3526.0,5827.0,157.0,156.0,197.0,4903.0,6237.0,2025,5,4,21
68,271020,71,271021,79,3.0,4,1,948.0,416.0,881.0,6.0,3459.0,1199.0,3246.0,143.0,6284.0,641.0,2025,5,3,3
68,271020,71,271021,79,3.0,0,0,948.0,416.0,881.0,6.0,3459.0,1199.0,3246.0,143.0,6284.0,641.0,2025,5,3,3
68,271020,71,271021,79,3.0,5,0,948.0,416.0,881.0,6.0,3459.0,1199.0,3246.0,143.0,6284.0,641.0,2025,5,3,3
68,271010,177,271011,203,3.0,3,1,19.0,550.0,1549.0,1443.0,146.0,3020.0,3192.0,4765.0,3526.0,5827.0,2025,5,3,3
68,271010,177,271011,203,3.0,4,1,19.0,550.0,1549.0,1443.0,146.0,3020.0,3192.0,4765.0,3526.0,5827.0,2025,5,3,3
68,271010,177,271011,203,3.0,5,0,19.0,550.0,1549.0,1443.0,146.0,3020.0,3192.0,4765.0,3526.0,5827.0,2025,5,3,3
68,271026,112,271027,188,3.0,4,1,2126.0,3121.0,2200.0,315.0,3060.0,41.0,26.0,945.0,2611.0,2041.0,2025,5,3,0
68,271026,112,271027,188,3.0,2,1,2126.0,3121.0,2200.0,315.0,3060.0,41.0,26.0,945.0,2611.0,2041.0,2025,5,3,0
68,271036,85,271037,20,3.0,7,1,1661.0,2776.0,1451.0,5364.0,3395.0,157.0,156.0,197.0,4903.0,6237.0,2025,5,3,0
68,271036,85,271037,20,3.0,2,0,1661.0,2776.0,1451.0,5364.0,3395.0,157.0,156.0,197.0,4903.0,6237.0,2025,5,3,0
68,271036,85,271037,20,3.0,9,0,1661.0,2776.0,1451.0,5364.0,3395.0,157.0,156.0,197.0,4903.0,6237.0,2025,5,3,0
68,271016,71,271017,186,3.0,3,1,948.0,416.0,881.0,6.0,3459.0,656.0,3072.0,499.0,4011.0,18.0,2025,5,2,22
68,271018,75,271019,61,3.0,7,1,1199.0,3246.0,143.0,6284.0,641.0,625.0,628.0,1.0,26759.0,564.0,2025,5,2,21
68,271018,75,271019,61,3.0,5,1,1199.0,3246.0,143.0,6284.0,641.0,625.0,628.0,1.0,26759.0,564.0,2025,5,2,21
68,271018,75,271019,61,3.0,4,0,1199.0,3246.0,143.0,6284.0,641.0,625.0,628.0,1.0,26759.0,564.0,2025,5,2,21
68,271032,85,271033,63,3.0,4,1,1661.0,2776.0,1451.0,5364.0,3395.0,983.0,44.0,28.0,704.0,32.0,2025,5,2,18
68,271032,85,271033,63,3.0,1,1,1661.0,2776.0,1451.0,5364.0,3395.0,983.0,44.0,28.0,704.0,32.0,2025,5,2,18
68,271032,85,271033,63,3.0,0,0,1661.0,2776.0,1451.0,5364.0,3395.0,983.0,44.0,28.0,704.0,32.0,2025,5,2,18
68,271034,168,271035,20,3.0,2,0,78.0,35.0,5774.0,2726.0,1548.0,157.0,156.0,197.0,4903.0,6237.0,2025,5,2,18
68,271034,168,271035,20,3.0,3,0,78.0,35.0,5774.0,2726.0,1548.0,157.0,156.0,197.0,4903.0,6237.0,2025,5,2,18
68,271008,181,271009,73,3.0,3,1,3020.0,3192.0,4765.0,3526.0,5827.0,948.0,416.0,881.0,6.0,3459.0,2025,5,2,3
68,271008,181,271009,73,3.0,2,1,3020.0,3192.0,4765.0,3526.0,5827.0,948.0,416.0,881.0,6.0,3459.0,2025,5,2,3
68,271014,61,271015,114,3.0,1,1,625.0,628.0,1.0,26759.0,564.0,1271.0,1270.0,7709.0,2159.0,7958.0,2025,5,2,2
68,271014,61,271015,114,3.0,2,1,625.0,628.0,1.0,26759.0,564.0,1271.0,1270.0,7709.0,2159.0,7958.0,2025,5,2,2
68,271030,17,271031,127,3.0,3,1,157.0,156.0,197.0,4903.0,6237.0,746.0,1802.0,31.0,3274.0,3032.0,2025,5,2,0
68,271030,17,271031,127,3.0,5,1,157.0,156.0,197.0,4903.0,6237.0,746.0,1802.0,31.0,3274.0,3032.0,2025,5,2,0
68,271024,85,271025,188,3.0,0,0,1661.0,2776.0,1451.0,5364.0,3395.0,41.0,26.0,945.0,2611.0,2041.0,2025,5,1,23
68,271024,85,271025,188,3.0,2,0,1661.0,2776.0,1451.0,5364.0,3395.0,41.0,26.0,945.0,2611.0,2041.0,2025,5,1,23
68,271024,85,271025,188,3.0,5,1,1661.0,2776.0,1451.0,5364.0,3395.0,41.0,26.0,945.0,2611.0,2041.0,2025,5,1,23
68,271006,177,271007,79,3.0,5,1,19.0,550.0,1549.0,1443.0,146.0,1199.0,3246.0,143.0,6284.0,641.0,2025,5,1,22
68,271006,177,271007,79,3.0,4,1,19.0,550.0,1549.0,1443.0,146.0,1199.0,3246.0,143.0,6284.0,641.0,2025,5,1,22
68,271022,112,271023,189,3.0,7,1,2126.0,3121.0,2200.0,315.0,3060.0,78.0,35.0,5774.0,2726.0,1548.0,2025,5,1,21
68,271022,112,271023,189,3.0,3,1,2126.0,3121.0,2200.0,315.0,3060.0,78.0,35.0,5774.0,2726.0,1548.0,2025,5,1,21
68,271028,20,271029,63,3.0,4,0,4351.0,570.0,273.0,2638.0,1942.0,983.0,44.0,28.0,704.0,32.0,2025,5,1,18
68,271028,20,271029,63,3.0,1,0,4351.0,570.0,273.0,2638.0,1942.0,983.0,44.0,28.0,704.0,32.0,2025,5,1,18
68,271012,107,271013,186,3.0,1,0,997.0,1165.0,6735.0,3447.0,3746.0,656.0,3072.0,499.0,4011.0,18.0,2025,5,1,18
68,271012,107,271013,186,3.0,2,1,997.0,1165.0,6735.0,3447.0,3746.0,656.0,3072.0,499.0,4011.0,18.0,2025,5,1,18
68,271012,107,271013,186,3.0,3,0,997.0,1165.0,6735.0,3447.0,3746.0,656.0,3072.0,499.0,4011.0,18.0,2025,5,1,18
68,270070,17,270071,89,3.0,4,0,157.0,156.0,197.0,4903.0,6237.0,1661.0,2776.0,1451.0,5364.0,3395.0,2025,5,1,3
68,270070,17,270071,89,3.0,2,1,157.0,156.0,197.0,4903.0,6237.0,1661.0,2776.0,1451.0,5364.0,3395.0,2025,5,1,3
68,270070,17,270071,89,3.0,1,0,157.0,156.0,197.0,4903.0,6237.0,1661.0,2776.0,1451.0,5364.0,3395.0,2025,5,1,3
68,270062,181,270063,61,3.0,1,1,3020.0,3192.0,4765.0,3526.0,5827.0,625.0,628.0,1.0,26759.0,564.0,2025,5,1,3
68,270062,181,270063,61,3.0,4,1,3020.0,3192.0,4765.0,3526.0,5827.0,625.0,628.0,1.0,26759.0,564.0,2025,5,1,3
68,270064,108,270065,73,3.0,5,0,1271.0,1270.0,7709.0,2159.0,7958.0,948.0,416.0,881.0,6.0,3459.0,2025,5,1,1
68,270064,108,270065,73,3.0,3,0,1271.0,1270.0,7709.0,2159.0,7958.0,948.0,416.0,881.0,6.0,3459.0,2025,5,1,1
68,270072,121,270073,188,3.0,7,0,746.0,1802.0,31.0,3274.0,3032.0,41.0,26.0,945.0,2611.0,2041.0,2025,5,1,0
68,270072,121,270073,188,3.0,5,0,746.0,1802.0,31.0,3274.0,3032.0,41.0,26.0,945.0,2611.0,2041.0,2025,5,1,0
68,270066,112,270067,24,3.0,4,1,2126.0,3121.0,2200.0,315.0,3060.0,4351.0,570.0,273.0,2638.0,1942.0,2025,5,0,23
68,270066,112,270067,24,3.0,2,1,2126.0,3121.0,2200.0,315.0,3060.0,4351.0,570.0,273.0,2638.0,1942.0,2025,5,0,23
68,270058,177,270059,112,3.0,3,1,19.0,550.0,1549.0,1443.0,146.0,997.0,1165.0,6735.0,3447.0,3746.0,2025,5,0,22
68,270058,177,270059,112,3.0,2,1,19.0,550.0,1549.0,1443.0,146.0,997.0,1165.0,6735.0,3447.0,3746.0,2025,5,0,22
68,270068,168,270069,63,3.0,0,1,78.0,35.0,5774.0,2726.0,1548.0,983.0,44.0,28.0,704.0,32.0,2025,5,0,19
68,270068,168,270069,63,3.0,3,1,78.0,35.0,5774.0,2726.0,1548.0,983.0,44.0,28.0,704.0,32.0,2025,5,0,19
82,270676,16,270677,196,5.0,7,0,11.0,3248.0,1757.0,484.0,736.0,1003.0,295.0,3397.0,4710.0,965.0,2025,5,6,15
82,270676,16,270677,196,5.0,5,0,11.0,3248.0,1757.0,484.0,736.0,1003.0,295.0,3397.0,4710.0,965.0,2025,5,6,15
82,270676,16,270677,196,5.0,2,0,11.0,3248.0,1757.0,484.0,736.0,1003.0,295.0,3397.0,4710.0,965.0,2025,5,6,15
82,270676,16,270677,196,5.0,4,1,11.0,3248.0,1757.0,484.0,736.0,1003.0,295.0,3397.0,4710.0,965.0,2025,5,6,15
82,270678,17,270679,61,3.0,1,0,4903.0,156.0,157.0,197.0,6237.0,26759.0,628.0,625.0,1.0,564.0,2025,5,6,11
82,270678,17,270679,61,3.0,3,1,4903.0,156.0,157.0,197.0,6237.0,26759.0,628.0,625.0,1.0,564.0,2025,5,6,11
82,270678,17,270679,61,3.0,2,1,4903.0,156.0,157.0,197.0,6237.0,26759.0,628.0,625.0,1.0,564.0,2025,5,6,11
82,270674,61,270675,196,3.0,7,1,26759.0,628.0,625.0,1.0,564.0,1003.0,295.0,3397.0,4710.0,965.0,2025,5,5,17
82,270674,61,270675,196,3.0,4,0,26759.0,628.0,625.0,1.0,564.0,1003.0,295.0,3397.0,4710.0,965.0,2025,5,5,17
82,270674,61,270675,196,3.0,5,0,26759.0,628.0,625.0,1.0,564.0,1003.0,295.0,3397.0,4710.0,965.0,2025,5,5,17
82,270672,17,270673,19,3.0,4,1,4903.0,156.0,157.0,197.0,6237.0,11.0,3248.0,1757.0,484.0,736.0,2025,5,5,13
82,270672,17,270673,19,3.0,7,0,4903.0,156.0,157.0,197.0,6237.0,11.0,3248.0,1757.0,484.0,736.0,2025,5,5,13
82,270672,17,270673,19,3.0,5,0,4903.0,156.0,157.0,197.0,6237.0,11.0,3248.0,1757.0,484.0,736.0,2025,5,5,13
82,270416,127,270417,196,3.0,7,0,3396.0,3517.0,3110.0,709.0,150.0,1003.0,295.0,3397.0,4710.0,965.0,2025,5,4,18
82,270416,127,270417,196,3.0,2,0,3396.0,3517.0,3110.0,709.0,150.0,1003.0,295.0,3397.0,4710.0,965.0,2025,5,4,18
82,270414,61,270415,116,3.0,5,1,26759.0,628.0,625.0,1.0,564.0,216.0,4574.0,4498.0,2707.0,998.0,2025,5,4,14
82,270414,61,270415,116,3.0,7,1,26759.0,628.0,625.0,1.0,564.0,216.0,4574.0,4498.0,2707.0,998.0,2025,5,4,14
82,270412,16,270413,128,3.0,0,1,11.0,3248.0,1757.0,484.0,736.0,1401.0,169.0,2179.0,1834.0,2934.0,2025,5,4,11
82,270412,16,270413,128,3.0,4,0,11.0,3248.0,1757.0,484.0,736.0,1401.0,169.0,2179.0,1834.0,2934.0,2025,5,4,11
82,270412,16,270413,128,3.0,5,1,11.0,3248.0,1757.0,484.0,736.0,1401.0,169.0,2179.0,1834.0,2934.0,2025,5,4,11
82,270410,181,270411,20,3.0,4,0,3020.0,3192.0,4765.0,3526.0,5827.0,4903.0,156.0,157.0,197.0,6237.0,2025,5,4,8
82,270410,181,270411,20,3.0,1,0,3020.0,3192.0,4765.0,3526.0,5827.0,4903.0,156.0,157.0,197.0,6237.0,2025,5,4,8
82,270146,110,270147,214,3.0,1,0,216.0,4574.0,4498.0,2707.0,998.0,572.0,2785.0,163.0,4065.0,5156.0,2025,5,2,12
82,270146,110,270147,214,3.0,4,1,216.0,4574.0,4498.0,2707.0,998.0,572.0,2785.0,163.0,4065.0,5156.0,2025,5,2,12
82,270146,110,270147,214,3.0,0,1,216.0,4574.0,4498.0,2707.0,998.0,572.0,2785.0,163.0,4065.0,5156.0,2025,5,2,12
82,270144,133,270145,20,3.0,2,0,2271.0,4440.0,1455.0,6424.0,630.0,4903.0,156.0,157.0,197.0,6237.0,2025,5,2,10
82,270144,133,270145,20,3.0,1,0,2271.0,4440.0,1455.0,6424.0,630.0,4903.0,156.0,157.0,197.0,6237.0,2025,5,2,10
82,270142,127,270143,73,3.0,2,1,3396.0,3517.0,3110.0,709.0,150.0,8.0,881.0,6.0,3459.0,948.0,2025,5,2,8
82,270134,122,270135,20,3.0,3,1,1401.0,169.0,2179.0,1834.0,2934.0,4903.0,156.0,157.0,197.0,6237.0,2025,5,1,13
82,270134,122,270135,20,3.0,7,1,1401.0,169.0,2179.0,1834.0,2934.0,4903.0,156.0,157.0,197.0,6237.0,2025,5,1,13
82,270140,110,270141,227,3.0,4,1,216.0,4574.0,4498.0,2707.0,998.0,690.0,1871.0,5620.0,1913.0,4393.0,2025,5,1,11
82,270140,110,270141,227,3.0,7,1,216.0,4574.0,4498.0,2707.0,998.0,690.0,1871.0,5620.0,1913.0,4393.0,2025,5,1,11
82,270138,23,270139,73,3.0,4,0,1958.0,164.0,1685.0,4833.0,2995.0,8.0,881.0,6.0,3459.0,948.0,2025,5,1,10
82,270138,23,270139,73,3.0,2,0,1958.0,164.0,1685.0,4833.0,2995.0,8.0,881.0,6.0,3459.0,948.0,2025,5,1,10
82,270132,16,270133,214,3.0,2,1,11.0,3248.0,1757.0,484.0,736.0,572.0,2785.0,163.0,4065.0,5156.0,2025,5,1,10
82,270132,16,270133,214,3.0,3,0,11.0,3248.0,1757.0,484.0,736.0,572.0,2785.0,163.0,4065.0,5156.0,2025,5,1,10
82,270132,16,270133,214,3.0,0,1,11.0,3248.0,1757.0,484.0,736.0,572.0,2785.0,163.0,4065.0,5156.0,2025,5,1,10
82,270136,127,270137,88,3.0,0,1,3396.0,3517.0,3110.0,709.0,150.0,5135.0,5137.0,2790.0,27523.0,2091.0,2025,5,1,8
82,270136,127,270137,88,3.0,5,1,3396.0,3517.0,3110.0,709.0,150.0,5135.0,5137.0,2790.0,27523.0,2091.0,2025,5,1,8
82,270130,61,270131,141,3.0,7,1,26759.0,628.0,625.0,1.0,564.0,2271.0,4440.0,1455.0,6424.0,630.0,2025,5,1,8
82,270130,61,270131,141,3.0,1,1,26759.0,628.0,625.0,1.0,564.0,2271.0,4440.0,1455.0,6424.0,630.0,2025,5,1,8
82,270114,181,270115,128,3.0,3,1,3020.0,3192.0,4765.0,3526.0,5827.0,1401.0,169.0,2179.0,1834.0,2934.0,2025,5,0,14
82,270120,71,270121,115,3.0,3,1,8.0,881.0,6.0,3459.0,948.0,845.0,1817.0,1687.0,2810.0,2113.0,2025,5,0,14
82,270120,71,270121,115,3.0,2,1,8.0,881.0,6.0,3459.0,948.0,845.0,1817.0,1687.0,2810.0,2113.0,2025,5,0,14
82,270120,71,270121,115,3.0,0,0,8.0,881.0,6.0,3459.0,948.0,845.0,1817.0,1687.0,2810.0,2113.0,2025,5,0,14
82,270118,75,270119,88,3.0,4,0,4421.0,1199.0,3246.0,143.0,6284.0,5135.0,5137.0,2790.0,27523.0,2091.0,2025,5,0,12
82,270118,75,270119,88,3.0,0,0,4421.0,1199.0,3246.0,143.0,6284.0,5135.0,5137.0,2790.0,27523.0,2091.0,2025,5,0,12
82,270126,127,270127,20,3.0,7,1,3396.0,3517.0,3110.0,709.0,150.0,4903.0,156.0,157.0,197.0,6237.0,2025,5,0,11
82,270126,127,270127,20,3.0,1,0,3396.0,3517.0,3110.0,709.0,150.0,4903.0,156.0,157.0,197.0,6237.0,2025,5,0,11
82,270126,127,270127,20,3.0,3,0,3396.0,3517.0,3110.0,709.0,150.0,4903.0,156.0,157.0,197.0,6237.0,2025,5,0,11
82,270128,200,270129,141,3.0,1,0,690.0,1871.0,5620.0,1913.0,4393.0,2271.0,4440.0,1455.0,6424.0,630.0,2025,5,0,9
82,270128,200,270129,141,3.0,5,0,690.0,1871.0,5620.0,1913.0,4393.0,2271.0,4440.0,1455.0,6424.0,630.0,2025,5,0,9
82,270122,61,270123,116,3.0,3,1,26759.0,628.0,625.0,1.0,564.0,216.0,4574.0,4498.0,2707.0,998.0,2025,5,0,8
82,270122,61,270123,116,3.0,7,1,26759.0,628.0,625.0,1.0,564.0,216.0,4574.0,4498.0,2707.0,998.0,2025,5,0,8
82,270122,61,270123,116,3.0,1,0,26759.0,628.0,625.0,1.0,564.0,216.0,4574.0,4498.0,2707.0,998.0,2025,5,0,8
82,270124,23,270125,214,3.0,0,0,1958.0,164.0,1685.0,4833.0,2995.0,572.0,2785.0,163.0,4065.0,5156.0,2025,5,0,8
82,270124,23,270125,214,3.0,2,0,1958.0,164.0,1685.0,4833.0,2995.0,572.0,2785.0,163.0,4065.0,5156.0,2025,5,0,8
82,270112,71,270113,141,3.0,1,0,8.0,881.0,6.0,3459.0,948.0,2271.0,4440.0,1455.0,6424.0,630.0,2025,5,6,18
82,270112,71,270113,141,3.0,5,0,8.0,881.0,6.0,3459.0,948.0,2271.0,4440.0,1455.0,6424.0,630.0,2025,5,6,18
82,270112,71,270113,141,3.0,2,1,8.0,881.0,6.0,3459.0,948.0,2271.0,4440.0,1455.0,6424.0,630.0,2025,5,6,18
82,270110,17,270111,88,3.0,4,1,4903.0,156.0,157.0,197.0,6237.0,5135.0,5137.0,2790.0,27523.0,2091.0,2025,5,6,14
82,270110,17,270111,88,3.0,1,0,4903.0,156.0,157.0,197.0,6237.0,5135.0,5137.0,2790.0,27523.0,2091.0,2025,5,6,14
82,270110,17,270111,88,3.0,5,1,4903.0,156.0,157.0,197.0,6237.0,5135.0,5137.0,2790.0,27523.0,2091.0,2025,5,6,14
82,270104,175,270105,135,3.0,2,1,1003.0,295.0,3397.0,4710.0,965.0,3396.0,3517.0,3110.0,709.0,150.0,2025,5,6,14
82,270104,175,270105,135,3.0,7,1,1003.0,295.0,3397.0,4710.0,965.0,3396.0,3517.0,3110.0,709.0,150.0,2025,5,6,14
82,270102,122,270103,27,3.0,4,1,1401.0,169.0,2179.0,1834.0,2934.0,1958.0,164.0,1685.0,4833.0,2995.0,2025,5,6,11
82,270102,122,270103,27,3.0,3,1,1401.0,169.0,2179.0,1834.0,2934.0,1958.0,164.0,1685.0,4833.0,2995.0,2025,5,6,11
82,270108,75,270109,61,3.0,4,1,4421.0,1199.0,3246.0,143.0,6284.0,26759.0,628.0,625.0,1.0,564.0,2025,5,6,11
82,270108,75,270109,61,3.0,5,0,4421.0,1199.0,3246.0,143.0,6284.0,26759.0,628.0,625.0,1.0,564.0,2025,5,6,11
82,270108,75,270109,61,3.0,1,0,4421.0,1199.0,3246.0,143.0,6284.0,26759.0,628.0,625.0,1.0,564.0,2025,5,6,11
82,270100,16,270101,227,3.0,3,1,11.0,3248.0,1757.0,484.0,736.0,690.0,1871.0,5620.0,1913.0,2673.0,2025,5,6,9
82,270100,16,270101,227,3.0,5,1,11.0,3248.0,1757.0,484.0,736.0,690.0,1871.0,5620.0,1913.0,2673.0,2025,5,6,9
82,270098,181,270099,116,3.0,4,1,3020.0,3192.0,4765.0,3526.0,5827.0,216.0,4574.0,4498.0,2707.0,998.0,2025,5,6,8
82,270098,181,270099,116,3.0,1,1,3020.0,3192.0,4765.0,3526.0,5827.0,216.0,4574.0,4498.0,2707.0,998.0,2025,5,6,8
82,270106,187,270107,115,3.0,0,0,572.0,2785.0,163.0,4065.0,5156.0,845.0,1817.0,1687.0,2810.0,2113.0,2025,5,6,8
82,270106,187,270107,115,3.0,4,1,572.0,2785.0,163.0,4065.0,5156.0,845.0,1817.0,1687.0,2810.0,2113.0,2025,5,6,8
82,269686,200,269687,88,3.0,4,1,690.0,1871.0,5620.0,1913.0,2673.0,5135.0,5137.0,2790.0,27523.0,2091.0,2025,5,5,17
82,269686,200,269687,88,3.0,5,1,690.0,1871.0,5620.0,1913.0,2673.0,5135.0,5137.0,2790.0,27523.0,2091.0,2025,5,5,17
82,269678,175,269679,79,3.0,4,1,1003.0,295.0,3397.0,4710.0,965.0,4421.0,1199.0,3246.0,143.0,6284.0,2025,5,5,16
82,269678,175,269679,79,3.0,5,1,1003.0,295.0,3397.0,4710.0,965.0,4421.0,1199.0,3246.0,143.0,6284.0,2025,5,5,16
82,269676,122,269677,115,3.0,4,1,1401.0,169.0,2179.0,1834.0,2934.0,845.0,1817.0,1687.0,2810.0,2113.0,2025,5,5,14
82,269676,122,269677,115,3.0,2,1,1401.0,169.0,2179.0,1834.0,2934.0,845.0,1817.0,1687.0,2810.0,2113.0,2025,5,5,14
82,269684,187,269685,135,3.0,2,1,572.0,2785.0,163.0,4065.0,5156.0,3396.0,3517.0,3110.0,709.0,150.0,2025,5,5,14
82,269684,187,269685,135,3.0,7,0,572.0,2785.0,163.0,4065.0,5156.0,3396.0,3517.0,3110.0,709.0,150.0,2025,5,5,14
82,269684,187,269685,135,3.0,0,0,572.0,2785.0,163.0,4065.0,5156.0,3396.0,3517.0,3110.0,709.0,150.0,2025,5,5,14
82,269674,181,269675,61,3.0,1,0,3020.0,3192.0,4765.0,3526.0,5827.0,26759.0,628.0,625.0,1.0,564.0,2025,5,5,11
82,269674,181,269675,61,3.0,4,1,3020.0,3192.0,4765.0,3526.0,5827.0,26759.0,628.0,625.0,1.0,564.0,2025,5,5,11
82,269674,181,269675,61,3.0,3,1,3020.0,3192.0,4765.0,3526.0,5827.0,26759.0,628.0,625.0,1.0,564.0,2025,5,5,11
82,269682,71,269683,116,3.0,1,0,8.0,881.0,6.0,3459.0,948.0,216.0,4574.0,4498.0,2707.0,998.0,2025,5,5,10
82,269682,71,269683,116,3.0,5,0,8.0,881.0,6.0,3459.0,948.0,216.0,4574.0,4498.0,2707.0,998.0,2025,5,5,10
82,269682,71,269683,116,3.0,0,1,8.0,881.0,6.0,3459.0,948.0,216.0,4574.0,4498.0,2707.0,998.0,2025,5,5,10
82,269680,16,269681,141,3.0,2,1,11.0,3248.0,1757.0,484.0,736.0,2271.0,4440.0,1455.0,6424.0,630.0,2025,5,5,8
82,269680,16,269681,141,3.0,0,0,11.0,3248.0,1757.0,484.0,736.0,2271.0,4440.0,1455.0,6424.0,630.0,2025,5,5,8
82,269680,16,269681,141,3.0,3,1,11.0,3248.0,1757.0,484.0,736.0,2271.0,4440.0,1455.0,6424.0,630.0,2025,5,5,8
82,269672,17,269673,27,3.0,2,0,4903.0,156.0,157.0,197.0,6237.0,1958.0,164.0,1685.0,4833.0,2995.0,2025,5,5,8
82,269672,17,269673,27,3.0,3,0,4903.0,156.0,157.0,197.0,6237.0,1958.0,164.0,1685.0,4833.0,2995.0,2025,5,5,8
82,269672,17,269673,27,3.0,4,1,4903.0,156.0,157.0,197.0,6237.0,1958.0,164.0,1685.0,4833.0,2995.0,2025,5,5,8
0,269704,164,269705,67,3.0,0,1,4400.0,6146.0,1151.0,3062.0,269.0,272.0,260.0,1050.0,1039.0,2989.0,2025,5,6,12
0,269704,164,269705,67,3.0,3,1,4400.0,6146.0,1151.0,3062.0,269.0,272.0,260.0,1050.0,1039.0,2989.0,2025,5,6,12
0,269712,98,269713,114,3.0,2,0,4033.0,1544.0,1473.0,25490.0,6836.0,1271.0,1270.0,7709.0,2159.0,7958.0,2025,5,6,9
0,269712,98,269713,114,3.0,5,0,4033.0,1544.0,1473.0,25490.0,6836.0,1271.0,1270.0,7709.0,2159.0,7958.0,2025,5,6,9
0,269708,67,269709,161,3.0,3,1,272.0,260.0,1050.0,1039.0,2989.0,268.0,159.0,504.0,1730.0,3844.0,2025,5,5,12
0,269708,67,269709,161,3.0,0,0,272.0,260.0,1050.0,1039.0,2989.0,268.0,159.0,504.0,1730.0,3844.0,2025,5,5,12
0,269708,67,269709,161,3.0,2,1,272.0,260.0,1050.0,1039.0,2989.0,268.0,159.0,504.0,1730.0,3844.0,2025,5,5,12
0,269702,164,269703,67,3.0,3,1,4400.0,6146.0,1151.0,3062.0,269.0,272.0,260.0,1050.0,1039.0,2989.0,2025,5,4,9
0,269702,164,269703,67,3.0,4,1,4400.0,6146.0,1151.0,3062.0,269.0,272.0,260.0,1050.0,1039.0,2989.0,2025,5,4,9
0,269702,164,269703,67,3.0,0,0,4400.0,6146.0,1151.0,3062.0,269.0,272.0,260.0,1050.0,1039.0,2989.0,2025,5,4,9
0,269710,98,269711,114,3.0,5,1,4033.0,1544.0,1473.0,25490.0,6836.0,1271.0,1270.0,7709.0,2159.0,7958.0,2025,5,3,9
0,269710,98,269711,114,3.0,2,1,4033.0,1544.0,1473.0,25490.0,6836.0,1271.0,1270.0,7709.0,2159.0,7958.0,2025,5,3,9
0,269698,164,269699,161,3.0,7,1,4400.0,6146.0,1151.0,3062.0,269.0,268.0,159.0,504.0,1730.0,3844.0,2025,5,2,9
0,269698,164,269699,161,3.0,3,1,4400.0,6146.0,1151.0,3062.0,269.0,268.0,159.0,504.0,1730.0,3844.0,2025,5,2,9
0,269694,180,269695,103,3.0,5,0,1912.0,2302.0,8280.0,2298.0,3413.0,4033.0,1544.0,1473.0,25490.0,6836.0,2025,5,1,9
23,269222,177,269223,188,5.0,4,0,19.0,550.0,1549.0,1443.0,146.0,41.0,26.0,945.0,2611.0,2041.0,2025,5,6,17
23,269222,177,269223,188,5.0,2,1,19.0,550.0,1549.0,1443.0,146.0,41.0,26.0,945.0,2611.0,2041.0,2025,5,6,17
23,269222,177,269223,188,5.0,5,1,19.0,550.0,1549.0,1443.0,146.0,41.0,26.0,945.0,2611.0,2041.0,2025,5,6,17
23,269222,177,269223,188,5.0,3,0,19.0,550.0,1549.0,1443.0,146.0,41.0,26.0,945.0,2611.0,2041.0,2025,5,6,17
23,269222,177,269223,188,5.0,7,1,19.0,550.0,1549.0,1443.0,146.0,41.0,26.0,945.0,2611.0,2041.0,2025,5,6,17
23,269218,177,269219,196,3.0,4,1,19.0,550.0,1549.0,1443.0,146.0,1003.0,295.0,3397.0,4710.0,965.0,2025,5,5,20
23,269218,177,269219,196,3.0,5,1,19.0,550.0,1549.0,1443.0,146.0,1003.0,295.0,3397.0,4710.0,965.0,2025,5,5,20
23,269220,112,269221,188,3.0,2,0,2126.0,3121.0,2200.0,315.0,3060.0,41.0,26.0,945.0,2611.0,2041.0,2025,5,5,17
23,269220,112,269221,188,3.0,5,0,2126.0,3121.0,2200.0,315.0,3060.0,41.0,26.0,945.0,2611.0,2041.0,2025,5,5,17
23,269214,175,269215,215,3.0,1,1,1003.0,295.0,3397.0,4710.0,965.0,34.0,6030.0,530.0,4042.0,1316.0,2025,5,4,19
23,269214,175,269215,215,3.0,2,1,1003.0,295.0,3397.0,4710.0,965.0,34.0,6030.0,530.0,4042.0,1316.0,2025,5,4,19
23,269216,112,269217,63,3.0,4,1,2126.0,3121.0,2200.0,315.0,3060.0,27.0,692.0,28.0,704.0,32.0,2025,5,4,17
23,269216,112,269217,63,3.0,2,1,2126.0,3121.0,2200.0,315.0,3060.0,27.0,692.0,28.0,704.0,32.0,2025,5,4,17
23,269230,175,269231,188,3.0,2,0,1003.0,295.0,3397.0,4710.0,965.0,41.0,26.0,945.0,2611.0,2041.0,2025,5,3,22
23,269230,175,269231,188,3.0,4,1,1003.0,295.0,3397.0,4710.0,965.0,41.0,26.0,945.0,2611.0,2041.0,2025,5,3,22
23,269230,175,269231,188,3.0,0,0,1003.0,295.0,3397.0,4710.0,965.0,41.0,26.0,945.0,2611.0,2041.0,2025,5,3,22
23,269228,67,269229,63,3.0,3,0,272.0,260.0,1050.0,2989.0,1039.0,27.0,692.0,28.0,704.0,32.0,2025,5,3,18
23,269228,67,269229,63,3.0,5,0,272.0,260.0,1050.0,2989.0,1039.0,27.0,692.0,28.0,704.0,32.0,2025,5,3,18
23,269226,112,269227,199,3.0,4,1,2126.0,3121.0,2200.0,315.0,3060.0,19.0,550.0,1549.0,1443.0,146.0,2025,5,3,14
23,269226,112,269227,199,3.0,3,0,2126.0,3121.0,2200.0,315.0,3060.0,19.0,550.0,1549.0,1443.0,146.0,2025,5,3,14
23,269226,112,269227,199,3.0,7,0,2126.0,3121.0,2200.0,315.0,3060.0,19.0,550.0,1549.0,1443.0,146.0,2025,5,3,14
23,269224,200,269225,215,3.0,1,0,690.0,1871.0,5620.0,1913.0,4393.0,34.0,6030.0,530.0,4042.0,1316.0,2025,5,3,12
23,269224,200,269225,215,3.0,3,0,690.0,1871.0,5620.0,1913.0,4393.0,34.0,6030.0,530.0,4042.0,1316.0,2025,5,3,12
23,269212,63,269213,188,3.0,2,0,27.0,692.0,28.0,704.0,32.0,41.0,26.0,945.0,2611.0,2041.0,2025,4,2,20
23,269212,63,269213,188,3.0,0,0,27.0,692.0,28.0,704.0,32.0,41.0,26.0,945.0,2611.0,2041.0,2025,4,2,20
23,269206,177,269207,215,3.0,2,1,19.0,550.0,1549.0,1443.0,146.0,34.0,6030.0,530.0,4042.0,1316.0,2025,4,2,18
23,269206,177,269207,215,3.0,3,1,19.0,550.0,1549.0,1443.0,146.0,34.0,6030.0,530.0,4042.0,1316.0,2025,4,2,18
23,269208,112,269209,227,3.0,2,1,2126.0,3121.0,2200.0,315.0,3060.0,690.0,1871.0,5620.0,1913.0,4393.0,2025,4,2,14
23,269208,112,269209,227,3.0,3,0,2126.0,3121.0,2200.0,315.0,3060.0,690.0,1871.0,5620.0,1913.0,4393.0,2025,4,2,14
23,269208,112,269209,227,3.0,5,1,2126.0,3121.0,2200.0,315.0,3060.0,690.0,1871.0,5620.0,1913.0,4393.0,2025,4,2,14
23,269210,175,269211,67,3.0,4,1,1003.0,295.0,3397.0,4710.0,965.0,272.0,260.0,1050.0,2989.0,1039.0,2025,4,2,12
23,269210,175,269211,67,3.0,5,1,1003.0,295.0,3397.0,4710.0,965.0,272.0,260.0,1050.0,2989.0,1039.0,2025,4,2,12
73,269054,167,269055,199,5.0,5,0,41.0,26.0,2041.0,945.0,2611.0,19.0,550.0,1549.0,1443.0,146.0,2025,4,6,9
73,269054,167,269055,199,5.0,2,1,41.0,26.0,2041.0,945.0,2611.0,19.0,550.0,1549.0,1443.0,146.0,2025,4,6,9
73,269054,167,269055,199,5.0,3,0,41.0,26.0,2041.0,945.0,2611.0,19.0,550.0,1549.0,1443.0,146.0,2025,4,6,9
73,269054,167,269055,199,5.0,7,0,41.0,26.0,2041.0,945.0,2611.0,19.0,550.0,1549.0,1443.0,146.0,2025,4,6,9
73,269054,167,269055,199,5.0,4,1,41.0,26.0,2041.0,945.0,2611.0,19.0,550.0,1549.0,1443.0,146.0,2025,4,6,9
73,269052,181,269053,199,3.0,5,0,3020.0,3192.0,4765.0,3526.0,5827.0,19.0,550.0,1549.0,1443.0,146.0,2025,4,5,13
73,269052,181,269053,199,3.0,4,0,3020.0,3192.0,4765.0,3526.0,5827.0,19.0,550.0,1549.0,1443.0,146.0,2025,4,5,13
73,269050,112,269051,188,3.0,2,0,2126.0,3121.0,2200.0,315.0,3060.0,41.0,26.0,2041.0,945.0,2611.0,2025,4,5,10
73,269050,112,269051,188,3.0,5,0,2126.0,3121.0,2200.0,315.0,3060.0,41.0,26.0,2041.0,945.0,2611.0,2025,4,5,10
73,269048,181,269049,189,3.0,1,0,3020.0,3192.0,4765.0,3526.0,5827.0,78.0,35.0,5774.0,1548.0,2726.0,2025,4,4,13
73,269048,181,269049,189,3.0,0,1,3020.0,3192.0,4765.0,3526.0,5827.0,78.0,35.0,5774.0,1548.0,2726.0,2025,4,4,13
73,269048,181,269049,189,3.0,3,1,3020.0,3192.0,4765.0,3526.0,5827.0,78.0,35.0,5774.0,1548.0,2726.0,2025,4,4,13
73,269046,167,269047,79,3.0,5,1,41.0,26.0,2041.0,945.0,2611.0,4421.0,1199.0,3246.0,143.0,6284.0,2025,4,4,10
73,269046,167,269047,79,3.0,7,1,41.0,26.0,2041.0,945.0,2611.0,4421.0,1199.0,3246.0,143.0,6284.0,2025,4,4,10
73,269044,122,269045,189,3.0,1,0,1401.0,169.0,2179.0,1834.0,2934.0,78.0,35.0,5774.0,1548.0,2726.0,2025,4,2,12
73,269044,122,269045,189,3.0,3,1,1401.0,169.0,2179.0,1834.0,2934.0,78.0,35.0,5774.0,1548.0,2726.0,2025,4,2,12
73,269044,122,269045,189,3.0,0,0,1401.0,169.0,2179.0,1834.0,2934.0,78.0,35.0,5774.0,1548.0,2726.0,2025,4,2,12
73,269042,177,269043,188,3.0,3,1,19.0,550.0,1549.0,1443.0,146.0,41.0,26.0,2041.0,945.0,2611.0,2025,4,2,12
73,269042,177,269043,188,3.0,4,1,19.0,550.0,1549.0,1443.0,146.0,41.0,26.0,2041.0,945.0,2611.0,2025,4,2,12
73,269038,112,269039,203,3.0,5,1,2126.0,3121.0,2200.0,315.0,3060.0,3020.0,3192.0,4765.0,3526.0,5827.0,2025,4,2,9
73,269038,112,269039,203,3.0,4,1,2126.0,3121.0,2200.0,315.0,3060.0,3020.0,3192.0,4765.0,3526.0,5827.0,2025,4,2,9
73,269040,63,269041,79,3.0,4,0,27.0,692.0,28.0,704.0,32.0,4421.0,1199.0,3246.0,143.0,6284.0,2025,4,2,9
73,269040,63,269041,79,3.0,5,0,27.0,692.0,28.0,704.0,32.0,4421.0,1199.0,3246.0,143.0,6284.0,2025,4,2,9
73,269036,168,269037,116,3.0,0,1,78.0,35.0,5774.0,1548.0,2726.0,216.0,4574.0,2707.0,998.0,4498.0,2025,4,2,7
73,269036,168,269037,116,3.0,1,1,78.0,35.0,5774.0,1548.0,2726.0,216.0,4574.0,2707.0,998.0,4498.0,2025,4,2,7
73,269034,122,269035,67,3.0,0,1,1401.0,169.0,2179.0,1834.0,2934.0,272.0,260.0,1050.0,2989.0,1039.0,2025,4,2,6
73,269034,122,269035,67,3.0,3,1,1401.0,169.0,2179.0,1834.0,2934.0,272.0,260.0,1050.0,2989.0,1039.0,2025,4,2,6
73,269034,122,269035,67,3.0,4,0,1401.0,169.0,2179.0,1834.0,2934.0,272.0,260.0,1050.0,2989.0,1039.0,2025,4,2,6
73,269030,63,269031,186,3.0,2,1,27.0,692.0,28.0,704.0,32.0,656.0,3072.0,499.0,4011.0,18.0,2025,4,2,4
73,269030,63,269031,186,3.0,5,1,27.0,692.0,28.0,704.0,32.0,656.0,3072.0,499.0,4011.0,18.0,2025,4,2,4
73,269032,75,269033,42,3.0,0,0,4421.0,1199.0,3246.0,143.0,6284.0,472.0,532.0,540.0,1719.0,6335.0,2025,4,2,4
73,269032,75,269033,42,3.0,5,1,4421.0,1199.0,3246.0,143.0,6284.0,472.0,532.0,540.0,1719.0,6335.0,2025,4,2,4
73,269024,153,269025,116,3.0,3,0,3112.0,927.0,3513.0,5490.0,6721.0,216.0,4574.0,2707.0,998.0,4498.0,2025,4,1,12
73,269024,153,269025,116,3.0,5,1,3112.0,927.0,3513.0,5490.0,6721.0,216.0,4574.0,2707.0,998.0,4498.0,2025,4,1,12
73,269024,153,269025,116,3.0,1,0,3112.0,927.0,3513.0,5490.0,6721.0,216.0,4574.0,2707.0,998.0,4498.0,2025,4,1,12
73,269028,167,269029,128,3.0,4,1,41.0,26.0,2041.0,945.0,2611.0,1401.0,169.0,2179.0,1834.0,2934.0,2025,4,1,11
73,269028,167,269029,128,3.0,3,0,41.0,26.0,2041.0,945.0,2611.0,1401.0,169.0,2179.0,1834.0,2934.0,2025,4,1,11
73,269028,167,269029,128,3.0,2,1,41.0,26.0,2041.0,945.0,2611.0,1401.0,169.0,2179.0,1834.0,2934.0,2025,4,1,11
73,269022,67,269023,214,3.0,2,1,272.0,260.0,1050.0,2989.0,1039.0,572.0,2785.0,163.0,4065.0,5156.0,2025,4,1,9
73,269022,67,269023,214,3.0,3,1,272.0,260.0,1050.0,2989.0,1039.0,572.0,2785.0,163.0,4065.0,5156.0,2025,4,1,9
73,269026,177,269027,189,3.0,4,1,19.0,550.0,1549.0,1443.0,146.0,78.0,35.0,5774.0,1548.0,2726.0,2025,4,1,9
73,269026,177,269027,189,3.0,5,1,19.0,550.0,1549.0,1443.0,146.0,78.0,35.0,5774.0,1548.0,2726.0,2025,4,1,9
73,269014,23,269015,186,3.0,2,0,1958.0,164.0,1685.0,4833.0,2995.0,656.0,3072.0,499.0,4011.0,18.0,2025,4,1,7
73,269014,23,269015,186,3.0,0,0,1958.0,164.0,1685.0,4833.0,2995.0,656.0,3072.0,499.0,4011.0,18.0,2025,4,1,7
73,269020,63,269021,203,3.0,2,0,27.0,692.0,28.0,704.0,32.0,3020.0,3192.0,4765.0,3526.0,5827.0,2025,4,1,6
73,269020,63,269021,203,3.0,0,0,27.0,692.0,28.0,704.0,32.0,3020.0,3192.0,4765.0,3526.0,5827.0,2025,4,1,6
73,269018,112,269019,79,3.0,5,1,2126.0,3121.0,2200.0,315.0,3060.0,4421.0,1199.0,3246.0,143.0,6284.0,2025,4,1,4
73,269018,112,269019,79,3.0,3,1,2126.0,3121.0,2200.0,315.0,3060.0,4421.0,1199.0,3246.0,143.0,6284.0,2025,4,1,4
73,268568,167,268569,169,3.0,2,1,41.0,26.0,2041.0,945.0,2611.0,3112.0,927.0,3513.0,5490.0,6721.0,2025,4,0,13
73,268568,167,268569,169,3.0,5,1,41.0,26.0,2041.0,945.0,2611.0,3112.0,927.0,3513.0,5490.0,6721.0,2025,4,0,13
73,268570,110,268571,128,3.0,4,0,216.0,4574.0,2707.0,998.0,4498.0,1401.0,169.0,2179.0,1834.0,2934.0,2025,4,0,12
73,268570,110,268571,128,3.0,1,1,216.0,4574.0,2707.0,998.0,4498.0,1401.0,169.0,2179.0,1834.0,2934.0,2025,4,0,12
73,268570,110,268571,128,3.0,3,0,216.0,4574.0,2707.0,998.0,4498.0,1401.0,169.0,2179.0,1834.0,2934.0,2025,4,0,12
73,268564,177,268565,67,3.0,1,1,19.0,550.0,1549.0,1443.0,146.0,272.0,260.0,1050.0,2989.0,1039.0,2025,4,0,11
73,268564,177,268565,67,3.0,5,1,19.0,550.0,1549.0,1443.0,146.0,272.0,260.0,1050.0,2989.0,1039.0,2025,4,0,11
73,268566,187,268567,189,3.0,4,1,572.0,2785.0,163.0,4065.0,5156.0,78.0,35.0,5774.0,1548.0,2726.0,2025,4,0,9
73,268566,187,268567,189,3.0,0,0,572.0,2785.0,163.0,4065.0,5156.0,78.0,35.0,5774.0,1548.0,2726.0,2025,4,0,9
73,268566,187,268567,189,3.0,2,0,572.0,2785.0,163.0,4065.0,5156.0,78.0,35.0,5774.0,1548.0,2726.0,2025,4,0,9
73,268556,112,268557,27,3.0,0,1,2126.0,3121.0,2200.0,315.0,3060.0,1958.0,164.0,1685.0,4833.0,2995.0,2025,4,0,8
73,268556,112,268557,27,3.0,4,1,2126.0,3121.0,2200.0,315.0,3060.0,1958.0,164.0,1685.0,4833.0,2995.0,2025,4,0,8
73,268556,112,268557,27,3.0,3,0,2126.0,3121.0,2200.0,315.0,3060.0,1958.0,164.0,1685.0,4833.0,2995.0,2025,4,0,8
73,268558,166,268559,79,3.0,0,0,656.0,3072.0,499.0,4011.0,18.0,4421.0,1199.0,3246.0,143.0,6284.0,2025,4,0,7
73,268558,166,268559,79,3.0,3,0,656.0,3072.0,499.0,4011.0,18.0,4421.0,1199.0,3246.0,143.0,6284.0,2025,4,0,7
73,268562,43,268563,203,3.0,3,0,472.0,532.0,540.0,1719.0,6335.0,3020.0,3192.0,4765.0,3526.0,5827.0,2025,4,0,4
73,268562,43,268563,203,3.0,1,1,472.0,532.0,540.0,1719.0,6335.0,3020.0,3192.0,4765.0,3526.0,5827.0,2025,4,0,4
73,268562,43,268563,203,3.0,0,0,472.0,532.0,540.0,1719.0,6335.0,3020.0,3192.0,4765.0,3526.0,5827.0,2025,4,0,4
25,269006,26,269007,127,3.0,7,0,1886.0,1778.0,26420.0,2517.0,2518.0,746.0,3274.0,31.0,1802.0,3032.0,2025,4,4,1
25,269006,26,269007,127,3.0,2,0,1886.0,1778.0,26420.0,2517.0,2518.0,746.0,3274.0,31.0,1802.0,3032.0,2025,4,4,1
25,269012,21,269013,112,3.0,4,1,877.0,3357.0,5875.0,3000.0,27487.0,997.0,1165.0,6735.0,3447.0,3746.0,2025,4,4,1
25,269012,21,269013,112,3.0,3,1,877.0,3357.0,5875.0,3000.0,27487.0,997.0,1165.0,6735.0,3447.0,3746.0,2025,4,4,1
25,269004,78,269005,127,3.0,4,1,4242.0,1696.0,546.0,2516.0,1017.0,746.0,3274.0,31.0,1802.0,3032.0,2025,4,3,22
25,269004,78,269005,127,3.0,1,0,4242.0,1696.0,546.0,2516.0,1017.0,746.0,3274.0,31.0,1802.0,3032.0,2025,4,3,22
25,269004,78,269005,127,3.0,2,0,4242.0,1696.0,546.0,2516.0,1017.0,746.0,3274.0,31.0,1802.0,3032.0,2025,4,3,22
25,269010,107,269011,141,3.0,5,1,997.0,1165.0,6735.0,3447.0,3746.0,2271.0,4440.0,1455.0,6424.0,630.0,2025,4,3,20
25,269010,107,269011,141,3.0,3,1,997.0,1165.0,6735.0,3447.0,3746.0,2271.0,4440.0,1455.0,6424.0,630.0,2025,4,3,20
25,269010,107,269011,141,3.0,1,0,997.0,1165.0,6735.0,3447.0,3746.0,2271.0,4440.0,1455.0,6424.0,630.0,2025,4,3,20
25,269002,26,269003,120,3.0,7,1,1886.0,1778.0,26420.0,2517.0,2518.0,2191.0,748.0,3847.0,1102.0,6183.0,2025,4,3,19
25,269002,26,269003,120,3.0,5,0,1886.0,1778.0,26420.0,2517.0,2518.0,2191.0,748.0,3847.0,1102.0,6183.0,2025,4,3,19
25,269002,26,269003,120,3.0,0,1,1886.0,1778.0,26420.0,2517.0,2518.0,2191.0,748.0,3847.0,1102.0,6183.0,2025,4,3,19
25,268934,16,268935,22,3.0,0,0,11.0,3248.0,1757.0,484.0,439.0,5502.0,25509.0,2799.0,3490.0,7286.0,2025,4,3,18
25,268934,16,268935,22,3.0,4,0,11.0,3248.0,1757.0,484.0,439.0,5502.0,25509.0,2799.0,3490.0,7286.0,2025,4,3,18
25,268934,16,268935,22,3.0,3,1,11.0,3248.0,1757.0,484.0,439.0,5502.0,25509.0,2799.0,3490.0,7286.0,2025,4,3,18
25,268932,50,268933,22,3.0,1,1,15.0,607.0,5630.0,8252.0,4010.0,5502.0,25509.0,2799.0,3490.0,7286.0,2025,4,3,14
25,268932,50,268933,22,3.0,0,0,15.0,607.0,5630.0,8252.0,4010.0,5502.0,25509.0,2799.0,3490.0,7286.0,2025,4,3,14
25,268724,55,268725,39,3.0,4,1,2276.0,3283.0,5140.0,26830.0,1322.0,1322.0,3157.0,5555.0,3524.0,7662.0,2025,4,3,13
25,268724,55,268725,39,3.0,2,0,2276.0,3283.0,5140.0,26830.0,1322.0,1322.0,3157.0,5555.0,3524.0,7662.0,2025,4,3,13
25,268730,164,268731,161,3.0,1,1,4400.0,6146.0,1151.0,3062.0,269.0,268.0,159.0,504.0,1730.0,3844.0,2025,4,3,12
25,268730,164,268731,161,3.0,4,1,4400.0,6146.0,1151.0,3062.0,269.0,268.0,159.0,504.0,1730.0,3844.0,2025,4,3,12
25,268738,67,268739,173,3.0,4,1,272.0,260.0,1050.0,2989.0,1039.0,262.0,3292.0,893.0,3337.0,3061.0,2025,4,3,7
25,268738,67,268739,173,3.0,3,1,272.0,260.0,1050.0,2989.0,1039.0,262.0,3292.0,893.0,3337.0,3061.0,2025,4,3,7
25,268744,188,268745,127,3.0,2,0,34.0,6030.0,530.0,4042.0,1316.0,746.0,3274.0,31.0,1802.0,3032.0,2025,4,3,2
25,268744,188,268745,127,3.0,3,1,34.0,6030.0,530.0,4042.0,1316.0,746.0,3274.0,31.0,1802.0,3032.0,2025,4,3,2
25,268744,188,268745,127,3.0,1,1,34.0,6030.0,530.0,4042.0,1316.0,746.0,3274.0,31.0,1802.0,3032.0,2025,4,3,2
25,268752,66,268753,112,3.0,0,1,2225.0,626.0,3445.0,1518.0,5024.0,997.0,1165.0,6735.0,3447.0,3746.0,2025,4,3,1
25,268752,66,268753,112,3.0,2,1,2225.0,626.0,3445.0,1518.0,5024.0,997.0,1165.0,6735.0,3447.0,3746.0,2025,4,3,1
25,268746,113,268747,138,3.0,7,1,2191.0,748.0,3847.0,1102.0,6183.0,3836.0,2260.0,6336.0,1166.0,83.0,2025,4,3,0
25,268860,5,268861,22,3.0,4,0,961.0,1962.0,3289.0,4543.0,25998.0,5502.0,25509.0,2799.0,3490.0,7286.0,2025,4,2,18
25,268860,5,268861,22,3.0,2,0,961.0,1962.0,3289.0,4543.0,25998.0,5502.0,25509.0,2799.0,3490.0,7286.0,2025,4,2,18
25,268786,16,268787,27,3.0,3,1,11.0,3248.0,1757.0,484.0,439.0,1958.0,164.0,1685.0,4833.0,2995.0,2025,4,2,18
25,268786,16,268787,27,3.0,4,0,11.0,3248.0,1757.0,484.0,439.0,1958.0,164.0,1685.0,4833.0,2995.0,2025,4,2,18
25,268786,16,268787,27,3.0,0,1,11.0,3248.0,1757.0,484.0,439.0,1958.0,164.0,1685.0,4833.0,2995.0,2025,4,2,18
25,268790,153,268791,50,3.0,0,0,5490.0,6721.0,927.0,3513.0,3112.0,15.0,607.0,5630.0,8252.0,4010.0,2025,4,2,18
25,268790,153,268791,50,3.0,7,0,5490.0,6721.0,927.0,3513.0,3112.0,15.0,607.0,5630.0,8252.0,4010.0,2025,4,2,18
25,268772,115,268773,19,3.0,0,1,4275.0,568.0,4705.0,314.0,1203.0,11.0,3248.0,1757.0,484.0,439.0,2025,4,2,14
25,268772,115,268773,19,3.0,4,0,4275.0,568.0,4705.0,314.0,1203.0,11.0,3248.0,1757.0,484.0,439.0,2025,4,2,14
25,268772,115,268773,19,3.0,3,1,4275.0,568.0,4705.0,314.0,1203.0,11.0,3248.0,1757.0,484.0,439.0,2025,4,2,14
25,268776,124,268777,27,3.0,3,1,3538.0,6142.0,3344.0,5284.0,16113.0,1958.0,164.0,1685.0,4833.0,2995.0,2025,4,2,14
25,268776,124,268777,27,3.0,2,1,3538.0,6142.0,3344.0,5284.0,16113.0,1958.0,164.0,1685.0,4833.0,2995.0,2025,4,2,14
25,268774,5,268775,33,3.0,1,0,961.0,1962.0,3289.0,4543.0,25998.0,2936.0,1092.0,5420.0,457.0,553.0,2025,4,2,14
25,268774,5,268775,33,3.0,2,1,961.0,1962.0,3289.0,4543.0,25998.0,2936.0,1092.0,5420.0,457.0,553.0,2025,4,2,14
25,268774,5,268775,33,3.0,5,0,961.0,1962.0,3289.0,4543.0,25998.0,2936.0,1092.0,5420.0,457.0,553.0,2025,4,2,14
25,268726,108,268727,183,3.0,3,0,1271.0,1270.0,2159.0,7709.0,7958.0,4400.0,6146.0,1151.0,3062.0,269.0,2025,4,2,12
25,268726,108,268727,183,3.0,5,1,1271.0,1270.0,2159.0,7709.0,7958.0,4400.0,6146.0,1151.0,3062.0,269.0,2025,4,2,12
25,268726,108,268727,183,3.0,7,1,1271.0,1270.0,2159.0,7709.0,7958.0,4400.0,6146.0,1151.0,3062.0,269.0,2025,4,2,12
25,268782,50,268783,68,3.0,0,0,15.0,607.0,5630.0,8252.0,4010.0,640.0,4048.0,495.0,1891.0,7082.0,2025,4,2,11
25,268782,50,268783,68,3.0,4,1,15.0,607.0,5630.0,8252.0,4010.0,640.0,4048.0,495.0,1891.0,7082.0,2025,4,2,11
25,268782,50,268783,68,3.0,1,1,15.0,607.0,5630.0,8252.0,4010.0,640.0,4048.0,495.0,1891.0,7082.0,2025,4,2,11
25,268778,153,268779,79,3.0,1,1,5490.0,6721.0,927.0,3513.0,3112.0,4421.0,1199.0,3246.0,143.0,6284.0,2025,4,2,11
25,268778,153,268779,79,3.0,0,0,5490.0,6721.0,927.0,3513.0,3112.0,4421.0,1199.0,3246.0,143.0,6284.0,2025,4,2,11
25,268778,153,268779,79,3.0,5,1,5490.0,6721.0,927.0,3513.0,3112.0,4421.0,1199.0,3246.0,143.0,6284.0,2025,4,2,11
25,268290,121,268291,138,3.0,7,1,746.0,3274.0,31.0,1802.0,3032.0,3836.0,2260.0,6336.0,1166.0,83.0,2025,4,2,2
25,268290,121,268291,138,3.0,2,1,746.0,3274.0,31.0,1802.0,3032.0,3836.0,2260.0,6336.0,1166.0,83.0,2025,4,2,2
25,268298,107,268299,156,3.0,4,1,997.0,1165.0,6735.0,3447.0,3746.0,3.0,5028.0,147.0,142.0,1507.0,2025,4,2,1
25,268298,107,268299,156,3.0,5,1,997.0,1165.0,6735.0,3447.0,3746.0,3.0,5028.0,147.0,142.0,1507.0,2025,4,2,1
25,268288,188,268289,120,3.0,5,1,34.0,6030.0,530.0,4042.0,1316.0,2191.0,748.0,3847.0,1102.0,6183.0,2025,4,2,0
25,268288,188,268289,120,3.0,3,1,34.0,6030.0,530.0,4042.0,1316.0,2191.0,748.0,3847.0,1102.0,6183.0,2025,4,2,0
25,268296,66,268297,25,3.0,0,1,2225.0,626.0,3445.0,1518.0,5024.0,877.0,3357.0,5875.0,3000.0,27487.0,2025,4,1,23
25,268296,66,268297,25,3.0,2,1,2225.0,626.0,3445.0,1518.0,5024.0,877.0,3357.0,5875.0,3000.0,27487.0,2025,4,1,23
25,268284,43,268285,83,3.0,1,1,472.0,532.0,540.0,1719.0,6335.0,4242.0,1696.0,546.0,2516.0,1017.0,2025,4,1,19
25,268284,43,268285,83,3.0,0,1,472.0,532.0,540.0,1719.0,6335.0,4242.0,1696.0,546.0,2516.0,1017.0,2025,4,1,19
25,268292,90,268293,141,3.0,2,1,627.0,7944.0,3749.0,1850.0,4019.0,2271.0,4440.0,1455.0,6424.0,630.0,2025,4,1,18
25,268292,90,268293,141,3.0,1,1,627.0,7944.0,3749.0,1850.0,4019.0,2271.0,4440.0,1455.0,6424.0,630.0,2025,4,1,18
25,268758,85,268759,130,3.0,4,1,1661.0,2776.0,1451.0,5364.0,3395.0,3538.0,6142.0,3344.0,5284.0,16113.0,2025,4,1,17
25,268758,85,268759,130,3.0,2,1,1661.0,2776.0,1451.0,5364.0,3395.0,3538.0,6142.0,3344.0,5284.0,16113.0,2025,4,1,17
25,268756,134,268757,122,3.0,4,1,994.0,6470.0,4600.0,4518.0,2152.0,4275.0,568.0,4705.0,314.0,1203.0,2025,4,1,17
25,268756,134,268757,122,3.0,3,1,994.0,6470.0,4600.0,4518.0,2152.0,4275.0,568.0,4705.0,314.0,1203.0,2025,4,1,17
25,268756,134,268757,122,3.0,0,0,994.0,6470.0,4600.0,4518.0,2152.0,4275.0,568.0,4705.0,314.0,1203.0,2025,4,1,17
25,268764,16,268765,50,1.0,7,1,11.0,3248.0,1757.0,484.0,439.0,15.0,607.0,5630.0,8252.0,4010.0,2025,4,1,16
25,268766,5,268767,169,1.0,0,1,961.0,1962.0,3289.0,4543.0,25998.0,5490.0,6721.0,927.0,3513.0,3112.0,2025,4,1,15
25,268762,30,268763,68,1.0,4,1,2936.0,1092.0,5420.0,457.0,553.0,640.0,4048.0,495.0,1891.0,7082.0,2025,4,1,14
25,268304,149,268305,114,3.0,2,0,268.0,159.0,504.0,1730.0,3844.0,1271.0,1270.0,2159.0,7709.0,7958.0,2025,4,1,12
25,268304,149,268305,114,3.0,3,0,268.0,159.0,504.0,1730.0,3844.0,1271.0,1270.0,2159.0,7709.0,7958.0,2025,4,1,12
25,268770,18,268771,145,3.0,4,1,5502.0,25509.0,2799.0,3490.0,7286.0,264.0,2988.0,266.0,1436.0,7528.0,2025,4,1,11
25,268770,18,268771,145,3.0,2,0,5502.0,25509.0,2799.0,3490.0,7286.0,264.0,2988.0,266.0,1436.0,7528.0,2025,4,1,11
25,268770,18,268771,145,3.0,0,1,5502.0,25509.0,2799.0,3490.0,7286.0,264.0,2988.0,266.0,1436.0,7528.0,2025,4,1,11
25,268768,75,268769,4,3.0,1,1,4421.0,1199.0,3246.0,143.0,6284.0,476.0,1098.0,691.0,1487.0,200.0,2025,4,1,11
25,268768,75,268769,4,3.0,0,1,4421.0,1199.0,3246.0,143.0,6284.0,476.0,1098.0,691.0,1487.0,200.0,2025,4,1,11
25,268714,124,268715,33,1.0,0,1,3538.0,6142.0,3344.0,5284.0,16113.0,2936.0,1092.0,5420.0,457.0,553.0,2025,4,0,21
25,268716,75,268717,68,1.0,1,0,4421.0,1199.0,3246.0,143.0,6284.0,640.0,4048.0,495.0,1891.0,7082.0,2025,4,0,21
25,268712,16,268713,145,1.0,4,1,11.0,3248.0,1757.0,484.0,439.0,264.0,2988.0,266.0,1436.0,7528.0,2025,4,0,20
25,268710,134,268711,6,1.0,5,1,994.0,6470.0,4600.0,4518.0,2152.0,3289.0,1962.0,4543.0,25998.0,961.0,2025,4,0,20
25,268708,153,268709,22,1.0,1,1,5490.0,6721.0,927.0,3513.0,3112.0,5502.0,25509.0,2799.0,3490.0,7286.0,2025,4,0,18
25,268268,16,268269,142,1.0,5,0,11.0,3248.0,1757.0,484.0,439.0,994.0,6470.0,4600.0,4518.0,2152.0,2025,4,0,15
25,268270,75,268271,130,1.0,4,0,4421.0,1199.0,3246.0,143.0,6284.0,3538.0,6142.0,3344.0,5284.0,16113.0,2025,4,0,15
25,268272,153,268273,33,1.0,7,0,5490.0,6721.0,927.0,3513.0,3112.0,2936.0,1092.0,5420.0,457.0,553.0,2025,4,0,14
25,268276,85,268277,145,1.0,0,1,1661.0,2776.0,1451.0,5364.0,3395.0,264.0,2988.0,266.0,1436.0,7528.0,2025,4,0,12
25,268280,3,268281,50,1.0,0,0,476.0,1098.0,691.0,1487.0,200.0,15.0,607.0,5630.0,8252.0,4010.0,2025,4,0,11
25,268282,18,268283,122,1.0,3,0,5502.0,25509.0,2799.0,3490.0,7286.0,4275.0,568.0,4705.0,314.0,1203.0,2025,4,0,11
85,268250,71,268251,188,5.0,5,0,2041.0,416.0,881.0,6.0,3459.0,41.0,26.0,1002.0,945.0,2611.0,2025,4,6,18
85,268250,71,268251,188,5.0,0,0,2041.0,416.0,881.0,6.0,3459.0,41.0,26.0,1002.0,945.0,2611.0,2025,4,6,18
85,268250,71,268251,188,5.0,4,0,2041.0,416.0,881.0,6.0,3459.0,41.0,26.0,1002.0,945.0,2611.0,2025,4,6,18
85,268248,43,268249,63,3.0,3,0,472.0,532.0,540.0,1719.0,6335.0,27.0,692.0,28.0,704.0,32.0,2025,4,6,15
85,268248,43,268249,63,3.0,2,0,472.0,532.0,540.0,1719.0,6335.0,27.0,692.0,28.0,704.0,32.0,2025,4,6,15
85,268434,71,268435,42,3.0,1,1,2041.0,416.0,881.0,6.0,3459.0,472.0,532.0,540.0,1719.0,6335.0,2025,4,5,21
85,268434,71,268435,42,3.0,2,1,2041.0,416.0,881.0,6.0,3459.0,472.0,532.0,540.0,1719.0,6335.0,2025,4,5,21
85,268436,167,268437,63,3.0,5,1,41.0,26.0,1002.0,945.0,2611.0,27.0,692.0,28.0,704.0,32.0,2025,4,5,17
85,268436,167,268437,63,3.0,0,0,41.0,26.0,1002.0,945.0,2611.0,27.0,692.0,28.0,704.0,32.0,2025,4,5,17
85,268436,167,268437,63,3.0,4,1,41.0,26.0,1002.0,945.0,2611.0,27.0,692.0,28.0,704.0,32.0,2025,4,5,17
85,268426,71,268427,214,3.0,4,1,2041.0,416.0,881.0,6.0,3459.0,572.0,2785.0,163.0,4065.0,5156.0,2025,4,4,18
85,268426,71,268427,214,3.0,2,1,2041.0,416.0,881.0,6.0,3459.0,572.0,2785.0,163.0,4065.0,5156.0,2025,4,4,18
85,268428,17,268429,42,3.0,1,1,4903.0,156.0,157.0,197.0,6237.0,472.0,532.0,540.0,1719.0,6335.0,2025,4,4,14
85,268428,17,268429,42,3.0,7,0,4903.0,156.0,157.0,197.0,6237.0,472.0,532.0,540.0,1719.0,6335.0,2025,4,4,14
85,268432,63,268433,186,3.0,1,1,27.0,692.0,28.0,704.0,32.0,656.0,3072.0,499.0,4011.0,18.0,2025,4,4,13
85,268432,63,268433,186,3.0,5,1,27.0,692.0,28.0,704.0,32.0,656.0,3072.0,499.0,4011.0,18.0,2025,4,4,13
85,268430,75,268431,188,3.0,3,0,4421.0,1199.0,3246.0,143.0,6284.0,41.0,26.0,1002.0,945.0,2611.0,2025,4,4,10
85,268430,75,268431,188,3.0,0,0,4421.0,1199.0,3246.0,143.0,6284.0,41.0,26.0,1002.0,945.0,2611.0,2025,4,4,10
85,268430,75,268431,188,3.0,7,1,4421.0,1199.0,3246.0,143.0,6284.0,41.0,26.0,1002.0,945.0,2611.0,2025,4,4,10
85,268364,167,268365,203,3.0,4,0,41.0,26.0,1002.0,945.0,2611.0,3020.0,3192.0,4765.0,3526.0,5827.0,2025,4,3,14
85,268364,167,268365,203,3.0,0,1,41.0,26.0,1002.0,945.0,2611.0,3020.0,3192.0,4765.0,3526.0,5827.0,2025,4,3,14
85,268364,167,268365,203,3.0,2,1,41.0,26.0,1002.0,945.0,2611.0,3020.0,3192.0,4765.0,3526.0,5827.0,2025,4,3,14
85,268362,31,268363,63,3.0,0,0,6715.0,25794.0,528.0,3314.0,2786.0,27.0,692.0,28.0,704.0,32.0,2025,4,3,12
85,268362,31,268363,63,3.0,2,0,6715.0,25794.0,528.0,3314.0,2786.0,27.0,692.0,28.0,704.0,32.0,2025,4,3,12
85,268360,16,268361,214,3.0,7,0,11.0,3248.0,1757.0,484.0,439.0,572.0,2785.0,163.0,4065.0,5156.0,2025,4,3,10
85,268360,16,268361,214,3.0,2,0,11.0,3248.0,1757.0,484.0,439.0,572.0,2785.0,163.0,4065.0,5156.0,2025,4,3,10
85,268322,61,268323,203,3.0,4,0,625.0,628.0,1.0,204.0,983.0,3020.0,3192.0,4765.0,3526.0,5827.0,2025,4,2,15
85,268322,61,268323,203,3.0,5,0,625.0,628.0,1.0,204.0,983.0,3020.0,3192.0,4765.0,3526.0,5827.0,2025,4,2,15
85,268316,17,268317,34,3.0,1,1,4903.0,156.0,157.0,197.0,6237.0,6715.0,25794.0,528.0,3314.0,2786.0,2025,4,2,14
85,268316,17,268317,34,3.0,4,1,4903.0,156.0,157.0,197.0,6237.0,6715.0,25794.0,528.0,3314.0,2786.0,2025,4,2,14
85,268320,149,268321,188,3.0,7,0,268.0,159.0,504.0,1730.0,3844.0,41.0,26.0,1002.0,945.0,2611.0,2025,4,2,13
85,268320,149,268321,188,3.0,3,0,268.0,159.0,504.0,1730.0,3844.0,41.0,26.0,1002.0,945.0,2611.0,2025,4,2,13
85,268314,43,268315,63,3.0,1,1,472.0,532.0,540.0,1719.0,6335.0,27.0,692.0,28.0,704.0,32.0,2025,4,2,12
85,268314,43,268315,63,3.0,2,1,472.0,532.0,540.0,1719.0,6335.0,27.0,692.0,28.0,704.0,32.0,2025,4,2,12
85,268318,16,268319,112,3.0,5,1,11.0,3248.0,1757.0,484.0,439.0,997.0,1165.0,6735.0,3447.0,3746.0,2025,4,2,10
85,268318,16,268319,112,3.0,2,0,11.0,3248.0,1757.0,484.0,439.0,997.0,1165.0,6735.0,3447.0,3746.0,2025,4,2,10
85,268318,16,268319,112,3.0,0,1,11.0,3248.0,1757.0,484.0,439.0,997.0,1165.0,6735.0,3447.0,3746.0,2025,4,2,10
85,268312,75,268313,214,3.0,4,1,4421.0,1199.0,3246.0,143.0,6284.0,572.0,2785.0,163.0,4065.0,5156.0,2025,4,2,10
85,268312,75,268313,214,3.0,0,1,4421.0,1199.0,3246.0,143.0,6284.0,572.0,2785.0,163.0,4065.0,5156.0,2025,4,2,10
85,268266,181,268267,189,3.0,4,1,3020.0,3192.0,4765.0,3526.0,5827.0,78.0,35.0,5774.0,2726.0,1548.0,2025,4,1,19
85,268266,181,268267,189,3.0,1,1,3020.0,3192.0,4765.0,3526.0,5827.0,78.0,35.0,5774.0,2726.0,1548.0,2025,4,1,19
85,268254,17,268255,186,3.0,3,0,4903.0,156.0,157.0,197.0,6237.0,656.0,3072.0,499.0,4011.0,18.0,2025,4,1,17
85,268254,17,268255,186,3.0,1,1,4903.0,156.0,157.0,197.0,6237.0,656.0,3072.0,499.0,4011.0,18.0,2025,4,1,17
85,268254,17,268255,186,3.0,2,0,4903.0,156.0,157.0,197.0,6237.0,656.0,3072.0,499.0,4011.0,18.0,2025,4,1,17
85,268264,167,268265,227,3.0,7,1,41.0,26.0,1002.0,945.0,2611.0,690.0,7645.0,1871.0,5620.0,1913.0,2025,4,1,15
85,268264,167,268265,227,3.0,3,1,41.0,26.0,1002.0,945.0,2611.0,690.0,7645.0,1871.0,5620.0,1913.0,2025,4,1,15
85,268264,167,268265,227,3.0,5,0,41.0,26.0,1002.0,945.0,2611.0,690.0,7645.0,1871.0,5620.0,1913.0,2025,4,1,15
85,268252,71,268253,42,3.0,0,1,2041.0,416.0,881.0,6.0,3459.0,472.0,532.0,540.0,1719.0,6335.0,2025,4,1,14
85,268252,71,268253,42,3.0,1,0,2041.0,416.0,881.0,6.0,3459.0,472.0,532.0,540.0,1719.0,6335.0,2025,4,1,14
85,268252,71,268253,42,3.0,2,1,2041.0,416.0,881.0,6.0,3459.0,472.0,532.0,540.0,1719.0,6335.0,2025,4,1,14
85,268262,149,268263,63,3.0,2,0,268.0,159.0,504.0,1730.0,3844.0,27.0,692.0,28.0,704.0,32.0,2025,4,1,13
85,268262,149,268263,63,3.0,0,0,268.0,159.0,504.0,1730.0,3844.0,27.0,692.0,28.0,704.0,32.0,2025,4,1,13
85,268260,61,268261,214,3.0,1,0,625.0,628.0,1.0,204.0,983.0,572.0,2785.0,163.0,4065.0,5156.0,2025,4,1,12
85,268260,61,268261,214,3.0,2,0,625.0,628.0,1.0,204.0,983.0,572.0,2785.0,163.0,4065.0,5156.0,2025,4,1,12
85,268256,16,268257,34,3.0,4,0,11.0,3248.0,1757.0,484.0,439.0,6715.0,25794.0,528.0,3314.0,2786.0,2025,4,1,10
85,268256,16,268257,34,3.0,0,0,11.0,3248.0,1757.0,484.0,439.0,6715.0,25794.0,528.0,3314.0,2786.0,2025,4,1,10
85,268258,75,268259,112,3.0,3,0,4421.0,1199.0,3246.0,143.0,6284.0,997.0,1165.0,6735.0,3447.0,3746.0,2025,4,1,10
85,268258,75,268259,112,3.0,0,1,4421.0,1199.0,3246.0,143.0,6284.0,997.0,1165.0,6735.0,3447.0,3746.0,2025,4,1,10
85,268258,75,268259,112,3.0,1,1,4421.0,1199.0,3246.0,143.0,6284.0,997.0,1165.0,6735.0,3447.0,3746.0,2025,4,1,10
85,268222,61,268223,42,3.0,7,0,625.0,628.0,1.0,204.0,983.0,472.0,532.0,540.0,1719.0,6335.0,2025,4,0,17
85,268222,61,268223,42,3.0,3,0,625.0,628.0,1.0,204.0,983.0,472.0,532.0,540.0,1719.0,6335.0,2025,4,0,17
85,268222,61,268223,42,3.0,2,1,625.0,628.0,1.0,204.0,983.0,472.0,532.0,540.0,1719.0,6335.0,2025,4,0,17
85,268230,63,268231,227,3.0,2,1,27.0,692.0,28.0,704.0,32.0,690.0,7645.0,1871.0,5620.0,1913.0,2025,4,0,16
85,268230,63,268231,227,3.0,3,1,27.0,692.0,28.0,704.0,32.0,690.0,7645.0,1871.0,5620.0,1913.0,2025,4,0,16
85,268220,166,268221,19,3.0,3,1,656.0,3072.0,499.0,4011.0,18.0,11.0,3248.0,1757.0,484.0,439.0,2025,4,0,14
85,268220,166,268221,19,3.0,0,0,656.0,3072.0,499.0,4011.0,18.0,11.0,3248.0,1757.0,484.0,439.0,2025,4,0,14
85,268220,166,268221,19,3.0,2,1,656.0,3072.0,499.0,4011.0,18.0,11.0,3248.0,1757.0,484.0,439.0,2025,4,0,14
85,268228,181,268229,34,3.0,5,0,3020.0,3192.0,4765.0,3526.0,5827.0,6715.0,25794.0,528.0,3314.0,2786.0,2025,4,0,14
85,268228,181,268229,34,3.0,0,0,3020.0,3192.0,4765.0,3526.0,5827.0,6715.0,25794.0,528.0,3314.0,2786.0,2025,4,0,14
85,268226,168,268227,214,3.0,4,0,78.0,35.0,5774.0,2726.0,1548.0,572.0,2785.0,163.0,4065.0,5156.0,2025,4,0,11
85,268226,168,268227,214,3.0,2,0,78.0,35.0,5774.0,2726.0,1548.0,572.0,2785.0,163.0,4065.0,5156.0,2025,4,0,11
85,268218,17,268219,112,3.0,4,1,4903.0,156.0,157.0,197.0,6237.0,997.0,1165.0,6735.0,3447.0,3746.0,2025,4,0,11
85,268218,17,268219,112,3.0,1,1,4903.0,156.0,157.0,197.0,6237.0,997.0,1165.0,6735.0,3447.0,3746.0,2025,4,0,11
85,268224,167,268225,79,3.0,3,0,41.0,26.0,1002.0,945.0,2611.0,4421.0,1199.0,3246.0,143.0,6284.0,2025,4,0,10
85,268224,167,268225,79,3.0,4,0,41.0,26.0,1002.0,945.0,2611.0,4421.0,1199.0,3246.0,143.0,6284.0,2025,4,0,10
85,268216,71,268217,161,3.0,0,1,2041.0,416.0,881.0,6.0,3459.0,268.0,159.0,504.0,1730.0,3844.0,2025,4,0,10
85,268216,71,268217,161,3.0,2,1,2041.0,416.0,881.0,6.0,3459.0,268.0,159.0,504.0,1730.0,3844.0,2025,4,0,10
85,267888,61,267889,34,3.0,4,1,625.0,628.0,1.0,204.0,983.0,6715.0,25794.0,528.0,3314.0,2786.0,2025,4,6,18
85,267888,61,267889,34,3.0,2,1,625.0,628.0,1.0,204.0,983.0,6715.0,25794.0,528.0,3314.0,2786.0,2025,4,6,18
85,267880,63,267881,19,3.0,0,0,27.0,692.0,28.0,704.0,32.0,11.0,3248.0,1757.0,484.0,439.0,2025,4,6,17
85,267880,63,267881,19,3.0,7,0,27.0,692.0,28.0,704.0,32.0,11.0,3248.0,1757.0,484.0,439.0,2025,4,6,17
85,267880,63,267881,19,3.0,2,1,27.0,692.0,28.0,704.0,32.0,11.0,3248.0,1757.0,484.0,439.0,2025,4,6,17
85,267886,168,267887,112,3.0,1,0,78.0,35.0,5774.0,2726.0,1548.0,997.0,1165.0,6735.0,3447.0,3746.0,2025,4,6,15
85,267886,168,267887,112,3.0,5,0,78.0,35.0,5774.0,2726.0,1548.0,997.0,1165.0,6735.0,3447.0,3746.0,2025,4,6,15
85,267878,17,267879,227,3.0,3,0,4903.0,156.0,157.0,197.0,6237.0,690.0,7645.0,1871.0,5620.0,1913.0,2025,4,6,14
85,267878,17,267879,227,3.0,5,1,4903.0,156.0,157.0,197.0,6237.0,690.0,7645.0,1871.0,5620.0,1913.0,2025,4,6,14
85,267878,17,267879,227,3.0,2,1,4903.0,156.0,157.0,197.0,6237.0,690.0,7645.0,1871.0,5620.0,1913.0,2025,4,6,14
85,267876,167,267877,42,3.0,2,0,41.0,26.0,1002.0,945.0,2611.0,472.0,532.0,540.0,1719.0,6335.0,2025,4,6,13
85,267876,167,267877,42,3.0,7,0,41.0,26.0,1002.0,945.0,2611.0,472.0,532.0,540.0,1719.0,6335.0,2025,4,6,13
85,267884,71,267885,79,3.0,3,1,2041.0,416.0,881.0,6.0,3459.0,4421.0,1199.0,3246.0,143.0,6284.0,2025,4,6,12
85,267882,187,267883,161,3.0,0,0,572.0,2785.0,163.0,4065.0,5156.0,268.0,159.0,504.0,1730.0,3844.0,2025,4,6,10
85,267882,187,267883,161,3.0,4,0,572.0,2785.0,163.0,4065.0,5156.0,268.0,159.0,504.0,1730.0,3844.0,2025,4,6,10
85,267874,181,267875,186,3.0,1,0,3020.0,3192.0,4765.0,3526.0,5827.0,656.0,3072.0,499.0,4011.0,18.0,2025,4,6,10
85,267874,181,267875,186,3.0,0,1,3020.0,3192.0,4765.0,3526.0,5827.0,656.0,3072.0,499.0,4011.0,18.0,2025,4,6,10
85,267874,181,267875,186,3.0,3,0,3020.0,3192.0,4765.0,3526.0,5827.0,656.0,3072.0,499.0,4011.0,18.0,2025,4,6,10
83,267356,127,267357,122,5.0,0,0,3396.0,3517.0,3110.0,709.0,150.0,4275.0,568.0,4705.0,314.0,1203.0,2025,4,1,17
83,267356,127,267357,122,5.0,3,1,3396.0,3517.0,3110.0,709.0,150.0,4275.0,568.0,4705.0,314.0,1203.0,2025,4,1,17
83,267356,127,267357,122,5.0,1,1,3396.0,3517.0,3110.0,709.0,150.0,4275.0,568.0,4705.0,314.0,1203.0,2025,4,1,17
83,267356,127,267357,122,5.0,2,1,3396.0,3517.0,3110.0,709.0,150.0,4275.0,568.0,4705.0,314.0,1203.0,2025,4,1,17
83,267356,127,267357,122,5.0,5,0,3396.0,3517.0,3110.0,709.0,150.0,4275.0,568.0,4705.0,314.0,1203.0,2025,4,1,17
83,267354,115,267355,130,3.0,1,1,4275.0,568.0,4705.0,314.0,1203.0,3538.0,6142.0,3344.0,5284.0,16113.0,2025,3,0,20
83,267354,115,267355,130,3.0,0,1,4275.0,568.0,4705.0,314.0,1203.0,3538.0,6142.0,3344.0,5284.0,16113.0,2025,3,0,20
83,267352,18,267353,135,3.0,7,0,5502.0,25509.0,2799.0,3490.0,7286.0,3396.0,3517.0,3110.0,709.0,150.0,2025,3,0,17
83,267352,18,267353,135,3.0,3,0,5502.0,25509.0,2799.0,3490.0,7286.0,3396.0,3517.0,3110.0,709.0,150.0,2025,3,0,17
83,267316,4,267317,94,3.0,3,0,436.0,1575.0,483.0,3904.0,3241.0,772.0,1394.0,943.0,1662.0,773.0,2025,3,6,14
83,267316,4,267317,94,3.0,5,0,436.0,1575.0,483.0,3904.0,3241.0,772.0,1394.0,943.0,1662.0,773.0,2025,3,6,14
83,267316,4,267317,94,3.0,7,1,436.0,1575.0,483.0,3904.0,3241.0,772.0,1394.0,943.0,1662.0,773.0,2025,3,6,14
83,267302,36,267303,22,3.0,7,0,5504.0,4561.0,8083.0,8055.0,2068.0,5502.0,25509.0,2799.0,3490.0,7286.0,2025,3,6,14
83,267302,36,267303,22,3.0,4,0,5504.0,4561.0,8083.0,8055.0,2068.0,5502.0,25509.0,2799.0,3490.0,7286.0,2025,3,6,14
83,267350,127,267351,10,3.0,3,1,3396.0,3517.0,3110.0,709.0,150.0,7929.0,26759.0,4923.0,4922.0,5241.0,2025,3,6,14
83,267350,127,267351,10,3.0,7,1,3396.0,3517.0,3110.0,709.0,150.0,7929.0,26759.0,4923.0,4922.0,5241.0,2025,3,6,14
83,267330,160,267331,33,3.0,2,1,26198.0,20794.0,7774.0,6307.0,25560.0,2936.0,1092.0,5420.0,457.0,553.0,2025,3,6,14
83,267330,160,267331,33,3.0,5,0,26198.0,20794.0,7774.0,6307.0,25560.0,2936.0,1092.0,5420.0,457.0,553.0,2025,3,6,14
83,267330,160,267331,33,3.0,4,0,26198.0,20794.0,7774.0,6307.0,25560.0,2936.0,1092.0,5420.0,457.0,553.0,2025,3,6,14
83,267300,137,267301,22,3.0,7,0,264.0,2988.0,266.0,1436.0,7528.0,5502.0,25509.0,2799.0,3490.0,7286.0,2025,3,5,22
83,267300,137,267301,22,3.0,4,0,264.0,2988.0,266.0,1436.0,7528.0,5502.0,25509.0,2799.0,3490.0,7286.0,2025,3,5,22
83,267328,30,267329,124,3.0,7,1,2936.0,1092.0,5420.0,457.0,553.0,1420.0,948.0,3533.0,3596.0,5458.0,2025,3,5,21
83,267328,30,267329,124,3.0,1,1,2936.0,1092.0,5420.0,457.0,553.0,1420.0,948.0,3533.0,3596.0,5458.0,2025,3,5,21
83,267328,30,267329,124,3.0,0,0,2936.0,1092.0,5420.0,457.0,553.0,1420.0,948.0,3533.0,3596.0,5458.0,2025,3,5,21
83,267348,64,267349,10,3.0,2,0,155.0,4896.0,2874.0,2536.0,3637.0,7929.0,26759.0,4923.0,4922.0,5241.0,2025,3,5,21
83,267348,64,267349,10,3.0,1,1,155.0,4896.0,2874.0,2536.0,3637.0,7929.0,26759.0,4923.0,4922.0,5241.0,2025,3,5,21
83,267348,64,267349,10,3.0,0,0,155.0,4896.0,2874.0,2536.0,3637.0,7929.0,26759.0,4923.0,4922.0,5241.0,2025,3,5,21
83,267332,160,267333,122,3.0,1,0,26198.0,20794.0,7774.0,6307.0,25560.0,4275.0,568.0,4705.0,314.0,1203.0,2025,3,5,21
83,267338,127,267339,68,3.0,7,0,3396.0,3517.0,3110.0,709.0,150.0,65.0,4048.0,495.0,7082.0,1891.0,2025,3,5,18
83,267338,127,267339,68,3.0,3,0,3396.0,3517.0,3110.0,709.0,150.0,65.0,4048.0,495.0,7082.0,1891.0,2025,3,5,18
83,267344,64,267345,149,3.0,0,0,155.0,4896.0,2874.0,2536.0,3637.0,1404.0,8305.0,8304.0,5298.0,8306.0,2025,3,5,16
83,267344,64,267345,149,3.0,2,1,155.0,4896.0,2874.0,2536.0,3637.0,1404.0,8305.0,8304.0,5298.0,8306.0,2025,3,5,16
83,267294,137,267295,172,3.0,4,0,264.0,2988.0,266.0,1436.0,7528.0,1689.0,2053.0,2537.0,153.0,2848.0,2025,3,5,15
83,267294,137,267295,172,3.0,1,1,264.0,2988.0,266.0,1436.0,7528.0,1689.0,2053.0,2537.0,153.0,2848.0,2025,3,5,15
83,267294,137,267295,172,3.0,7,1,264.0,2988.0,266.0,1436.0,7528.0,1689.0,2053.0,2537.0,153.0,2848.0,2025,3,5,15
83,267324,5,267325,33,3.0,2,1,3289.0,1962.0,4543.0,2163.0,961.0,2936.0,1092.0,5420.0,457.0,553.0,2025,3,5,15
83,267324,5,267325,33,3.0,9,0,3289.0,1962.0,4543.0,2163.0,961.0,2936.0,1092.0,5420.0,457.0,553.0,2025,3,5,15
83,267324,5,267325,33,3.0,4,0,3289.0,1962.0,4543.0,2163.0,961.0,2936.0,1092.0,5420.0,457.0,553.0,2025,3,5,15
83,267296,18,267297,50,3.0,0,1,5502.0,25509.0,2799.0,3490.0,7286.0,15.0,607.0,5630.0,8252.0,4010.0,2025,3,5,12
83,267296,18,267297,50,3.0,5,0,5502.0,25509.0,2799.0,3490.0,7286.0,15.0,607.0,5630.0,8252.0,4010.0,2025,3,5,12
83,267296,18,267297,50,3.0,4,1,5502.0,25509.0,2799.0,3490.0,7286.0,15.0,607.0,5630.0,8252.0,4010.0,2025,3,5,12
83,267342,97,267343,10,3.0,3,0,66.0,168.0,2202.0,2203.0,3260.0,7929.0,26759.0,4923.0,4922.0,5241.0,2025,3,5,12
83,267342,97,267343,10,3.0,7,0,66.0,168.0,2202.0,2203.0,3260.0,7929.0,26759.0,4923.0,4922.0,5241.0,2025,3,5,12
83,267336,68,267337,64,3.0,4,1,65.0,4048.0,495.0,7082.0,1891.0,155.0,4896.0,2874.0,2536.0,3637.0,2025,3,4,21
83,267336,68,267337,64,3.0,2,1,65.0,4048.0,495.0,7082.0,1891.0,155.0,4896.0,2874.0,2536.0,3637.0,2025,3,4,21
83,267320,5,267321,122,3.0,3,0,3289.0,1962.0,4543.0,2163.0,961.0,4275.0,568.0,4705.0,314.0,1203.0,2025,3,4,21
83,267272,127,267273,102,3.0,5,1,3396.0,3517.0,3110.0,709.0,150.0,66.0,168.0,2202.0,2203.0,3260.0,2025,3,4,19
83,267272,127,267273,102,3.0,2,1,3396.0,3517.0,3110.0,709.0,150.0,66.0,168.0,2202.0,2203.0,3260.0,2025,3,4,19
83,267284,160,267285,124,3.0,0,1,26198.0,20794.0,7774.0,6307.0,25560.0,1420.0,948.0,3533.0,3596.0,5458.0,2025,3,4,18
83,267284,160,267285,124,3.0,5,0,26198.0,20794.0,7774.0,6307.0,25560.0,1420.0,948.0,3533.0,3596.0,5458.0,2025,3,4,18
83,267284,160,267285,124,3.0,1,1,26198.0,20794.0,7774.0,6307.0,25560.0,1420.0,948.0,3533.0,3596.0,5458.0,2025,3,4,18
83,267280,18,267281,37,3.0,4,1,5502.0,25509.0,2799.0,3490.0,7286.0,5504.0,4561.0,8083.0,8055.0,2068.0,2025,3,4,18
83,267280,18,267281,37,3.0,0,0,5502.0,25509.0,2799.0,3490.0,7286.0,5504.0,4561.0,8083.0,8055.0,2068.0,2025,3,4,18
83,267290,49,267291,50,3.0,1,0,1681.0,3384.0,7245.0,1091.0,6665.0,15.0,607.0,5630.0,8252.0,4010.0,2025,3,4,15
83,267290,49,267291,50,3.0,0,1,1681.0,3384.0,7245.0,1091.0,6665.0,15.0,607.0,5630.0,8252.0,4010.0,2025,3,4,15
83,267306,47,267307,94,3.0,4,0,2852.0,2837.0,2838.0,1674.0,4431.0,772.0,1394.0,943.0,1662.0,773.0,2025,3,4,15
83,267306,47,267307,94,3.0,7,0,2852.0,2837.0,2838.0,1674.0,4431.0,772.0,1394.0,943.0,1662.0,773.0,2025,3,4,15
83,267282,151,267283,172,3.0,4,0,966.0,3405.0,5057.0,493.0,263.0,1689.0,2053.0,2537.0,153.0,2848.0,2025,3,4,12
83,267282,151,267283,172,3.0,0,0,966.0,3405.0,5057.0,493.0,263.0,1689.0,2053.0,2537.0,153.0,2848.0,2025,3,4,12
83,267282,151,267283,172,3.0,5,1,966.0,3405.0,5057.0,493.0,263.0,1689.0,2053.0,2537.0,153.0,2848.0,2025,3,4,12
83,267286,30,267287,142,3.0,2,1,2936.0,1092.0,5420.0,457.0,553.0,994.0,6470.0,4600.0,4518.0,2152.0,2025,3,4,12
83,267286,30,267287,142,3.0,5,0,2936.0,1092.0,5420.0,457.0,553.0,994.0,6470.0,4600.0,4518.0,2152.0,2025,3,4,12
83,267286,30,267287,142,3.0,0,1,2936.0,1092.0,5420.0,457.0,553.0,994.0,6470.0,4600.0,4518.0,2152.0,2025,3,4,12
83,267244,89,267245,5,3.0,5,1,772.0,1394.0,943.0,1662.0,773.0,436.0,1575.0,483.0,3904.0,3241.0,2025,3,3,21
83,267244,89,267245,5,3.0,1,0,772.0,1394.0,943.0,1662.0,773.0,436.0,1575.0,483.0,3904.0,3241.0,2025,3,3,21
83,267244,89,267245,5,3.0,3,0,772.0,1394.0,943.0,1662.0,773.0,436.0,1575.0,483.0,3904.0,3241.0,2025,3,3,21
83,267236,137,267237,50,3.0,2,1,264.0,2988.0,266.0,1436.0,7528.0,15.0,607.0,5630.0,8252.0,4010.0,2025,3,3,21
83,267236,137,267237,50,3.0,0,1,264.0,2988.0,266.0,1436.0,7528.0,15.0,607.0,5630.0,8252.0,4010.0,2025,3,3,21
83,267258,68,267259,10,3.0,7,1,65.0,4048.0,495.0,7082.0,1891.0,7929.0,26759.0,4923.0,4922.0,5241.0,2025,3,3,18
83,267258,68,267259,10,3.0,2,0,65.0,4048.0,495.0,7082.0,1891.0,7929.0,26759.0,4923.0,4922.0,5241.0,2025,3,3,18
83,267258,68,267259,10,3.0,0,1,65.0,4048.0,495.0,7082.0,1891.0,7929.0,26759.0,4923.0,4922.0,5241.0,2025,3,3,18
83,267248,117,267249,142,3.0,2,0,1420.0,948.0,3533.0,3596.0,5458.0,994.0,6470.0,4600.0,4518.0,2152.0,2025,3,3,15
83,267248,117,267249,142,3.0,5,1,1420.0,948.0,3533.0,3596.0,5458.0,994.0,6470.0,4600.0,4518.0,2152.0,2025,3,3,15
83,267248,117,267249,142,3.0,0,1,1420.0,948.0,3533.0,3596.0,5458.0,994.0,6470.0,4600.0,4518.0,2152.0,2025,3,3,15
83,267232,156,267233,37,3.0,5,1,1689.0,2053.0,2537.0,153.0,2848.0,5504.0,4561.0,8083.0,8055.0,2068.0,2025,3,3,15
83,267232,156,267233,37,3.0,7,0,1689.0,2053.0,2537.0,153.0,2848.0,5504.0,4561.0,8083.0,8055.0,2068.0,2025,3,3,15
83,267232,156,267233,37,3.0,1,0,1689.0,2053.0,2537.0,153.0,2848.0,5504.0,4561.0,8083.0,8055.0,2068.0,2025,3,3,15
83,267246,30,267247,178,3.0,0,0,2936.0,1092.0,5420.0,457.0,553.0,26198.0,20794.0,7774.0,6307.0,25560.0,2025,3,3,15
83,267246,30,267247,178,3.0,4,0,2936.0,1092.0,5420.0,457.0,553.0,26198.0,20794.0,7774.0,6307.0,25560.0,2025,3,3,15
83,267254,140,267255,135,3.0,7,0,1404.0,8305.0,8304.0,5298.0,8306.0,3396.0,3517.0,3110.0,709.0,150.0,2025,3,3,12
83,267254,140,267255,135,3.0,1,0,1404.0,8305.0,8304.0,5298.0,8306.0,3396.0,3517.0,3110.0,709.0,150.0,2025,3,3,12
83,267230,18,267231,167,3.0,2,1,5502.0,25509.0,2799.0,3490.0,7286.0,966.0,3405.0,5057.0,493.0,263.0,2025,3,3,12
83,267230,18,267231,167,3.0,4,1,5502.0,25509.0,2799.0,3490.0,7286.0,966.0,3405.0,5057.0,493.0,263.0,2025,3,3,12
7,265772,177,265773,118,5.0,3,1,19.0,550.0,1549.0,1443.0,146.0,2126.0,3121.0,2200.0,315.0,3060.0,2025,3,6,18
7,265772,177,265773,118,5.0,2,0,19.0,550.0,1549.0,1443.0,146.0,2126.0,3121.0,2200.0,315.0,3060.0,2025,3,6,18
7,265772,177,265773,118,5.0,5,1,19.0,550.0,1549.0,1443.0,146.0,2126.0,3121.0,2200.0,315.0,3060.0,2025,3,6,18
7,265772,177,265773,118,5.0,4,0,19.0,550.0,1549.0,1443.0,146.0,2126.0,3121.0,2200.0,315.0,3060.0,2025,3,6,18
7,265772,177,265773,118,5.0,7,1,19.0,550.0,1549.0,1443.0,146.0,2126.0,3121.0,2200.0,315.0,3060.0,2025,3,6,18
7,265768,175,265769,199,3.0,4,0,1003.0,295.0,3397.0,4710.0,965.0,19.0,550.0,1549.0,1443.0,146.0,2025,3,5,23
7,265768,175,265769,199,3.0,5,1,1003.0,295.0,3397.0,4710.0,965.0,19.0,550.0,1549.0,1443.0,146.0,2025,3,5,23
7,265768,175,265769,199,3.0,1,0,1003.0,295.0,3397.0,4710.0,965.0,19.0,550.0,1549.0,1443.0,146.0,2025,3,5,23
7,265770,57,265771,118,3.0,2,0,4903.0,156.0,157.0,197.0,6237.0,2126.0,3121.0,2200.0,315.0,3060.0,2025,3,5,19
7,265770,57,265771,118,3.0,5,0,4903.0,156.0,157.0,197.0,6237.0,2126.0,3121.0,2200.0,315.0,3060.0,2025,3,5,19
7,265764,175,265765,128,3.0,2,1,1003.0,295.0,3397.0,4710.0,965.0,1401.0,169.0,2179.0,1834.0,2934.0,2025,3,4,22
7,265764,175,265765,128,3.0,1,1,1003.0,295.0,3397.0,4710.0,965.0,1401.0,169.0,2179.0,1834.0,2934.0,2025,3,4,22
7,265766,112,265767,73,3.0,3,1,2126.0,3121.0,2200.0,315.0,3060.0,2041.0,416.0,881.0,6.0,3459.0,2025,3,4,19
7,265766,112,265767,73,3.0,5,1,2126.0,3121.0,2200.0,315.0,3060.0,2041.0,416.0,881.0,6.0,3459.0,2025,3,4,19
7,265804,181,265805,73,3.0,0,0,3020.0,3192.0,4765.0,3526.0,5827.0,2041.0,416.0,881.0,6.0,3459.0,2025,3,0,21
7,265804,181,265805,73,3.0,2,0,3020.0,3192.0,4765.0,3526.0,5827.0,2041.0,416.0,881.0,6.0,3459.0,2025,3,0,21
7,265794,57,265795,128,3.0,2,1,4903.0,156.0,157.0,197.0,6237.0,1401.0,169.0,2179.0,1834.0,2934.0,2025,3,0,18
7,265794,57,265795,128,3.0,3,1,4903.0,156.0,157.0,197.0,6237.0,1401.0,169.0,2179.0,1834.0,2934.0,2025,3,0,18
7,265788,187,265789,196,3.0,1,0,572.0,2785.0,163.0,4065.0,5156.0,1003.0,295.0,3397.0,4710.0,965.0,2025,3,0,15
7,265788,187,265789,196,3.0,0,0,572.0,2785.0,163.0,4065.0,5156.0,1003.0,295.0,3397.0,4710.0,965.0,2025,3,0,15
7,265778,112,265779,199,3.0,2,0,2126.0,3121.0,2200.0,315.0,3060.0,19.0,550.0,1549.0,1443.0,146.0,2025,3,0,13
7,265778,112,265779,199,3.0,4,0,2126.0,3121.0,2200.0,315.0,3060.0,19.0,550.0,1549.0,1443.0,146.0,2025,3,0,13
7,265802,71,265803,115,3.0,0,1,2041.0,416.0,881.0,6.0,3459.0,845.0,1817.0,1687.0,2810.0,2113.0,2025,3,6,23
7,265802,71,265803,115,3.0,3,1,2041.0,416.0,881.0,6.0,3459.0,845.0,1817.0,1687.0,2810.0,2113.0,2025,3,6,23
7,265800,181,265801,189,3.0,1,1,3020.0,3192.0,4765.0,3526.0,5827.0,78.0,35.0,5774.0,103.0,1548.0,2025,3,6,20
7,265800,181,265801,189,3.0,0,1,3020.0,3192.0,4765.0,3526.0,5827.0,78.0,35.0,5774.0,103.0,1548.0,2025,3,6,20
7,265786,175,265787,63,3.0,1,1,1003.0,295.0,3397.0,4710.0,965.0,27.0,692.0,28.0,704.0,32.0,2025,3,6,18
7,265786,175,265787,63,3.0,5,1,1003.0,295.0,3397.0,4710.0,965.0,27.0,692.0,28.0,704.0,32.0,2025,3,6,18
7,265784,187,265785,188,3.0,0,1,572.0,2785.0,163.0,4065.0,5156.0,41.0,26.0,1002.0,945.0,2611.0,2025,3,6,13
7,265784,187,265785,188,3.0,4,0,572.0,2785.0,163.0,4065.0,5156.0,41.0,26.0,1002.0,945.0,2611.0,2025,3,6,13
7,265784,187,265785,188,3.0,3,1,572.0,2785.0,163.0,4065.0,5156.0,41.0,26.0,1002.0,945.0,2611.0,2025,3,6,13
7,265792,122,265793,203,3.0,3,0,1401.0,169.0,2179.0,1834.0,2934.0,3020.0,3192.0,4765.0,3526.0,5827.0,2025,3,5,23
7,265792,122,265793,203,3.0,4,1,1401.0,169.0,2179.0,1834.0,2934.0,3020.0,3192.0,4765.0,3526.0,5827.0,2025,3,5,23
7,265792,122,265793,203,3.0,2,1,1401.0,169.0,2179.0,1834.0,2934.0,3020.0,3192.0,4765.0,3526.0,5827.0,2025,3,5,23
7,265790,71,265791,57,3.0,1,0,2041.0,416.0,881.0,6.0,3459.0,4903.0,156.0,157.0,197.0,6237.0,2025,3,5,20
7,265790,71,265791,57,3.0,3,0,2041.0,416.0,881.0,6.0,3459.0,4903.0,156.0,157.0,197.0,6237.0,2025,3,5,20
7,265798,61,265799,115,3.0,3,0,625.0,628.0,1.0,204.0,983.0,845.0,1817.0,1687.0,2810.0,2113.0,2025,3,5,16
7,265798,61,265799,115,3.0,7,0,625.0,628.0,1.0,204.0,983.0,845.0,1817.0,1687.0,2810.0,2113.0,2025,3,5,16
7,265798,61,265799,115,3.0,2,1,625.0,628.0,1.0,204.0,983.0,845.0,1817.0,1687.0,2810.0,2113.0,2025,3,5,16
7,265796,90,265797,189,3.0,1,0,627.0,7944.0,3749.0,1850.0,4019.0,78.0,35.0,5774.0,103.0,1548.0,2025,3,5,13
7,265796,90,265797,189,3.0,2,0,627.0,7944.0,3749.0,1850.0,4019.0,78.0,35.0,5774.0,103.0,1548.0,2025,3,5,13
7,265796,90,265797,189,3.0,5,1,627.0,7944.0,3749.0,1850.0,4019.0,78.0,35.0,5774.0,103.0,1548.0,2025,3,5,13
7,265776,187,265777,199,3.0,1,0,572.0,2785.0,163.0,4065.0,5156.0,19.0,550.0,1549.0,1443.0,146.0,2025,3,4,22
7,265776,187,265777,199,3.0,3,0,572.0,2785.0,163.0,4065.0,5156.0,19.0,550.0,1549.0,1443.0,146.0,2025,3,4,22
7,265774,175,265775,118,3.0,0,0,1003.0,295.0,3397.0,4710.0,965.0,2126.0,3121.0,2200.0,315.0,3060.0,2025,3,4,18
7,265774,175,265775,118,3.0,2,1,1003.0,295.0,3397.0,4710.0,965.0,2126.0,3121.0,2200.0,315.0,3060.0,2025,3,4,18
7,265774,175,265775,118,3.0,5,0,1003.0,295.0,3397.0,4710.0,965.0,2126.0,3121.0,2200.0,315.0,3060.0,2025,3,4,18
7,265782,63,265783,19,3.0,5,1,27.0,692.0,28.0,704.0,32.0,11.0,3248.0,1757.0,484.0,439.0,2025,3,4,15
7,265782,63,265783,19,3.0,7,1,27.0,692.0,28.0,704.0,32.0,11.0,3248.0,1757.0,484.0,439.0,2025,3,4,15
7,265780,180,265781,188,3.0,3,0,1912.0,2302.0,8280.0,7663.0,2298.0,41.0,26.0,1002.0,945.0,2611.0,2025,3,4,13
7,265780,180,265781,188,3.0,0,0,1912.0,2302.0,8280.0,7663.0,2298.0,41.0,26.0,1002.0,945.0,2611.0,2025,3,4,13
7,265558,122,265559,61,3.0,4,1,1401.0,169.0,2179.0,1834.0,2934.0,625.0,628.0,1.0,204.0,983.0,2025,3,3,22
7,265558,122,265559,61,3.0,1,1,1401.0,169.0,2179.0,1834.0,2934.0,625.0,628.0,1.0,204.0,983.0,2025,3,3,22
7,265560,109,265561,203,3.0,2,0,845.0,1817.0,1687.0,2810.0,2113.0,3020.0,3192.0,4765.0,3526.0,5827.0,2025,3,3,19
7,265560,109,265561,203,3.0,3,0,845.0,1817.0,1687.0,2810.0,2113.0,3020.0,3192.0,4765.0,3526.0,5827.0,2025,3,3,19
7,265560,109,265561,203,3.0,0,1,845.0,1817.0,1687.0,2810.0,2113.0,3020.0,3192.0,4765.0,3526.0,5827.0,2025,3,3,19
7,265556,57,265557,189,3.0,2,1,4903.0,156.0,157.0,197.0,6237.0,78.0,35.0,5774.0,103.0,1548.0,2025,3,3,16
7,265556,57,265557,189,3.0,1,1,4903.0,156.0,157.0,197.0,6237.0,78.0,35.0,5774.0,103.0,1548.0,2025,3,3,16
7,265554,71,265555,96,3.0,3,1,2041.0,416.0,881.0,6.0,3459.0,627.0,7944.0,3749.0,1850.0,4019.0,2025,3,3,14
7,265554,71,265555,96,3.0,4,1,2041.0,416.0,881.0,6.0,3459.0,627.0,7944.0,3749.0,1850.0,4019.0,2025,3,3,14
7,265550,63,265551,214,3.0,2,0,27.0,692.0,28.0,704.0,32.0,572.0,2785.0,163.0,4065.0,5156.0,2025,3,2,21
7,265550,63,265551,214,3.0,1,1,27.0,692.0,28.0,704.0,32.0,572.0,2785.0,163.0,4065.0,5156.0,2025,3,2,21
7,265550,63,265551,214,3.0,0,0,27.0,692.0,28.0,704.0,32.0,572.0,2785.0,163.0,4065.0,5156.0,2025,3,2,21
7,265552,16,265553,199,3.0,3,0,11.0,3248.0,1757.0,484.0,439.0,19.0,550.0,1549.0,1443.0,146.0,2025,3,2,19
7,265552,16,265553,199,3.0,2,0,11.0,3248.0,1757.0,484.0,439.0,19.0,550.0,1549.0,1443.0,146.0,2025,3,2,19
7,265548,112,265549,188,3.0,7,1,2126.0,3121.0,2200.0,315.0,3060.0,41.0,26.0,1002.0,945.0,2611.0,2025,3,2,16
7,265548,112,265549,188,3.0,0,1,2126.0,3121.0,2200.0,315.0,3060.0,41.0,26.0,1002.0,945.0,2611.0,2025,3,2,16
7,265546,175,265547,202,3.0,2,1,1003.0,295.0,3397.0,4710.0,965.0,1912.0,2302.0,8280.0,7663.0,2298.0,2025,3,2,14
7,265546,175,265547,202,3.0,1,1,1003.0,295.0,3397.0,4710.0,965.0,1912.0,2302.0,8280.0,7663.0,2298.0,2025,3,2,14
84,267146,192,267147,90,1.0,4,0,1644.0,4379.0,5198.0,5271.0,700.0,5436.0,7831.0,25889.0,16112.0,27474.0,2025,3,0,18
45,266534,177,266535,118,5.0,5,1,19.0,550.0,1549.0,1443.0,146.0,2126.0,3121.0,3060.0,2200.0,315.0,2025,3,6,19
45,266534,177,266535,118,5.0,3,1,19.0,550.0,1549.0,1443.0,146.0,2126.0,3121.0,3060.0,2200.0,315.0,2025,3,6,19
45,266530,177,266531,203,3.0,5,0,19.0,550.0,1549.0,1443.0,146.0,3020.0,3192.0,4765.0,3526.0,5827.0,2025,3,5,22
45,266530,177,266531,203,3.0,3,1,19.0,550.0,1549.0,1443.0,146.0,3020.0,3192.0,4765.0,3526.0,5827.0,2025,3,5,22
45,266530,177,266531,203,3.0,1,1,19.0,550.0,1549.0,1443.0,146.0,3020.0,3192.0,4765.0,3526.0,5827.0,2025,3,5,22
45,266532,112,266533,196,3.0,2,0,2126.0,3121.0,3060.0,2200.0,315.0,1003.0,295.0,3397.0,4710.0,965.0,2025,3,5,17
45,266532,112,266533,196,3.0,5,1,2126.0,3121.0,3060.0,2200.0,315.0,1003.0,295.0,3397.0,4710.0,965.0,2025,3,5,17
45,266532,112,266533,196,3.0,0,1,2126.0,3121.0,3060.0,2200.0,315.0,1003.0,295.0,3397.0,4710.0,965.0,2025,3,5,17
45,266524,122,266525,203,3.0,4,0,1401.0,169.0,2179.0,1834.0,2934.0,3020.0,3192.0,4765.0,3526.0,5827.0,2025,3,4,20
45,266524,122,266525,203,3.0,0,0,1401.0,169.0,2179.0,1834.0,2934.0,3020.0,3192.0,4765.0,3526.0,5827.0,2025,3,4,20
45,266522,177,266523,189,3.0,2,1,19.0,550.0,1549.0,1443.0,146.0,78.0,35.0,5774.0,103.0,1548.0,2025,3,4,17
45,266522,177,266523,189,3.0,1,1,19.0,550.0,1549.0,1443.0,146.0,78.0,35.0,5774.0,103.0,1548.0,2025,3,4,17
45,266526,112,266527,73,3.0,3,0,2126.0,3121.0,3060.0,2200.0,315.0,2041.0,416.0,881.0,6.0,3459.0,2025,3,3,22
45,266526,112,266527,73,3.0,5,1,2126.0,3121.0,3060.0,2200.0,315.0,2041.0,416.0,881.0,6.0,3459.0,2025,3,3,22
45,266526,112,266527,73,3.0,0,1,2126.0,3121.0,3060.0,2200.0,315.0,2041.0,416.0,881.0,6.0,3459.0,2025,3,3,22
45,266528,57,266529,196,3.0,5,0,4903.0,156.0,157.0,197.0,6237.0,1003.0,295.0,3397.0,4710.0,965.0,2025,3,3,17
45,266528,57,266529,196,3.0,1,1,4903.0,156.0,157.0,197.0,6237.0,1003.0,295.0,3397.0,4710.0,965.0,2025,3,3,17
45,266514,71,266515,79,3.0,3,1,2041.0,416.0,881.0,6.0,3459.0,6284.0,4421.0,1199.0,3246.0,143.0,2025,3,1,21
45,266512,167,266513,57,3.0,4,1,41.0,26.0,1002.0,945.0,2611.0,4903.0,156.0,157.0,197.0,6237.0,2025,3,1,18
45,266512,167,266513,57,3.0,2,0,41.0,26.0,1002.0,945.0,2611.0,4903.0,156.0,157.0,197.0,6237.0,2025,3,1,18
45,266512,167,266513,57,3.0,3,0,41.0,26.0,1002.0,945.0,2611.0,4903.0,156.0,157.0,197.0,6237.0,2025,3,1,18
45,266510,168,266511,186,3.0,0,0,78.0,35.0,5774.0,103.0,1548.0,656.0,18.0,3072.0,499.0,4011.0,2025,3,1,15
45,266510,168,266511,186,3.0,3,1,78.0,35.0,5774.0,103.0,1548.0,656.0,18.0,3072.0,499.0,4011.0,2025,3,1,15
45,266510,168,266511,186,3.0,1,1,78.0,35.0,5774.0,103.0,1548.0,656.0,18.0,3072.0,499.0,4011.0,2025,3,1,15
45,266468,167,266469,61,3.0,2,1,41.0,26.0,1002.0,945.0,2611.0,625.0,628.0,1.0,204.0,983.0,2025,3,0,21
45,266468,167,266469,61,3.0,4,1,41.0,26.0,1002.0,945.0,2611.0,625.0,628.0,1.0,204.0,983.0,2025,3,0,21
45,266466,71,266467,128,3.0,0,0,2041.0,416.0,881.0,6.0,3459.0,1401.0,169.0,2179.0,1834.0,2934.0,2025,3,0,20
45,266466,71,266467,128,3.0,4,0,2041.0,416.0,881.0,6.0,3459.0,1401.0,169.0,2179.0,1834.0,2934.0,2025,3,0,20
45,266464,57,266465,227,3.0,3,1,4903.0,156.0,157.0,197.0,6237.0,690.0,1913.0,2710.0,1871.0,5620.0,2025,3,0,18
45,266464,57,266465,227,3.0,5,1,4903.0,156.0,157.0,197.0,6237.0,690.0,1913.0,2710.0,1871.0,5620.0,2025,3,0,18
45,266462,112,266463,189,3.0,5,1,2126.0,3121.0,3060.0,2200.0,315.0,78.0,35.0,5774.0,103.0,1548.0,2025,3,0,18
45,266462,112,266463,189,3.0,0,1,2126.0,3121.0,3060.0,2200.0,315.0,78.0,35.0,5774.0,103.0,1548.0,2025,3,0,18
45,266460,153,266461,79,3.0,3,0,6721.0,5490.0,3112.0,927.0,3513.0,6284.0,4421.0,1199.0,3246.0,143.0,2025,3,0,15
45,266460,153,266461,79,3.0,0,0,6721.0,5490.0,3112.0,927.0,3513.0,6284.0,4421.0,1199.0,3246.0,143.0,2025,3,0,15
45,266460,153,266461,79,3.0,7,1,6721.0,5490.0,3112.0,927.0,3513.0,6284.0,4421.0,1199.0,3246.0,143.0,2025,3,0,15
45,266458,181,266459,186,3.0,2,1,3020.0,3192.0,4765.0,3526.0,5827.0,656.0,18.0,3072.0,499.0,4011.0,2025,3,0,15
45,266458,181,266459,186,3.0,0,1,3020.0,3192.0,4765.0,3526.0,5827.0,656.0,18.0,3072.0,499.0,4011.0,2025,3,0,15
45,266434,61,266435,116,3.0,4,0,625.0,628.0,1.0,204.0,983.0,216.0,4574.0,4498.0,2707.0,998.0,2025,3,6,20
45,266434,61,266435,116,3.0,3,1,625.0,628.0,1.0,204.0,983.0,216.0,4574.0,4498.0,2707.0,998.0,2025,3,6,20
45,266434,61,266435,116,3.0,1,1,625.0,628.0,1.0,204.0,983.0,216.0,4574.0,4498.0,2707.0,998.0,2025,3,6,20
45,266430,177,266431,118,3.0,2,1,19.0,550.0,1549.0,1443.0,146.0,2126.0,3121.0,3060.0,2200.0,315.0,2025,3,6,18
45,266432,200,266433,128,3.0,4,0,690.0,1913.0,2710.0,1871.0,5620.0,1401.0,169.0,2179.0,1834.0,2934.0,2025,3,6,17
45,266432,200,266433,128,3.0,7,0,690.0,1913.0,2710.0,1871.0,5620.0,1401.0,169.0,2179.0,1834.0,2934.0,2025,3,6,17
45,266426,175,266427,203,3.0,2,1,1003.0,295.0,3397.0,4710.0,965.0,3020.0,3192.0,4765.0,3526.0,5827.0,2025,3,6,16
45,266426,175,266427,203,3.0,1,1,1003.0,295.0,3397.0,4710.0,965.0,3020.0,3192.0,4765.0,3526.0,5827.0,2025,3,6,16
45,266428,71,266429,169,3.0,2,1,2041.0,416.0,881.0,6.0,3459.0,6721.0,5490.0,3112.0,927.0,3513.0,2025,3,6,15
45,266428,71,266429,169,3.0,5,1,2041.0,416.0,881.0,6.0,3459.0,6721.0,5490.0,3112.0,927.0,3513.0,2025,3,6,15
45,266424,167,266425,186,3.0,0,1,41.0,26.0,1002.0,945.0,2611.0,656.0,18.0,3072.0,499.0,4011.0,2025,3,6,12
45,266424,167,266425,186,3.0,2,0,41.0,26.0,1002.0,945.0,2611.0,656.0,18.0,3072.0,499.0,4011.0,2025,3,6,12
45,266424,167,266425,186,3.0,3,0,41.0,26.0,1002.0,945.0,2611.0,656.0,18.0,3072.0,499.0,4011.0,2025,3,6,12
45,266422,75,266423,183,3.0,3,1,6284.0,4421.0,1199.0,3246.0,143.0,4400.0,6146.0,3062.0,1151.0,269.0,2025,3,6,12
45,266390,175,266391,169,3.0,2,1,1003.0,295.0,3397.0,4710.0,965.0,6721.0,5490.0,3112.0,927.0,3513.0,2025,3,5,20
45,266390,175,266391,169,3.0,7,1,1003.0,295.0,3397.0,4710.0,965.0,6721.0,5490.0,3112.0,927.0,3513.0,2025,3,5,20
45,266392,168,266393,61,3.0,2,1,78.0,35.0,5774.0,103.0,1548.0,625.0,628.0,1.0,204.0,983.0,2025,3,5,20
45,266392,168,266393,61,3.0,1,1,78.0,35.0,5774.0,103.0,1548.0,625.0,628.0,1.0,204.0,983.0,2025,3,5,20
45,266386,177,266387,186,3.0,7,1,19.0,550.0,1549.0,1443.0,146.0,656.0,18.0,3072.0,499.0,4011.0,2025,3,5,19
45,266386,177,266387,186,3.0,2,1,19.0,550.0,1549.0,1443.0,146.0,656.0,18.0,3072.0,499.0,4011.0,2025,3,5,19
45,266382,71,266383,203,3.0,4,0,2041.0,416.0,881.0,6.0,3459.0,3020.0,3192.0,4765.0,3526.0,5827.0,2025,3,5,15
45,266382,71,266383,203,3.0,0,1,2041.0,416.0,881.0,6.0,3459.0,3020.0,3192.0,4765.0,3526.0,5827.0,2025,3,5,15
45,266382,71,266383,203,3.0,2,0,2041.0,416.0,881.0,6.0,3459.0,3020.0,3192.0,4765.0,3526.0,5827.0,2025,3,5,15
45,266384,75,266385,227,3.0,4,0,6284.0,4421.0,1199.0,3246.0,143.0,690.0,1913.0,2710.0,1871.0,5620.0,2025,3,5,15
45,266384,75,266385,227,3.0,3,1,6284.0,4421.0,1199.0,3246.0,143.0,690.0,1913.0,2710.0,1871.0,5620.0,2025,3,5,15
45,266384,75,266385,227,3.0,5,0,6284.0,4421.0,1199.0,3246.0,143.0,690.0,1913.0,2710.0,1871.0,5620.0,2025,3,5,15
45,266378,122,266379,183,3.0,4,1,1401.0,169.0,2179.0,1834.0,2934.0,4400.0,6146.0,3062.0,1151.0,269.0,2025,3,5,12
45,266378,122,266379,183,3.0,0,1,1401.0,169.0,2179.0,1834.0,2934.0,4400.0,6146.0,3062.0,1151.0,269.0,2025,3,5,12
45,266378,122,266379,183,3.0,3,0,1401.0,169.0,2179.0,1834.0,2934.0,4400.0,6146.0,3062.0,1151.0,269.0,2025,3,5,12
45,266380,57,266381,116,3.0,3,1,4903.0,156.0,157.0,197.0,6237.0,216.0,4574.0,4498.0,2707.0,998.0,2025,3,5,12
45,266380,57,266381,116,3.0,4,1,4903.0,156.0,157.0,197.0,6237.0,216.0,4574.0,4498.0,2707.0,998.0,2025,3,5,12
45,266186,167,266187,189,3.0,0,1,41.0,26.0,1002.0,945.0,2611.0,78.0,35.0,5774.0,103.0,1548.0,2025,3,4,21
45,266186,167,266187,189,3.0,3,1,41.0,26.0,1002.0,945.0,2611.0,78.0,35.0,5774.0,103.0,1548.0,2025,3,4,21
45,266186,167,266187,189,3.0,2,0,41.0,26.0,1002.0,945.0,2611.0,78.0,35.0,5774.0,103.0,1548.0,2025,3,4,21
45,266182,71,266183,227,3.0,3,1,2041.0,416.0,881.0,6.0,3459.0,690.0,1913.0,2710.0,1871.0,5620.0,2025,3,4,20
45,266182,71,266183,227,3.0,5,1,2041.0,416.0,881.0,6.0,3459.0,690.0,1913.0,2710.0,1871.0,5620.0,2025,3,4,20
45,266178,112,266179,61,3.0,7,1,2126.0,3121.0,3060.0,2200.0,315.0,625.0,628.0,1.0,204.0,983.0,2025,3,4,17
45,266178,112,266179,61,3.0,3,0,2126.0,3121.0,3060.0,2200.0,315.0,625.0,628.0,1.0,204.0,983.0,2025,3,4,17
45,266178,112,266179,61,3.0,5,1,2126.0,3121.0,3060.0,2200.0,315.0,625.0,628.0,1.0,204.0,983.0,2025,3,4,17
45,266176,122,266177,169,3.0,3,1,1401.0,169.0,2179.0,1834.0,2934.0,6721.0,5490.0,3112.0,927.0,3513.0,2025,3,4,17
45,266176,122,266177,169,3.0,0,0,1401.0,169.0,2179.0,1834.0,2934.0,6721.0,5490.0,3112.0,927.0,3513.0,2025,3,4,17
45,266176,122,266177,169,3.0,5,0,1401.0,169.0,2179.0,1834.0,2934.0,6721.0,5490.0,3112.0,927.0,3513.0,2025,3,4,17
45,266184,57,266185,186,3.0,1,0,4903.0,156.0,157.0,197.0,6237.0,656.0,18.0,3072.0,499.0,4011.0,2025,3,4,15
45,266184,57,266185,186,3.0,3,0,4903.0,156.0,157.0,197.0,6237.0,656.0,18.0,3072.0,499.0,4011.0,2025,3,4,15
45,266180,181,266181,79,3.0,3,1,3020.0,3192.0,4765.0,3526.0,5827.0,6284.0,4421.0,1199.0,3246.0,143.0,2025,3,4,15
45,266180,181,266181,79,3.0,4,1,3020.0,3192.0,4765.0,3526.0,5827.0,6284.0,4421.0,1199.0,3246.0,143.0,2025,3,4,15
45,266170,175,266171,183,3.0,5,1,1003.0,295.0,3397.0,4710.0,965.0,4400.0,6146.0,3062.0,1151.0,269.0,2025,3,4,12
45,266170,175,266171,183,3.0,1,1,1003.0,295.0,3397.0,4710.0,965.0,4400.0,6146.0,3062.0,1151.0,269.0,2025,3,4,12
45,266174,177,266175,116,3.0,3,1,19.0,550.0,1549.0,1443.0,146.0,216.0,4574.0,4498.0,2707.0,998.0,2025,3,4,12
45,266174,177,266175,116,3.0,1,0,19.0,550.0,1549.0,1443.0,146.0,216.0,4574.0,4498.0,2707.0,998.0,2025,3,4,12
45,266174,177,266175,116,3.0,7,1,19.0,550.0,1549.0,1443.0,146.0,216.0,4574.0,4498.0,2707.0,998.0,2025,3,4,12
45,265966,61,265967,115,3.0,2,0,625.0,628.0,1.0,204.0,983.0,845.0,1817.0,1687.0,2810.0,2113.0,2025,3,2,22
45,265966,61,265967,115,3.0,1,1,625.0,628.0,1.0,204.0,983.0,845.0,1817.0,1687.0,2810.0,2113.0,2025,3,2,22
45,265966,61,265967,115,3.0,4,1,625.0,628.0,1.0,204.0,983.0,845.0,1817.0,1687.0,2810.0,2113.0,2025,3,2,22
45,265964,200,265965,130,3.0,7,0,690.0,1913.0,2710.0,1871.0,5620.0,3538.0,6142.0,3344.0,5284.0,16113.0,2025,3,2,19
45,265964,200,265965,130,3.0,4,1,690.0,1913.0,2710.0,1871.0,5620.0,3538.0,6142.0,3344.0,5284.0,16113.0,2025,3,2,19
45,265964,200,265965,130,3.0,2,1,690.0,1913.0,2710.0,1871.0,5620.0,3538.0,6142.0,3344.0,5284.0,16113.0,2025,3,2,19
45,265962,67,265963,183,3.0,0,1,272.0,2989.0,260.0,1050.0,209.0,4400.0,6146.0,3062.0,1151.0,269.0,2025,3,2,15
45,265962,67,265963,183,3.0,3,0,272.0,2989.0,260.0,1050.0,209.0,4400.0,6146.0,3062.0,1151.0,269.0,2025,3,2,15
45,265962,67,265963,183,3.0,1,0,272.0,2989.0,260.0,1050.0,209.0,4400.0,6146.0,3062.0,1151.0,269.0,2025,3,2,15
45,265920,61,265921,127,3.0,2,0,625.0,628.0,1.0,204.0,983.0,746.0,1802.0,31.0,3274.0,3032.0,2025,3,1,22
45,265920,61,265921,127,3.0,4,1,625.0,628.0,1.0,204.0,983.0,746.0,1802.0,31.0,3274.0,3032.0,2025,3,1,22
45,265920,61,265921,127,3.0,7,1,625.0,628.0,1.0,204.0,983.0,746.0,1802.0,31.0,3274.0,3032.0,2025,3,1,22
45,265918,166,265919,115,3.0,7,1,656.0,18.0,3072.0,499.0,4011.0,845.0,1817.0,1687.0,2810.0,2113.0,2025,3,1,20
45,265918,166,265919,115,3.0,1,1,656.0,18.0,3072.0,499.0,4011.0,845.0,1817.0,1687.0,2810.0,2113.0,2025,3,1,20
45,265916,200,265917,114,3.0,2,0,690.0,1913.0,2710.0,1871.0,5620.0,1271.0,1270.0,7709.0,2159.0,7958.0,2025,3,1,18
45,265916,200,265917,114,3.0,5,1,690.0,1913.0,2710.0,1871.0,5620.0,1271.0,1270.0,7709.0,2159.0,7958.0,2025,3,1,18
45,265916,200,265917,114,3.0,1,1,690.0,1913.0,2710.0,1871.0,5620.0,1271.0,1270.0,7709.0,2159.0,7958.0,2025,3,1,18
45,265914,57,265915,67,3.0,3,1,4903.0,156.0,157.0,197.0,6237.0,272.0,2989.0,260.0,1050.0,209.0,2025,3,1,18
45,265914,57,265915,67,3.0,5,1,4903.0,156.0,157.0,197.0,6237.0,272.0,2989.0,260.0,1050.0,209.0,2025,3,1,18
45,265912,85,265913,130,3.0,4,1,1661.0,2776.0,1451.0,5364.0,3395.0,3538.0,6142.0,3344.0,5284.0,16113.0,2025,3,1,15
45,265912,85,265913,130,3.0,7,0,1661.0,2776.0,1451.0,5364.0,3395.0,3538.0,6142.0,3344.0,5284.0,16113.0,2025,3,1,15
45,265912,85,265913,130,3.0,2,0,1661.0,2776.0,1451.0,5364.0,3395.0,3538.0,6142.0,3344.0,5284.0,16113.0,2025,3,1,15
45,265910,110,265911,183,3.0,1,1,216.0,4574.0,4498.0,2707.0,998.0,4400.0,6146.0,3062.0,1151.0,269.0,2025,3,1,15
45,265910,110,265911,183,3.0,3,1,216.0,4574.0,4498.0,2707.0,998.0,4400.0,6146.0,3062.0,1151.0,269.0,2025,3,1,15
45,265820,67,265821,227,3.0,3,1,272.0,2989.0,260.0,1050.0,209.0,690.0,1913.0,2710.0,1871.0,5620.0,2025,3,0,20
45,265820,67,265821,227,3.0,5,0,272.0,2989.0,260.0,1050.0,209.0,690.0,1913.0,2710.0,1871.0,5620.0,2025,3,0,20
45,265820,67,265821,227,3.0,1,1,272.0,2989.0,260.0,1050.0,209.0,690.0,1913.0,2710.0,1871.0,5620.0,2025,3,0,20
45,265818,57,265819,127,3.0,4,1,4903.0,156.0,157.0,197.0,6237.0,746.0,1802.0,31.0,3274.0,3032.0,2025,3,0,20
45,265814,61,265815,116,3.0,5,0,625.0,628.0,1.0,204.0,983.0,216.0,4574.0,4498.0,2707.0,998.0,2025,3,0,18
45,265814,61,265815,116,3.0,1,0,625.0,628.0,1.0,204.0,983.0,216.0,4574.0,4498.0,2707.0,998.0,2025,3,0,18
45,265816,109,265817,169,3.0,3,0,845.0,1817.0,1687.0,2810.0,2113.0,6721.0,5490.0,3112.0,927.0,3513.0,2025,3,0,17
45,265816,109,265817,169,3.0,2,0,845.0,1817.0,1687.0,2810.0,2113.0,6721.0,5490.0,3112.0,927.0,3513.0,2025,3,0,17
45,265816,109,265817,169,3.0,0,1,845.0,1817.0,1687.0,2810.0,2113.0,6721.0,5490.0,3112.0,927.0,3513.0,2025,3,0,17
45,265810,75,265811,183,3.0,3,1,6284.0,4421.0,1199.0,3246.0,143.0,4400.0,6146.0,3062.0,1151.0,269.0,2025,3,0,15
45,265810,75,265811,183,3.0,4,1,6284.0,4421.0,1199.0,3246.0,143.0,4400.0,6146.0,3062.0,1151.0,269.0,2025,3,0,15
45,265810,75,265811,183,3.0,5,0,6284.0,4421.0,1199.0,3246.0,143.0,4400.0,6146.0,3062.0,1151.0,269.0,2025,3,0,15
45,265812,124,265813,123,3.0,1,1,3538.0,6142.0,3344.0,5284.0,16113.0,271.0,1961.0,7833.0,25837.0,25863.0,2025,3,0,15
45,265812,124,265813,123,3.0,2,1,3538.0,6142.0,3344.0,5284.0,16113.0,271.0,1961.0,7833.0,25837.0,25863.0,2025,3,0,15
45,265806,85,265807,186,3.0,7,0,1661.0,2776.0,1451.0,5364.0,3395.0,656.0,18.0,3072.0,499.0,4011.0,2025,3,0,12
45,265806,85,265807,186,3.0,5,0,1661.0,2776.0,1451.0,5364.0,3395.0,656.0,18.0,3072.0,499.0,4011.0,2025,3,0,12
45,265808,108,265809,92,3.0,2,1,1271.0,1270.0,7709.0,2159.0,7958.0,1053.0,1977.0,2739.0,1033.0,1949.0,2025,3,0,12
45,265808,108,265809,92,3.0,3,1,1271.0,1270.0,7709.0,2159.0,7958.0,1053.0,1977.0,2739.0,1033.0,1949.0,2025,3,0,12
45,265692,200,265693,115,3.0,1,0,690.0,1913.0,2710.0,1871.0,5620.0,845.0,1817.0,1687.0,2810.0,2113.0,2025,3,6,20
45,265694,75,265695,116,3.0,3,1,6284.0,4421.0,1199.0,3246.0,143.0,216.0,4574.0,4498.0,2707.0,998.0,2025,3,6,20
45,265702,124,265703,127,3.0,7,0,3538.0,6142.0,3344.0,5284.0,16113.0,746.0,1802.0,31.0,3274.0,3032.0,2025,3,6,17
45,265690,61,265691,169,3.0,1,0,625.0,628.0,1.0,204.0,983.0,6721.0,5490.0,3112.0,927.0,3513.0,2025,3,6,17
45,265700,85,265701,92,3.0,2,1,1661.0,2776.0,1451.0,5364.0,3395.0,1053.0,1977.0,2739.0,1033.0,1949.0,2025,3,6,15
45,265688,57,265689,183,3.0,3,0,4903.0,156.0,157.0,197.0,6237.0,4400.0,6146.0,3062.0,1151.0,269.0,2025,3,6,15
45,265698,166,265699,123,3.0,7,1,656.0,18.0,3072.0,499.0,4011.0,271.0,1961.0,7833.0,25837.0,25863.0,2025,3,6,12
45,265698,166,265699,123,3.0,5,1,656.0,18.0,3072.0,499.0,4011.0,271.0,1961.0,7833.0,25837.0,25863.0,2025,3,6,12
45,265696,67,265697,114,3.0,1,1,272.0,2989.0,260.0,1050.0,209.0,1271.0,1270.0,7709.0,2159.0,7958.0,2025,3,6,12
45,265696,67,265697,114,3.0,2,1,272.0,2989.0,260.0,1050.0,209.0,1271.0,1270.0,7709.0,2159.0,7958.0,2025,3,6,12
45,265576,200,265577,92,3.0,5,1,690.0,1913.0,2710.0,1871.0,5620.0,1053.0,1977.0,2739.0,1033.0,1949.0,2025,3,5,20
45,265574,75,265575,127,3.0,7,0,6284.0,4421.0,1199.0,3246.0,143.0,746.0,1802.0,31.0,3274.0,3032.0,2025,3,5,20
45,265574,75,265575,127,3.0,3,1,6284.0,4421.0,1199.0,3246.0,143.0,746.0,1802.0,31.0,3274.0,3032.0,2025,3,5,20
45,265570,61,265571,114,3.0,1,1,625.0,628.0,1.0,204.0,983.0,1271.0,1270.0,7709.0,2159.0,7958.0,2025,3,5,18
45,265572,110,265573,130,3.0,1,1,216.0,4574.0,4498.0,2707.0,998.0,3538.0,6142.0,3344.0,5284.0,16113.0,2025,3,5,17
45,265572,110,265573,130,3.0,3,0,216.0,4574.0,4498.0,2707.0,998.0,3538.0,6142.0,3344.0,5284.0,16113.0,2025,3,5,17
45,265566,85,265567,169,3.0,7,0,1661.0,2776.0,1451.0,5364.0,3395.0,6721.0,5490.0,3112.0,927.0,3513.0,2025,3,5,15
45,265566,85,265567,169,3.0,0,0,1661.0,2776.0,1451.0,5364.0,3395.0,6721.0,5490.0,3112.0,927.0,3513.0,2025,3,5,15
45,265566,85,265567,169,3.0,2,1,1661.0,2776.0,1451.0,5364.0,3395.0,6721.0,5490.0,3112.0,927.0,3513.0,2025,3,5,15
45,265568,166,265569,183,3.0,3,0,656.0,18.0,3072.0,499.0,4011.0,4400.0,6146.0,3062.0,1151.0,269.0,2025,3,5,15
45,265568,166,265569,183,3.0,0,0,656.0,18.0,3072.0,499.0,4011.0,4400.0,6146.0,3062.0,1151.0,269.0,2025,3,5,15
45,265562,57,265563,123,3.0,1,1,4903.0,156.0,157.0,197.0,6237.0,271.0,1961.0,7833.0,25837.0,25863.0,2025,3,5,12
45,265562,57,265563,123,3.0,5,1,4903.0,156.0,157.0,197.0,6237.0,271.0,1961.0,7833.0,25837.0,25863.0,2025,3,5,12
45,265564,109,265565,67,3.0,0,1,845.0,1817.0,1687.0,2810.0,2113.0,272.0,2989.0,260.0,1050.0,209.0,2025,3,5,12
45,265564,109,265565,67,3.0,2,1,845.0,1817.0,1687.0,2810.0,2113.0,272.0,2989.0,260.0,1050.0,209.0,2025,3,5,12
86,266134,31,266135,33,3.0,4,1,2786.0,3314.0,528.0,25794.0,6715.0,2936.0,1092.0,5420.0,457.0,553.0,2025,3,1,18
86,266134,31,266135,33,3.0,5,1,2786.0,3314.0,528.0,25794.0,6715.0,2936.0,1092.0,5420.0,457.0,553.0,2025,3,1,18
86,266130,124,266131,33,3.0,0,0,3538.0,6142.0,3344.0,5284.0,16113.0,2936.0,1092.0,5420.0,457.0,553.0,2025,3,0,22
86,266130,124,266131,33,3.0,4,0,3538.0,6142.0,3344.0,5284.0,16113.0,2936.0,1092.0,5420.0,457.0,553.0,2025,3,0,22
86,266062,85,266063,5,3.0,2,1,1661.0,2776.0,1451.0,5364.0,3395.0,436.0,1575.0,483.0,3904.0,3241.0,2025,3,0,19
86,266062,85,266063,5,3.0,5,1,1661.0,2776.0,1451.0,5364.0,3395.0,436.0,1575.0,483.0,3904.0,3241.0,2025,3,0,19
86,266102,31,266103,68,3.0,4,1,2786.0,3314.0,528.0,25794.0,6715.0,65.0,4048.0,495.0,5309.0,1891.0,2025,3,0,18
86,266128,176,266129,33,3.0,5,1,7440.0,26193.0,26127.0,26434.0,26179.0,2936.0,1092.0,5420.0,457.0,553.0,2025,3,0,17
86,266128,176,266129,33,3.0,7,0,7440.0,26193.0,26127.0,26434.0,26179.0,2936.0,1092.0,5420.0,457.0,553.0,2025,3,0,17
86,266128,176,266129,33,3.0,0,0,7440.0,26193.0,26127.0,26434.0,26179.0,2936.0,1092.0,5420.0,457.0,553.0,2025,3,0,17
86,266100,127,266101,68,3.0,4,0,3396.0,3517.0,3110.0,709.0,150.0,65.0,4048.0,495.0,5309.0,1891.0,2025,3,0,16
86,266042,158,266043,129,3.0,3,0,1675.0,1673.0,3045.0,1671.0,8477.0,6252.0,6360.0,8019.0,8469.0,7201.0,2025,3,0,15
86,266042,158,266043,129,3.0,0,0,1675.0,1673.0,3045.0,1671.0,8477.0,6252.0,6360.0,8019.0,8469.0,7201.0,2025,3,0,15
86,266124,30,266125,220,3.0,4,1,2936.0,1092.0,5420.0,457.0,553.0,1644.0,4379.0,5198.0,5271.0,700.0,2025,3,6,21
86,266072,4,266073,48,3.0,5,1,436.0,1575.0,483.0,3904.0,3241.0,2852.0,2837.0,2838.0,1674.0,4431.0,2025,3,6,20
86,266072,4,266073,48,3.0,0,1,436.0,1575.0,483.0,3904.0,3241.0,2852.0,2837.0,2838.0,1674.0,4431.0,2025,3,6,20
86,266040,50,266041,129,3.0,4,0,15.0,607.0,5630.0,8252.0,4010.0,6252.0,6360.0,8019.0,8469.0,7201.0,2025,3,6,19
86,266040,50,266041,129,3.0,0,0,15.0,607.0,5630.0,8252.0,4010.0,6252.0,6360.0,8019.0,8469.0,7201.0,2025,3,6,19
86,266098,31,266099,135,3.0,1,1,2786.0,3314.0,528.0,25794.0,6715.0,3396.0,3517.0,3110.0,709.0,150.0,2025,3,6,18
86,266098,31,266099,135,3.0,7,0,2786.0,3314.0,528.0,25794.0,6715.0,3396.0,3517.0,3110.0,709.0,150.0,2025,3,6,18
86,266098,31,266099,135,3.0,5,1,2786.0,3314.0,528.0,25794.0,6715.0,3396.0,3517.0,3110.0,709.0,150.0,2025,3,6,18
86,266126,124,266127,197,3.0,7,0,3538.0,6142.0,3344.0,5284.0,16113.0,7440.0,26193.0,26127.0,26434.0,26179.0,2025,3,6,18
86,266126,124,266127,197,3.0,2,1,3538.0,6142.0,3344.0,5284.0,16113.0,7440.0,26193.0,26127.0,26434.0,26179.0,2025,3,6,18
86,266120,30,266121,37,3.0,0,0,2936.0,1092.0,5420.0,457.0,553.0,5504.0,4561.0,2068.0,8083.0,8055.0,2025,3,6,14
86,266070,47,266071,124,3.0,4,1,2852.0,2837.0,2838.0,1674.0,4431.0,1420.0,948.0,3533.0,3596.0,5458.0,2025,3,6,12
86,266070,47,266071,124,3.0,0,1,2852.0,2837.0,2838.0,1674.0,4431.0,1420.0,948.0,3533.0,3596.0,5458.0,2025,3,6,12
86,266070,47,266071,124,3.0,5,0,2852.0,2837.0,2838.0,1674.0,4431.0,1420.0,948.0,3533.0,3596.0,5458.0,2025,3,6,12
86,266090,127,266091,68,3.0,0,1,3396.0,3517.0,3110.0,709.0,150.0,65.0,4048.0,495.0,5309.0,1891.0,2025,3,5,21
86,266090,127,266091,68,3.0,4,0,3396.0,3517.0,3110.0,709.0,150.0,65.0,4048.0,495.0,5309.0,1891.0,2025,3,5,21
86,266090,127,266091,68,3.0,5,1,3396.0,3517.0,3110.0,709.0,150.0,65.0,4048.0,495.0,5309.0,1891.0,2025,3,5,21
86,266030,23,266031,176,3.0,0,0,1958.0,164.0,1685.0,4833.0,2995.0,1675.0,1673.0,3045.0,1671.0,8477.0,2025,3,5,21
86,266030,23,266031,176,3.0,3,1,1958.0,164.0,1685.0,4833.0,2995.0,1675.0,1673.0,3045.0,1671.0,8477.0,2025,3,5,21
86,266112,124,266113,220,3.0,1,1,3538.0,6142.0,3344.0,5284.0,16113.0,1644.0,4379.0,5198.0,5271.0,700.0,2025,3,5,18
86,266114,30,266115,197,3.0,0,0,2936.0,1092.0,5420.0,457.0,553.0,7440.0,26193.0,26127.0,26434.0,26179.0,2025,3,5,15
86,266114,30,266115,197,3.0,5,1,2936.0,1092.0,5420.0,457.0,553.0,7440.0,26193.0,26127.0,26434.0,26179.0,2025,3,5,15
86,266086,126,266087,4,3.0,3,0,1831.0,1833.0,1832.0,4554.0,2991.0,476.0,1098.0,691.0,1487.0,200.0,2025,3,5,15
86,266064,150,266065,5,3.0,5,0,5509.0,8126.0,291.0,3198.0,716.0,436.0,1575.0,483.0,3904.0,3241.0,2025,3,5,12
86,266064,150,266065,5,3.0,7,0,5509.0,8126.0,291.0,3198.0,716.0,436.0,1575.0,483.0,3904.0,3241.0,2025,3,5,12
86,266116,36,266117,76,3.0,1,1,5504.0,4561.0,2068.0,8083.0,8055.0,3122.0,2716.0,1365.0,4385.0,3109.0,2025,3,5,12
86,266116,36,266117,76,3.0,4,1,5504.0,4561.0,2068.0,8083.0,8055.0,3122.0,2716.0,1365.0,4385.0,3109.0,2025,3,5,12
86,266024,23,266025,167,3.0,4,1,1958.0,164.0,1685.0,4833.0,2995.0,966.0,612.0,564.0,3405.0,5057.0,2025,3,4,17
86,266108,30,266109,11,3.0,7,1,2936.0,1092.0,5420.0,457.0,553.0,5776.0,5777.0,2166.0,4549.0,2983.0,2025,3,4,17
86,266108,30,266109,11,3.0,5,1,2936.0,1092.0,5420.0,457.0,553.0,5776.0,5777.0,2166.0,4549.0,2983.0,2025,3,4,17
86,266080,126,266081,135,3.0,5,0,1831.0,1833.0,1832.0,4554.0,2991.0,3396.0,3517.0,3110.0,709.0,150.0,2025,3,4,17
86,266080,126,266081,135,3.0,3,0,1831.0,1833.0,1832.0,4554.0,2991.0,3396.0,3517.0,3110.0,709.0,150.0,2025,3,4,17
86,266106,73,266107,220,3.0,5,0,3122.0,2716.0,1365.0,4385.0,3109.0,1644.0,4379.0,5198.0,5271.0,700.0,2025,3,4,15
86,266106,73,266107,220,3.0,4,0,3122.0,2716.0,1365.0,4385.0,3109.0,1644.0,4379.0,5198.0,5271.0,700.0,2025,3,4,15
86,266104,124,266105,37,3.0,0,0,3538.0,6142.0,3344.0,5284.0,16113.0,5504.0,4561.0,2068.0,8083.0,8055.0,2025,3,4,12
86,266104,124,266105,37,3.0,1,1,3538.0,6142.0,3344.0,5284.0,16113.0,5504.0,4561.0,2068.0,8083.0,8055.0,2025,3,4,12
86,266104,124,266105,37,3.0,2,1,3538.0,6142.0,3344.0,5284.0,16113.0,5504.0,4561.0,2068.0,8083.0,8055.0,2025,3,4,12
86,266026,123,266027,176,3.0,3,0,6252.0,6360.0,8019.0,8469.0,7201.0,1675.0,1673.0,3045.0,1671.0,8477.0,2025,3,4,12
86,266026,123,266027,176,3.0,4,0,6252.0,6360.0,8019.0,8469.0,7201.0,1675.0,1673.0,3045.0,1671.0,8477.0,2025,3,4,12
86,266026,123,266027,176,3.0,0,1,6252.0,6360.0,8019.0,8469.0,7201.0,1675.0,1673.0,3045.0,1671.0,8477.0,2025,3,4,12
86,266048,47,266049,162,3.0,4,1,2852.0,2837.0,2838.0,1674.0,4431.0,5509.0,8126.0,291.0,3198.0,716.0,2025,3,4,12
86,266048,47,266049,162,3.0,5,1,2852.0,2837.0,2838.0,1674.0,4431.0,5509.0,8126.0,291.0,3198.0,716.0,2025,3,4,12
95,263828,112,263829,188,5.0,4,0,2126.0,3121.0,2200.0,315.0,3060.0,41.0,26.0,1002.0,945.0,2611.0,2025,2,6,20
95,263828,112,263829,188,5.0,5,1,2126.0,3121.0,2200.0,315.0,3060.0,41.0,26.0,1002.0,945.0,2611.0,2025,2,6,20
95,263828,112,263829,188,5.0,0,1,2126.0,3121.0,2200.0,315.0,3060.0,41.0,26.0,1002.0,945.0,2611.0,2025,2,6,20
95,263828,112,263829,188,5.0,2,1,2126.0,3121.0,2200.0,315.0,3060.0,41.0,26.0,1002.0,945.0,2611.0,2025,2,6,20
95,263830,16,263831,63,3.0,4,0,11.0,3248.0,1757.0,484.0,439.0,27.0,692.0,28.0,704.0,32.0,2025,2,6,16
95,263830,16,263831,63,3.0,3,1,11.0,3248.0,1757.0,484.0,439.0,27.0,692.0,28.0,704.0,32.0,2025,2,6,16
95,263826,167,263827,63,3.0,0,1,41.0,26.0,1002.0,945.0,2611.0,27.0,692.0,28.0,704.0,32.0,2025,2,5,22
95,263826,167,263827,63,3.0,2,1,41.0,26.0,1002.0,945.0,2611.0,27.0,692.0,28.0,704.0,32.0,2025,2,5,22
95,263824,112,263825,19,3.0,3,1,2126.0,3121.0,2200.0,315.0,3060.0,11.0,3248.0,1757.0,484.0,439.0,2025,2,5,18
95,263824,112,263825,19,3.0,5,0,2126.0,3121.0,2200.0,315.0,3060.0,11.0,3248.0,1757.0,484.0,439.0,2025,2,5,18
95,263824,112,263825,19,3.0,0,1,2126.0,3121.0,2200.0,315.0,3060.0,11.0,3248.0,1757.0,484.0,439.0,2025,2,5,18
95,263822,63,263823,169,3.0,0,1,27.0,692.0,28.0,704.0,32.0,928.0,3112.0,927.0,3513.0,1586.0,2025,2,4,20
95,263822,63,263823,169,3.0,5,1,27.0,692.0,28.0,704.0,32.0,928.0,3112.0,927.0,3513.0,1586.0,2025,2,4,20
95,263820,167,263821,57,3.0,7,1,41.0,26.0,1002.0,945.0,2611.0,4903.0,156.0,157.0,197.0,6237.0,2025,2,4,16
95,263820,167,263821,57,3.0,5,1,41.0,26.0,1002.0,945.0,2611.0,4903.0,156.0,157.0,197.0,6237.0,2025,2,4,16
95,263820,167,263821,57,3.0,2,0,41.0,26.0,1002.0,945.0,2611.0,4903.0,156.0,157.0,197.0,6237.0,2025,2,4,16
95,263818,181,263819,19,3.0,4,0,3020.0,3192.0,4765.0,3526.0,5827.0,11.0,3248.0,1757.0,484.0,439.0,2025,2,4,14
95,263818,181,263819,19,3.0,3,0,3020.0,3192.0,4765.0,3526.0,5827.0,11.0,3248.0,1757.0,484.0,439.0,2025,2,4,14
95,263816,200,263817,118,3.0,3,0,690.0,2710.0,1871.0,5620.0,1913.0,2126.0,3121.0,2200.0,315.0,3060.0,2025,2,4,11
95,263816,200,263817,118,3.0,4,0,690.0,2710.0,1871.0,5620.0,1913.0,2126.0,3121.0,2200.0,315.0,3060.0,2025,2,4,11
95,265254,112,265255,214,3.0,3,0,2126.0,3121.0,2200.0,315.0,3060.0,572.0,2785.0,163.0,4065.0,5156.0,2025,2,1,15
95,265254,112,265255,214,3.0,0,1,2126.0,3121.0,2200.0,315.0,3060.0,572.0,2785.0,163.0,4065.0,5156.0,2025,2,1,15
95,265256,166,265257,169,3.0,2,0,656.0,18.0,3072.0,499.0,4011.0,928.0,3112.0,927.0,3513.0,1586.0,2025,2,1,13
95,265256,166,265257,169,3.0,5,0,656.0,18.0,3072.0,499.0,4011.0,928.0,3112.0,927.0,3513.0,1586.0,2025,2,1,13
95,265252,16,265253,27,3.0,3,1,11.0,3248.0,1757.0,484.0,439.0,1958.0,164.0,1685.0,4833.0,2995.0,2025,2,1,11
95,265252,16,265253,27,3.0,0,1,11.0,3248.0,1757.0,484.0,439.0,1958.0,164.0,1685.0,4833.0,2995.0,2025,2,1,11
95,265118,43,265119,169,3.0,3,0,472.0,532.0,540.0,1719.0,6335.0,928.0,3112.0,927.0,3513.0,1586.0,2025,2,0,21
95,265118,43,265119,169,3.0,0,0,472.0,532.0,540.0,1719.0,6335.0,928.0,3112.0,927.0,3513.0,1586.0,2025,2,0,21
95,265116,200,265117,214,3.0,4,1,690.0,2710.0,1871.0,5620.0,1913.0,572.0,2785.0,163.0,4065.0,5156.0,2025,2,0,20
95,265112,166,265113,57,3.0,1,0,656.0,18.0,3072.0,499.0,4011.0,4903.0,156.0,157.0,197.0,6237.0,2025,2,0,17
95,265112,166,265113,57,3.0,5,0,656.0,18.0,3072.0,499.0,4011.0,4903.0,156.0,157.0,197.0,6237.0,2025,2,0,17
95,265112,166,265113,57,3.0,3,1,656.0,18.0,3072.0,499.0,4011.0,4903.0,156.0,157.0,197.0,6237.0,2025,2,0,17
95,265114,16,265115,116,3.0,4,1,11.0,3248.0,1757.0,484.0,439.0,216.0,4574.0,1507.0,2707.0,998.0,2025,2,0,17
95,265114,16,265115,116,3.0,3,0,11.0,3248.0,1757.0,484.0,439.0,216.0,4574.0,1507.0,2707.0,998.0,2025,2,0,17
95,265114,16,265115,116,3.0,5,1,11.0,3248.0,1757.0,484.0,439.0,216.0,4574.0,1507.0,2707.0,998.0,2025,2,0,17
95,265110,188,265111,27,3.0,0,0,34.0,6030.0,530.0,4042.0,1316.0,1958.0,164.0,1685.0,4833.0,2995.0,2025,2,0,14
95,265110,188,265111,27,3.0,5,0,34.0,6030.0,530.0,4042.0,1316.0,1958.0,164.0,1685.0,4833.0,2995.0,2025,2,0,14
95,265110,188,265111,27,3.0,3,1,34.0,6030.0,530.0,4042.0,1316.0,1958.0,164.0,1685.0,4833.0,2995.0,2025,2,0,14
95,265108,112,265109,188,3.0,4,0,2126.0,3121.0,2200.0,315.0,3060.0,41.0,26.0,1002.0,945.0,2611.0,2025,2,0,14
95,265108,112,265109,188,3.0,2,1,2126.0,3121.0,2200.0,315.0,3060.0,41.0,26.0,1002.0,945.0,2611.0,2025,2,0,14
95,265108,112,265109,188,3.0,0,0,2126.0,3121.0,2200.0,315.0,3060.0,41.0,26.0,1002.0,945.0,2611.0,2025,2,0,14
95,265058,200,265059,203,3.0,2,1,690.0,2710.0,1871.0,5620.0,1913.0,3020.0,3192.0,4765.0,3526.0,5827.0,2025,2,6,18
95,265058,200,265059,203,3.0,3,0,690.0,2710.0,1871.0,5620.0,1913.0,3020.0,3192.0,4765.0,3526.0,5827.0,2025,2,6,18
95,265058,200,265059,203,3.0,4,0,690.0,2710.0,1871.0,5620.0,1913.0,3020.0,3192.0,4765.0,3526.0,5827.0,2025,2,6,18
95,265070,153,265071,67,3.0,3,1,928.0,3112.0,927.0,3513.0,1586.0,272.0,260.0,1050.0,209.0,2989.0,2025,2,6,17
95,265070,153,265071,67,3.0,2,0,928.0,3112.0,927.0,3513.0,1586.0,272.0,260.0,1050.0,209.0,2989.0,2025,2,6,17
95,265070,153,265071,67,3.0,0,1,928.0,3112.0,927.0,3513.0,1586.0,272.0,260.0,1050.0,209.0,2989.0,2025,2,6,17
95,265054,112,265055,63,3.0,0,0,2126.0,3121.0,2200.0,315.0,3060.0,27.0,692.0,28.0,704.0,32.0,2025,2,6,16
95,265068,43,265069,97,3.0,0,1,472.0,532.0,540.0,1719.0,6335.0,660.0,2954.0,831.0,5664.0,680.0,2025,2,6,15
95,265068,43,265069,97,3.0,7,1,472.0,532.0,540.0,1719.0,6335.0,660.0,2954.0,831.0,5664.0,680.0,2025,2,6,15
95,265064,167,265065,19,3.0,0,0,41.0,26.0,1002.0,945.0,2611.0,11.0,3248.0,1757.0,484.0,439.0,2025,2,6,13
95,265064,167,265065,19,3.0,2,1,41.0,26.0,1002.0,945.0,2611.0,11.0,3248.0,1757.0,484.0,439.0,2025,2,6,13
95,265064,167,265065,19,3.0,5,1,41.0,26.0,1002.0,945.0,2611.0,11.0,3248.0,1757.0,484.0,439.0,2025,2,6,13
95,265062,188,265063,214,3.0,3,0,34.0,6030.0,530.0,4042.0,1316.0,572.0,2785.0,163.0,4065.0,5156.0,2025,2,6,13
95,265062,188,265063,214,3.0,2,0,34.0,6030.0,530.0,4042.0,1316.0,572.0,2785.0,163.0,4065.0,5156.0,2025,2,6,13
95,265060,166,265061,116,3.0,0,1,656.0,18.0,3072.0,499.0,4011.0,216.0,4574.0,1507.0,2707.0,998.0,2025,2,6,11
95,265060,166,265061,116,3.0,3,1,656.0,18.0,3072.0,499.0,4011.0,216.0,4574.0,1507.0,2707.0,998.0,2025,2,6,11
95,265066,57,265067,27,3.0,2,1,4903.0,156.0,157.0,197.0,6237.0,1958.0,164.0,1685.0,4833.0,2995.0,2025,2,6,11
95,265066,57,265067,27,3.0,3,1,4903.0,156.0,157.0,197.0,6237.0,1958.0,164.0,1685.0,4833.0,2995.0,2025,2,6,11
95,265030,167,265031,227,3.0,2,1,41.0,26.0,1002.0,945.0,2611.0,690.0,2710.0,1871.0,5620.0,1913.0,2025,2,5,19
95,265030,167,265031,227,3.0,4,0,41.0,26.0,1002.0,945.0,2611.0,690.0,2710.0,1871.0,5620.0,1913.0,2025,2,5,19
95,265030,167,265031,227,3.0,5,0,41.0,26.0,1002.0,945.0,2611.0,690.0,2710.0,1871.0,5620.0,1913.0,2025,2,5,19
95,265038,153,265039,19,3.0,5,0,928.0,3112.0,927.0,3513.0,1586.0,11.0,3248.0,1757.0,484.0,439.0,2025,2,5,18
95,265038,153,265039,19,3.0,3,0,928.0,3112.0,927.0,3513.0,1586.0,11.0,3248.0,1757.0,484.0,439.0,2025,2,5,18
95,265036,110,265037,97,3.0,0,1,216.0,4574.0,1507.0,2707.0,998.0,660.0,2954.0,831.0,5664.0,680.0,2025,2,5,16
95,265036,110,265037,97,3.0,4,1,216.0,4574.0,1507.0,2707.0,998.0,660.0,2954.0,831.0,5664.0,680.0,2025,2,5,16
95,265028,63,265029,57,3.0,3,1,27.0,692.0,28.0,704.0,32.0,4903.0,156.0,157.0,197.0,6237.0,2025,2,5,16
95,265028,63,265029,57,3.0,2,1,27.0,692.0,28.0,704.0,32.0,4903.0,156.0,157.0,197.0,6237.0,2025,2,5,16
95,265028,63,265029,57,3.0,1,0,27.0,692.0,28.0,704.0,32.0,4903.0,156.0,157.0,197.0,6237.0,2025,2,5,16
95,265034,43,265035,214,3.0,3,0,472.0,532.0,540.0,1719.0,6335.0,572.0,2785.0,163.0,4065.0,5156.0,2025,2,5,13
95,265032,23,265033,67,3.0,3,0,1958.0,164.0,1685.0,4833.0,2995.0,272.0,260.0,1050.0,209.0,2989.0,2025,2,5,11
95,265032,23,265033,67,3.0,0,1,1958.0,164.0,1685.0,4833.0,2995.0,272.0,260.0,1050.0,209.0,2989.0,2025,2,5,11
95,265032,23,265033,67,3.0,5,1,1958.0,164.0,1685.0,4833.0,2995.0,272.0,260.0,1050.0,209.0,2989.0,2025,2,5,11
95,265024,112,265025,186,3.0,3,1,2126.0,3121.0,2200.0,315.0,3060.0,656.0,18.0,3072.0,499.0,4011.0,2025,2,5,11
95,265024,112,265025,186,3.0,5,1,2126.0,3121.0,2200.0,315.0,3060.0,656.0,18.0,3072.0,499.0,4011.0,2025,2,5,11
95,264552,57,264553,97,3.0,9,1,4903.0,156.0,157.0,197.0,6237.0,660.0,2954.0,831.0,5664.0,680.0,2025,2,4,19
95,264552,57,264553,97,3.0,4,1,4903.0,156.0,157.0,197.0,6237.0,660.0,2954.0,831.0,5664.0,680.0,2025,2,4,19
95,264548,110,264549,215,3.0,7,0,216.0,4574.0,1507.0,2707.0,998.0,34.0,6030.0,530.0,4042.0,1316.0,2025,2,4,17
95,264548,110,264549,215,3.0,5,0,216.0,4574.0,1507.0,2707.0,998.0,34.0,6030.0,530.0,4042.0,1316.0,2025,2,4,17
95,264550,200,264551,19,3.0,4,1,690.0,2710.0,1871.0,5620.0,1913.0,11.0,3248.0,1757.0,484.0,439.0,2025,2,4,17
95,264550,200,264551,19,3.0,3,0,690.0,2710.0,1871.0,5620.0,1913.0,11.0,3248.0,1757.0,484.0,439.0,2025,2,4,17
95,264550,200,264551,19,3.0,5,1,690.0,2710.0,1871.0,5620.0,1913.0,11.0,3248.0,1757.0,484.0,439.0,2025,2,4,17
95,264546,181,264547,42,3.0,0,1,3020.0,3192.0,4765.0,3526.0,5827.0,472.0,532.0,540.0,1719.0,6335.0,2025,2,4,15
95,264546,181,264547,42,3.0,2,1,3020.0,3192.0,4765.0,3526.0,5827.0,472.0,532.0,540.0,1719.0,6335.0,2025,2,4,15
95,264544,167,264545,67,3.0,2,1,41.0,26.0,1002.0,945.0,2611.0,272.0,260.0,1050.0,209.0,2989.0,2025,2,4,15
95,264544,167,264545,67,3.0,3,1,41.0,26.0,1002.0,945.0,2611.0,272.0,260.0,1050.0,209.0,2989.0,2025,2,4,15
95,264542,63,264543,169,3.0,5,1,27.0,692.0,28.0,704.0,32.0,928.0,3112.0,927.0,3513.0,1586.0,2025,2,4,13
95,264542,63,264543,169,3.0,0,1,27.0,692.0,28.0,704.0,32.0,928.0,3112.0,927.0,3513.0,1586.0,2025,2,4,13
95,264540,166,264541,214,3.0,2,1,656.0,18.0,3072.0,499.0,4011.0,572.0,2785.0,163.0,4065.0,5156.0,2025,2,4,11
95,264540,166,264541,214,3.0,3,1,656.0,18.0,3072.0,499.0,4011.0,572.0,2785.0,163.0,4065.0,5156.0,2025,2,4,11
95,264540,166,264541,214,3.0,0,0,656.0,18.0,3072.0,499.0,4011.0,572.0,2785.0,163.0,4065.0,5156.0,2025,2,4,11
95,264538,112,264539,27,3.0,0,1,2126.0,3121.0,2200.0,315.0,3060.0,1958.0,164.0,1685.0,4833.0,2995.0,2025,2,4,11
95,264538,112,264539,27,3.0,4,1,2126.0,3121.0,2200.0,315.0,3060.0,1958.0,164.0,1685.0,4833.0,2995.0,2025,2,4,11
69,264520,85,264521,19,3.0,5,1,1661.0,2776.0,1451.0,5364.0,3395.0,11.0,3248.0,1757.0,484.0,439.0,2025,2,3,16
69,264520,85,264521,19,3.0,4,1,1661.0,2776.0,1451.0,5364.0,3395.0,11.0,3248.0,1757.0,484.0,439.0,2025,2,3,16
69,264518,16,264519,33,3.0,0,1,11.0,3248.0,1757.0,484.0,439.0,2936.0,1092.0,5420.0,457.0,553.0,2025,2,1,22
69,264518,16,264519,33,3.0,4,0,11.0,3248.0,1757.0,484.0,439.0,2936.0,1092.0,5420.0,457.0,553.0,2025,2,1,22
69,264518,16,264519,33,3.0,5,1,11.0,3248.0,1757.0,484.0,439.0,2936.0,1092.0,5420.0,457.0,553.0,2025,2,1,22
69,264516,115,264517,89,3.0,1,0,4275.0,568.0,4705.0,314.0,1203.0,1661.0,2776.0,1451.0,5364.0,3395.0,2025,2,1,19
69,264512,16,264513,220,3.0,5,1,11.0,3248.0,1757.0,484.0,439.0,1644.0,4379.0,5198.0,5271.0,700.0,2025,2,1,16
69,264512,16,264513,220,3.0,4,0,11.0,3248.0,1757.0,484.0,439.0,1644.0,4379.0,5198.0,5271.0,700.0,2025,2,1,16
69,264514,30,264515,90,3.0,1,0,2936.0,1092.0,5420.0,457.0,553.0,16112.0,5436.0,25889.0,27474.0,7831.0,2025,2,1,16
69,264514,30,264515,90,3.0,5,1,2936.0,1092.0,5420.0,457.0,553.0,16112.0,5436.0,25889.0,27474.0,7831.0,2025,2,1,16
69,264514,30,264515,90,3.0,4,1,2936.0,1092.0,5420.0,457.0,553.0,16112.0,5436.0,25889.0,27474.0,7831.0,2025,2,1,16
69,264510,85,264511,27,3.0,0,0,1661.0,2776.0,1451.0,5364.0,3395.0,1958.0,164.0,1685.0,4833.0,2995.0,2025,2,1,13
69,264510,85,264511,27,3.0,5,1,1661.0,2776.0,1451.0,5364.0,3395.0,1958.0,164.0,1685.0,4833.0,2995.0,2025,2,1,13
69,264510,85,264511,27,3.0,4,1,1661.0,2776.0,1451.0,5364.0,3395.0,1958.0,164.0,1685.0,4833.0,2995.0,2025,2,1,13
69,264508,115,264509,130,3.0,3,1,4275.0,568.0,4705.0,314.0,1203.0,3538.0,6142.0,3344.0,5284.0,16113.0,2025,2,1,13
69,264508,115,264509,130,3.0,1,1,4275.0,568.0,4705.0,314.0,1203.0,3538.0,6142.0,3344.0,5284.0,16113.0,2025,2,1,13
69,264498,115,264499,79,3.0,3,0,4275.0,568.0,4705.0,314.0,1203.0,4421.0,1199.0,3246.0,143.0,6284.0,2025,2,0,22
69,264498,115,264499,79,3.0,4,0,4275.0,568.0,4705.0,314.0,1203.0,4421.0,1199.0,3246.0,143.0,6284.0,2025,2,0,22
69,264496,166,264497,89,3.0,0,1,656.0,18.0,3072.0,499.0,4011.0,1661.0,2776.0,1451.0,5364.0,3395.0,2025,2,0,22
69,264502,23,264503,142,3.0,4,1,1958.0,164.0,1685.0,4833.0,2995.0,994.0,6470.0,4825.0,4600.0,4518.0,2025,2,0,20
69,264502,23,264503,142,3.0,5,0,1958.0,164.0,1685.0,4833.0,2995.0,994.0,6470.0,4825.0,4600.0,4518.0,2025,2,0,20
69,264492,167,264493,33,3.0,0,1,41.0,26.0,1002.0,945.0,2611.0,2936.0,1092.0,5420.0,457.0,553.0,2025,2,0,19
69,264500,160,264501,130,3.0,2,0,7774.0,26198.0,6307.0,25560.0,20794.0,3538.0,6142.0,3344.0,5284.0,16113.0,2025,2,0,19
69,264382,192,264383,89,3.0,1,0,1644.0,4379.0,5198.0,5271.0,700.0,1661.0,2776.0,1451.0,5364.0,3395.0,2025,2,0,16
69,264382,192,264383,89,3.0,4,0,1644.0,4379.0,5198.0,5271.0,700.0,1661.0,2776.0,1451.0,5364.0,3395.0,2025,2,0,16
69,264382,192,264383,89,3.0,5,1,1644.0,4379.0,5198.0,5271.0,700.0,1661.0,2776.0,1451.0,5364.0,3395.0,2025,2,0,16
69,264386,86,264387,79,3.0,1,1,16112.0,5436.0,25889.0,27474.0,7831.0,4421.0,1199.0,3246.0,143.0,6284.0,2025,2,0,16
69,264386,86,264387,79,3.0,5,0,16112.0,5436.0,25889.0,27474.0,7831.0,4421.0,1199.0,3246.0,143.0,6284.0,2025,2,0,16
69,264386,86,264387,79,3.0,4,0,16112.0,5436.0,25889.0,27474.0,7831.0,4421.0,1199.0,3246.0,143.0,6284.0,2025,2,0,16
69,264372,167,264373,178,3.0,5,1,41.0,26.0,1002.0,945.0,2611.0,7774.0,26198.0,6307.0,25560.0,20794.0,2025,2,0,13
69,264372,167,264373,178,3.0,0,0,41.0,26.0,1002.0,945.0,2611.0,7774.0,26198.0,6307.0,25560.0,20794.0,2025,2,0,13
69,264372,167,264373,178,3.0,4,1,41.0,26.0,1002.0,945.0,2611.0,7774.0,26198.0,6307.0,25560.0,20794.0,2025,2,0,13
69,264374,124,264375,33,3.0,7,0,3538.0,6142.0,3344.0,5284.0,16113.0,2936.0,1092.0,5420.0,457.0,553.0,2025,2,0,13
69,264374,124,264375,33,3.0,1,0,3538.0,6142.0,3344.0,5284.0,16113.0,2936.0,1092.0,5420.0,457.0,553.0,2025,2,0,13
69,264374,124,264375,33,3.0,4,1,3538.0,6142.0,3344.0,5284.0,16113.0,2936.0,1092.0,5420.0,457.0,553.0,2025,2,0,13
69,264378,134,264379,19,3.0,3,0,994.0,6470.0,4825.0,4600.0,4518.0,11.0,3248.0,1757.0,484.0,439.0,2025,2,0,13
69,264378,134,264379,19,3.0,4,0,994.0,6470.0,4825.0,4600.0,4518.0,11.0,3248.0,1757.0,484.0,439.0,2025,2,0,13
71,263798,177,263799,196,5.0,5,1,19.0,550.0,146.0,1549.0,1443.0,1003.0,295.0,3397.0,4710.0,965.0,2025,2,6,19
71,263798,177,263799,196,5.0,4,1,19.0,550.0,146.0,1549.0,1443.0,1003.0,295.0,3397.0,4710.0,965.0,2025,2,6,19
71,263798,177,263799,196,5.0,2,1,19.0,550.0,146.0,1549.0,1443.0,1003.0,295.0,3397.0,4710.0,965.0,2025,2,6,19
71,263882,122,263883,196,3.0,4,0,1401.0,169.0,2179.0,1834.0,2934.0,1003.0,295.0,3397.0,4710.0,965.0,2025,2,5,21
71,263882,122,263883,196,3.0,2,0,1401.0,169.0,2179.0,1834.0,2934.0,1003.0,295.0,3397.0,4710.0,965.0,2025,2,5,21
71,263872,177,263873,203,3.0,4,1,19.0,550.0,146.0,1549.0,1443.0,3020.0,3192.0,4765.0,3526.0,5827.0,2025,2,5,17
71,263872,177,263873,203,3.0,5,1,19.0,550.0,146.0,1549.0,1443.0,3020.0,3192.0,4765.0,3526.0,5827.0,2025,2,5,17
71,263870,187,263871,196,3.0,7,0,572.0,2785.0,163.0,178.0,5156.0,1003.0,295.0,3397.0,4710.0,965.0,2025,2,4,21
71,263870,187,263871,196,3.0,0,0,572.0,2785.0,163.0,178.0,5156.0,1003.0,295.0,3397.0,4710.0,965.0,2025,2,4,21
71,263868,181,263869,57,3.0,1,1,3020.0,3192.0,4765.0,3526.0,5827.0,4903.0,156.0,157.0,197.0,6237.0,2025,2,4,17
71,263868,181,263869,57,3.0,4,1,3020.0,3192.0,4765.0,3526.0,5827.0,4903.0,156.0,157.0,197.0,6237.0,2025,2,4,17
71,263796,75,263797,196,3.0,5,0,4421.0,1199.0,3246.0,6284.0,143.0,1003.0,295.0,3397.0,4710.0,965.0,2025,2,1,20
71,263796,75,263797,196,3.0,0,0,4421.0,1199.0,3246.0,6284.0,143.0,1003.0,295.0,3397.0,4710.0,965.0,2025,2,1,20
71,263796,75,263797,196,3.0,1,1,4421.0,1199.0,3246.0,6284.0,143.0,1003.0,295.0,3397.0,4710.0,965.0,2025,2,1,20
71,263790,122,263791,203,3.0,0,1,1401.0,169.0,2179.0,1834.0,2934.0,3020.0,3192.0,4765.0,3526.0,5827.0,2025,2,1,20
71,263790,122,263791,203,3.0,4,1,1401.0,169.0,2179.0,1834.0,2934.0,3020.0,3192.0,4765.0,3526.0,5827.0,2025,2,1,20
71,263592,187,263593,199,3.0,3,0,572.0,2785.0,163.0,4065.0,5156.0,19.0,550.0,146.0,1549.0,1443.0,2025,2,1,18
71,263592,187,263593,199,3.0,1,0,572.0,2785.0,163.0,4065.0,5156.0,19.0,550.0,146.0,1549.0,1443.0,2025,2,1,18
71,263594,63,263595,57,3.0,5,0,27.0,692.0,28.0,704.0,32.0,4903.0,156.0,157.0,197.0,6237.0,2025,2,1,18
71,263594,63,263595,57,3.0,1,0,27.0,692.0,28.0,704.0,32.0,4903.0,156.0,157.0,197.0,6237.0,2025,2,1,18
71,263792,75,263793,19,3.0,4,1,4421.0,1199.0,3246.0,6284.0,143.0,11.0,3248.0,1757.0,484.0,439.0,2025,2,1,15
71,263792,75,263793,19,3.0,5,1,4421.0,1199.0,3246.0,6284.0,143.0,11.0,3248.0,1757.0,484.0,439.0,2025,2,1,15
71,263794,175,263795,189,3.0,2,1,1003.0,295.0,3397.0,4710.0,965.0,78.0,35.0,5774.0,103.0,1548.0,2025,2,1,15
71,263794,175,263795,189,3.0,5,1,1003.0,295.0,3397.0,4710.0,965.0,78.0,35.0,5774.0,103.0,1548.0,2025,2,1,15
71,263596,63,263597,73,3.0,3,0,27.0,692.0,28.0,704.0,32.0,2041.0,416.0,881.0,6.0,3459.0,2025,2,0,21
71,263596,63,263597,73,3.0,5,1,27.0,692.0,28.0,704.0,32.0,2041.0,416.0,881.0,6.0,3459.0,2025,2,0,21
71,263596,63,263597,73,3.0,0,1,27.0,692.0,28.0,704.0,32.0,2041.0,416.0,881.0,6.0,3459.0,2025,2,0,21
71,263598,57,263599,186,3.0,2,1,4903.0,156.0,157.0,197.0,6237.0,656.0,2894.0,3072.0,499.0,4011.0,2025,2,0,21
71,263598,57,263599,186,3.0,3,0,4903.0,156.0,157.0,197.0,6237.0,656.0,2894.0,3072.0,499.0,4011.0,2025,2,0,21
71,263598,57,263599,186,3.0,1,1,4903.0,156.0,157.0,197.0,6237.0,656.0,2894.0,3072.0,499.0,4011.0,2025,2,0,21
71,263606,16,263607,61,3.0,5,1,11.0,3248.0,1757.0,484.0,439.0,625.0,628.0,1.0,204.0,983.0,2025,2,0,18
71,263606,16,263607,61,3.0,2,0,11.0,3248.0,1757.0,484.0,439.0,625.0,628.0,1.0,204.0,983.0,2025,2,0,18
71,263606,16,263607,61,3.0,3,1,11.0,3248.0,1757.0,484.0,439.0,625.0,628.0,1.0,204.0,983.0,2025,2,0,18
71,263604,175,263605,128,3.0,4,0,1003.0,295.0,3397.0,4710.0,965.0,1401.0,169.0,2179.0,1834.0,2934.0,2025,2,0,18
71,263604,175,263605,128,3.0,2,1,1003.0,295.0,3397.0,4710.0,965.0,1401.0,169.0,2179.0,1834.0,2934.0,2025,2,0,18
71,263604,175,263605,128,3.0,5,0,1003.0,295.0,3397.0,4710.0,965.0,1401.0,169.0,2179.0,1834.0,2934.0,2025,2,0,18
71,263600,75,263601,203,3.0,4,0,4421.0,1199.0,3246.0,6284.0,143.0,3020.0,3192.0,4765.0,3526.0,5827.0,2025,2,0,15
71,263600,75,263601,203,3.0,5,0,4421.0,1199.0,3246.0,6284.0,143.0,3020.0,3192.0,4765.0,3526.0,5827.0,2025,2,0,15
71,263602,112,263603,189,3.0,5,0,2126.0,3121.0,26888.0,2200.0,315.0,78.0,35.0,5774.0,103.0,1548.0,2025,2,0,15
71,263602,112,263603,189,3.0,0,0,2126.0,3121.0,26888.0,2200.0,315.0,78.0,35.0,5774.0,103.0,1548.0,2025,2,0,15
71,263588,166,263589,27,3.0,0,1,656.0,2894.0,3072.0,499.0,4011.0,1958.0,164.0,1685.0,2995.0,4833.0,2025,2,6,22
71,263588,166,263589,27,3.0,3,1,656.0,2894.0,3072.0,499.0,4011.0,1958.0,164.0,1685.0,2995.0,4833.0,2025,2,6,22
71,263586,177,263587,63,3.0,5,1,19.0,550.0,146.0,1549.0,1443.0,27.0,692.0,28.0,704.0,32.0,2025,2,6,21
71,263586,177,263587,63,3.0,2,1,19.0,550.0,146.0,1549.0,1443.0,27.0,692.0,28.0,704.0,32.0,2025,2,6,21
71,263586,177,263587,63,3.0,1,0,19.0,550.0,146.0,1549.0,1443.0,27.0,692.0,28.0,704.0,32.0,2025,2,6,21
71,263582,187,263583,57,3.0,7,1,572.0,2785.0,163.0,4065.0,5156.0,4903.0,156.0,157.0,197.0,6237.0,2025,2,6,18
71,263582,187,263583,57,3.0,1,0,572.0,2785.0,163.0,4065.0,5156.0,4903.0,156.0,157.0,197.0,6237.0,2025,2,6,18
71,263582,187,263583,57,3.0,2,1,572.0,2785.0,163.0,4065.0,5156.0,4903.0,156.0,157.0,197.0,6237.0,2025,2,6,18
71,263584,71,263585,188,3.0,0,1,2041.0,416.0,881.0,6.0,3459.0,41.0,26.0,1002.0,945.0,2611.0,2025,2,6,18
71,263584,71,263585,188,3.0,4,1,2041.0,416.0,881.0,6.0,3459.0,41.0,26.0,1002.0,945.0,2611.0,2025,2,6,18
71,263584,71,263585,188,3.0,2,0,2041.0,416.0,881.0,6.0,3459.0,41.0,26.0,1002.0,945.0,2611.0,2025,2,6,18
71,262764,181,262765,189,3.0,0,1,3020.0,3192.0,4765.0,3526.0,5827.0,78.0,35.0,5774.0,103.0,1548.0,2025,2,6,15
71,262764,181,262765,189,3.0,4,1,3020.0,3192.0,4765.0,3526.0,5827.0,78.0,35.0,5774.0,103.0,1548.0,2025,2,6,15
71,262764,181,262765,189,3.0,5,0,3020.0,3192.0,4765.0,3526.0,5827.0,78.0,35.0,5774.0,103.0,1548.0,2025,2,6,15
71,262758,175,262759,19,3.0,5,1,1003.0,295.0,3397.0,4710.0,965.0,11.0,3248.0,1757.0,484.0,439.0,2025,2,6,15
71,262758,175,262759,19,3.0,2,1,1003.0,295.0,3397.0,4710.0,965.0,11.0,3248.0,1757.0,484.0,439.0,2025,2,6,15
71,262760,61,262761,128,3.0,2,0,625.0,628.0,1.0,204.0,983.0,1401.0,169.0,2179.0,1834.0,2934.0,2025,2,5,21
71,262762,112,262763,79,3.0,3,0,2126.0,3121.0,26888.0,2200.0,315.0,4421.0,1199.0,3246.0,6284.0,143.0,2025,2,5,20
71,262754,63,262755,27,3.0,4,0,27.0,692.0,28.0,704.0,32.0,1958.0,164.0,1685.0,2995.0,4833.0,2025,2,5,18
71,262754,63,262755,27,3.0,5,1,27.0,692.0,28.0,704.0,32.0,1958.0,164.0,1685.0,2995.0,4833.0,2025,2,5,18
71,262754,63,262755,27,3.0,0,1,27.0,692.0,28.0,704.0,32.0,1958.0,164.0,1685.0,2995.0,4833.0,2025,2,5,18
71,262750,71,262751,214,3.0,4,0,2041.0,416.0,881.0,6.0,3459.0,572.0,2785.0,163.0,4065.0,5156.0,2025,2,5,18
71,262750,71,262751,214,3.0,3,0,2041.0,416.0,881.0,6.0,3459.0,572.0,2785.0,163.0,4065.0,5156.0,2025,2,5,18
71,262756,177,262757,186,3.0,5,1,19.0,550.0,146.0,1549.0,1443.0,656.0,2894.0,3072.0,499.0,4011.0,2025,2,5,15
71,262756,177,262757,186,3.0,3,1,19.0,550.0,146.0,1549.0,1443.0,656.0,2894.0,3072.0,499.0,4011.0,2025,2,5,15
71,262752,57,262753,188,3.0,3,1,4903.0,156.0,157.0,197.0,6237.0,41.0,26.0,1002.0,945.0,2611.0,2025,2,5,15
71,262752,57,262753,188,3.0,7,1,4903.0,156.0,157.0,197.0,6237.0,41.0,26.0,1002.0,945.0,2611.0,2025,2,5,15
71,263554,200,263555,19,3.0,2,0,690.0,2710.0,1871.0,5620.0,1913.0,11.0,3248.0,1757.0,484.0,439.0,2025,1,4,20
71,263554,200,263555,19,3.0,3,0,690.0,2710.0,1871.0,5620.0,1913.0,11.0,3248.0,1757.0,484.0,439.0,2025,1,4,20
71,263550,188,263551,189,3.0,1,0,34.0,6030.0,530.0,4042.0,1316.0,78.0,35.0,5774.0,103.0,1548.0,2025,1,4,20
71,263550,188,263551,189,3.0,3,0,34.0,6030.0,530.0,4042.0,1316.0,78.0,35.0,5774.0,103.0,1548.0,2025,1,4,20
71,263552,110,263553,214,3.0,0,0,216.0,4574.0,1507.0,2707.0,998.0,572.0,2785.0,163.0,4065.0,5156.0,2025,1,4,18
71,263552,110,263553,214,3.0,1,0,216.0,4574.0,1507.0,2707.0,998.0,572.0,2785.0,163.0,4065.0,5156.0,2025,1,4,18
71,263558,85,263559,27,3.0,5,0,1661.0,2776.0,1451.0,5364.0,3395.0,1958.0,164.0,1685.0,2995.0,4833.0,2025,1,4,18
71,263558,85,263559,27,3.0,0,0,1661.0,2776.0,1451.0,5364.0,3395.0,1958.0,164.0,1685.0,2995.0,4833.0,2025,1,4,18
71,263548,168,263549,42,3.0,3,1,78.0,35.0,5774.0,103.0,1548.0,472.0,532.0,540.0,1719.0,6335.0,2025,1,4,15
71,263548,168,263549,42,3.0,0,1,78.0,35.0,5774.0,103.0,1548.0,472.0,532.0,540.0,1719.0,6335.0,2025,1,4,15
71,263542,188,263543,61,3.0,3,1,34.0,6030.0,530.0,4042.0,1316.0,625.0,628.0,1.0,204.0,983.0,2025,1,4,15
71,263542,188,263543,61,3.0,2,0,34.0,6030.0,530.0,4042.0,1316.0,625.0,628.0,1.0,204.0,983.0,2025,1,4,15
71,263542,188,263543,61,3.0,5,0,34.0,6030.0,530.0,4042.0,1316.0,625.0,628.0,1.0,204.0,983.0,2025,1,4,15
71,263546,85,263547,57,3.0,1,0,1661.0,2776.0,1451.0,5364.0,3395.0,4903.0,156.0,157.0,197.0,6237.0,2025,1,3,21
71,263546,85,263547,57,3.0,5,0,1661.0,2776.0,1451.0,5364.0,3395.0,4903.0,156.0,157.0,197.0,6237.0,2025,1,3,21
71,263544,23,263545,97,3.0,0,1,1958.0,164.0,1685.0,2995.0,4833.0,660.0,2954.0,249.0,5664.0,680.0,2025,1,3,20
71,263544,23,263545,97,3.0,3,1,1958.0,164.0,1685.0,2995.0,4833.0,660.0,2954.0,249.0,5664.0,680.0,2025,1,3,20
71,263538,166,263539,116,3.0,5,1,656.0,2894.0,3072.0,499.0,4011.0,216.0,4574.0,1507.0,2707.0,998.0,2025,1,3,18
71,263538,166,263539,116,3.0,3,1,656.0,2894.0,3072.0,499.0,4011.0,216.0,4574.0,1507.0,2707.0,998.0,2025,1,3,18
71,263540,67,263541,19,3.0,7,1,272.0,260.0,1050.0,209.0,2989.0,11.0,3248.0,1757.0,484.0,439.0,2025,1,3,18
71,263540,67,263541,19,3.0,0,0,272.0,260.0,1050.0,209.0,2989.0,11.0,3248.0,1757.0,484.0,439.0,2025,1,3,18
71,263540,67,263541,19,3.0,3,0,272.0,260.0,1050.0,209.0,2989.0,11.0,3248.0,1757.0,484.0,439.0,2025,1,3,18
71,263534,200,263535,79,3.0,4,0,690.0,2710.0,1871.0,5620.0,1913.0,4421.0,1199.0,3246.0,6284.0,143.0,2025,1,3,15
71,263534,200,263535,79,3.0,3,0,690.0,2710.0,1871.0,5620.0,1913.0,4421.0,1199.0,3246.0,6284.0,143.0,2025,1,3,15
71,263536,187,263537,169,3.0,3,1,572.0,2785.0,163.0,4065.0,5156.0,928.0,1586.0,3112.0,927.0,3513.0,2025,1,3,15
71,263536,187,263537,169,3.0,2,1,572.0,2785.0,163.0,4065.0,5156.0,928.0,1586.0,3112.0,927.0,3513.0,2025,1,3,15
71,262734,168,262735,89,3.0,1,1,78.0,35.0,5774.0,103.0,1548.0,1661.0,2776.0,1451.0,5364.0,3395.0,2025,1,2,20
71,262734,168,262735,89,3.0,5,0,78.0,35.0,5774.0,103.0,1548.0,1661.0,2776.0,1451.0,5364.0,3395.0,2025,1,2,20
71,262734,168,262735,89,3.0,2,0,78.0,35.0,5774.0,103.0,1548.0,1661.0,2776.0,1451.0,5364.0,3395.0,2025,1,2,20
71,262736,43,262737,57,3.0,7,0,472.0,532.0,540.0,1719.0,6335.0,4903.0,156.0,157.0,197.0,6237.0,2025,1,2,20
71,262748,91,262749,61,3.0,2,0,660.0,2954.0,249.0,5664.0,680.0,625.0,628.0,1.0,204.0,983.0,2025,1,2,18
71,262748,91,262749,61,3.0,4,0,660.0,2954.0,249.0,5664.0,680.0,625.0,628.0,1.0,204.0,983.0,2025,1,2,18
71,262746,188,262747,27,3.0,0,1,34.0,6030.0,530.0,4042.0,1316.0,1958.0,164.0,1685.0,2995.0,4833.0,2025,1,2,17
71,262746,188,262747,27,3.0,3,1,34.0,6030.0,530.0,4042.0,1316.0,1958.0,164.0,1685.0,2995.0,4833.0,2025,1,2,17
71,262740,16,262741,116,3.0,4,0,11.0,3248.0,1757.0,484.0,439.0,216.0,4574.0,1507.0,2707.0,998.0,2025,1,2,15
71,262740,16,262741,116,3.0,0,0,11.0,3248.0,1757.0,484.0,439.0,216.0,4574.0,1507.0,2707.0,998.0,2025,1,2,15
71,262744,153,262745,79,3.0,5,0,928.0,1586.0,3112.0,927.0,3513.0,4421.0,1199.0,3246.0,6284.0,143.0,2025,1,2,15
71,262742,200,262743,214,3.0,2,1,690.0,2710.0,1871.0,5620.0,1913.0,572.0,2785.0,163.0,4065.0,5156.0,2025,1,2,12
71,262742,200,262743,214,3.0,4,1,690.0,2710.0,1871.0,5620.0,1913.0,572.0,2785.0,163.0,4065.0,5156.0,2025,1,2,12
71,262738,166,262739,67,3.0,3,1,656.0,2894.0,3072.0,499.0,4011.0,272.0,260.0,1050.0,209.0,2989.0,2025,1,2,12
71,262738,166,262739,67,3.0,7,1,656.0,2894.0,3072.0,499.0,4011.0,272.0,260.0,1050.0,209.0,2989.0,2025,1,2,12
20,264284,137,264285,19,3.0,3,1,264.0,2988.0,266.0,1436.0,7528.0,11.0,3248.0,1757.0,484.0,439.0,2025,2,6,19
20,264284,137,264285,19,3.0,2,0,264.0,2988.0,266.0,1436.0,7528.0,11.0,3248.0,1757.0,484.0,439.0,2025,2,6,19
20,264284,137,264285,19,3.0,0,0,264.0,2988.0,266.0,1436.0,7528.0,11.0,3248.0,1757.0,484.0,439.0,2025,2,6,19
20,264282,3,264283,19,3.0,0,0,691.0,200.0,476.0,1098.0,1487.0,11.0,3248.0,1757.0,484.0,439.0,2025,2,6,16
20,264282,3,264283,19,3.0,5,0,691.0,200.0,476.0,1098.0,1487.0,11.0,3248.0,1757.0,484.0,439.0,2025,2,6,16
20,264274,137,264275,89,3.0,2,1,264.0,2988.0,266.0,1436.0,7528.0,1661.0,2776.0,1451.0,5364.0,3395.0,2025,2,6,13
20,264274,137,264275,89,3.0,1,1,264.0,2988.0,266.0,1436.0,7528.0,1661.0,2776.0,1451.0,5364.0,3395.0,2025,2,6,13
21,263950,50,263951,5,3.0,2,0,15.0,607.0,5630.0,8252.0,4010.0,436.0,1575.0,483.0,3904.0,3241.0,2025,2,4,16
21,263950,50,263951,5,3.0,5,0,15.0,607.0,5630.0,8252.0,4010.0,436.0,1575.0,483.0,3904.0,3241.0,2025,2,4,16
21,263950,50,263951,5,3.0,1,1,15.0,607.0,5630.0,8252.0,4010.0,436.0,1575.0,483.0,3904.0,3241.0,2025,2,4,16
21,263944,140,263945,33,3.0,0,1,7082.0,8305.0,8304.0,5298.0,1404.0,2936.0,1092.0,5420.0,457.0,553.0,2025,2,4,14
21,263944,140,263945,33,3.0,4,0,7082.0,8305.0,8304.0,5298.0,1404.0,2936.0,1092.0,5420.0,457.0,553.0,2025,2,4,14
21,263944,140,263945,33,3.0,1,1,7082.0,8305.0,8304.0,5298.0,1404.0,2936.0,1092.0,5420.0,457.0,553.0,2025,2,4,14
21,263956,18,263957,145,3.0,3,0,5502.0,25509.0,2799.0,3490.0,7286.0,264.0,2988.0,266.0,1436.0,7528.0,2025,2,4,13
21,263956,18,263957,145,3.0,2,0,5502.0,25509.0,2799.0,3490.0,7286.0,264.0,2988.0,266.0,1436.0,7528.0,2025,2,4,13
21,263956,18,263957,145,3.0,4,1,5502.0,25509.0,2799.0,3490.0,7286.0,264.0,2988.0,266.0,1436.0,7528.0,2025,2,4,13
21,263958,3,263959,169,3.0,1,1,476.0,1098.0,1487.0,200.0,691.0,928.0,3112.0,927.0,3513.0,1586.0,2025,2,3,13
21,263958,3,263959,169,3.0,5,0,476.0,1098.0,1487.0,200.0,691.0,928.0,3112.0,927.0,3513.0,1586.0,2025,2,3,13
21,263958,3,263959,169,3.0,0,1,476.0,1098.0,1487.0,200.0,691.0,928.0,3112.0,927.0,3513.0,1586.0,2025,2,3,13
21,263952,4,263953,48,3.0,1,1,436.0,1575.0,483.0,3904.0,3241.0,2852.0,2837.0,2838.0,1674.0,4431.0,2025,2,3,13
21,263952,4,263953,48,3.0,5,1,436.0,1575.0,483.0,3904.0,3241.0,2852.0,2837.0,2838.0,1674.0,4431.0,2025,2,3,13
21,263942,30,263943,135,3.0,4,1,2936.0,1092.0,5420.0,457.0,553.0,3396.0,3517.0,3110.0,709.0,150.0,2025,2,3,13
21,263942,30,263943,135,3.0,5,0,2936.0,1092.0,5420.0,457.0,553.0,3396.0,3517.0,3110.0,709.0,150.0,2025,2,3,13
21,263942,30,263943,135,3.0,0,1,2936.0,1092.0,5420.0,457.0,553.0,3396.0,3517.0,3110.0,709.0,150.0,2025,2,3,13
21,263954,137,263955,130,3.0,4,0,264.0,2988.0,266.0,1436.0,7528.0,3538.0,6142.0,3344.0,5284.0,16113.0,2025,2,3,13
21,263954,137,263955,130,3.0,3,1,264.0,2988.0,266.0,1436.0,7528.0,3538.0,6142.0,3344.0,5284.0,16113.0,2025,2,3,13
21,263954,137,263955,130,3.0,1,1,264.0,2988.0,266.0,1436.0,7528.0,3538.0,6142.0,3344.0,5284.0,16113.0,2025,2,3,13
21,263922,115,263923,149,3.0,4,0,4275.0,568.0,4705.0,314.0,1203.0,7082.0,8305.0,8304.0,5298.0,1404.0,2025,2,2,13
21,263922,115,263923,149,3.0,1,0,4275.0,568.0,4705.0,314.0,1203.0,7082.0,8305.0,8304.0,5298.0,1404.0,2025,2,2,13
21,263918,47,263919,50,3.0,4,0,2852.0,2837.0,2838.0,1674.0,4431.0,15.0,607.0,5630.0,8252.0,4010.0,2025,2,2,13
21,263918,47,263919,50,3.0,5,0,2852.0,2837.0,2838.0,1674.0,4431.0,15.0,607.0,5630.0,8252.0,4010.0,2025,2,2,13
21,263926,124,263927,22,3.0,0,0,3538.0,6142.0,3344.0,5284.0,16113.0,5502.0,25509.0,2799.0,3490.0,7286.0,2025,2,2,13
21,263926,124,263927,22,3.0,2,0,3538.0,6142.0,3344.0,5284.0,16113.0,5502.0,25509.0,2799.0,3490.0,7286.0,2025,2,2,13
21,263926,124,263927,22,3.0,4,1,3538.0,6142.0,3344.0,5284.0,16113.0,5502.0,25509.0,2799.0,3490.0,7286.0,2025,2,2,13
21,263916,126,263917,5,3.0,5,0,1831.0,1833.0,1832.0,4554.0,2991.0,436.0,1575.0,483.0,3904.0,3241.0,2025,2,2,13
21,263916,126,263917,5,3.0,3,1,1831.0,1833.0,1832.0,4554.0,2991.0,436.0,1575.0,483.0,3904.0,3241.0,2025,2,2,13
21,263916,126,263917,5,3.0,0,0,1831.0,1833.0,1832.0,4554.0,2991.0,436.0,1575.0,483.0,3904.0,3241.0,2025,2,2,13
21,263920,30,263921,135,3.0,7,1,2936.0,1092.0,5420.0,457.0,553.0,3396.0,3517.0,3110.0,709.0,150.0,2025,2,2,13
21,263920,30,263921,135,3.0,0,1,2936.0,1092.0,5420.0,457.0,553.0,3396.0,3517.0,3110.0,709.0,150.0,2025,2,2,13
3,263272,57,263273,196,5.0,1,1,4903.0,156.0,157.0,197.0,6237.0,1003.0,295.0,3397.0,4710.0,965.0,2025,1,6,18
3,263272,57,263273,196,5.0,2,0,4903.0,156.0,157.0,197.0,6237.0,1003.0,295.0,3397.0,4710.0,965.0,2025,1,6,18
3,263272,57,263273,196,5.0,5,0,4903.0,156.0,157.0,197.0,6237.0,1003.0,295.0,3397.0,4710.0,965.0,2025,1,6,18
3,263272,57,263273,196,5.0,4,0,4903.0,156.0,157.0,197.0,6237.0,1003.0,295.0,3397.0,4710.0,965.0,2025,1,6,18
3,263270,122,263271,196,3.0,2,0,1401.0,169.0,2179.0,1834.0,2934.0,1003.0,295.0,3397.0,4710.0,965.0,2025,1,5,22
3,263270,122,263271,196,3.0,0,0,1401.0,169.0,2179.0,1834.0,2934.0,1003.0,295.0,3397.0,4710.0,965.0,2025,1,5,22
3,263268,71,263269,57,3.0,2,1,2041.0,416.0,881.0,6.0,3459.0,4903.0,156.0,157.0,197.0,6237.0,2025,1,5,18
3,263268,71,263269,57,3.0,5,0,2041.0,416.0,881.0,6.0,3459.0,4903.0,156.0,157.0,197.0,6237.0,2025,1,5,18
3,263268,71,263269,57,3.0,1,0,2041.0,416.0,881.0,6.0,3459.0,4903.0,156.0,157.0,197.0,6237.0,2025,1,5,18
3,262938,122,262939,227,3.0,2,1,1401.0,169.0,2179.0,1834.0,2934.0,690.0,2710.0,1871.0,5620.0,1913.0,2025,1,4,21
3,262938,122,262939,227,3.0,5,0,1401.0,169.0,2179.0,1834.0,2934.0,690.0,2710.0,1871.0,5620.0,1913.0,2025,1,4,21
3,262940,177,262941,57,3.0,4,0,19.0,550.0,1549.0,1443.0,146.0,4903.0,156.0,157.0,197.0,6237.0,2025,1,4,18
3,262940,177,262941,57,3.0,1,0,19.0,550.0,1549.0,1443.0,146.0,4903.0,156.0,157.0,197.0,6237.0,2025,1,4,18
3,262936,71,262937,33,3.0,2,1,2041.0,416.0,881.0,6.0,3459.0,2163.0,2936.0,5420.0,966.0,553.0,2025,1,3,21
3,262936,71,262937,33,3.0,1,1,2041.0,416.0,881.0,6.0,3459.0,2163.0,2936.0,5420.0,966.0,553.0,2025,1,3,21
3,262942,175,262943,89,3.0,5,1,1003.0,295.0,3397.0,4710.0,965.0,1661.0,2776.0,1451.0,5364.0,982.0,2025,1,3,18
3,262942,175,262943,89,3.0,1,1,1003.0,295.0,3397.0,4710.0,965.0,1661.0,2776.0,1451.0,5364.0,982.0,2025,1,3,18
4,262766,71,262767,27,3.0,2,1,2041.0,416.0,881.0,6.0,3459.0,1958.0,164.0,1685.0,4833.0,2995.0,2025,1,6,22
4,262766,71,262767,27,3.0,4,1,2041.0,416.0,881.0,6.0,3459.0,1958.0,164.0,1685.0,4833.0,2995.0,2025,1,6,22
4,262766,71,262767,27,3.0,0,0,2041.0,416.0,881.0,6.0,3459.0,1958.0,164.0,1685.0,4833.0,2995.0,2025,1,6,22
4,262770,177,262771,214,3.0,7,1,19.0,550.0,1549.0,1443.0,146.0,572.0,2785.0,163.0,4065.0,5156.0,2025,1,6,20
4,262770,177,262771,214,3.0,3,1,19.0,550.0,1549.0,1443.0,146.0,572.0,2785.0,163.0,4065.0,5156.0,2025,1,6,20
4,262774,30,262775,61,3.0,2,0,2936.0,1092.0,5420.0,457.0,553.0,625.0,628.0,1.0,204.0,983.0,2025,1,6,16
4,262774,30,262775,61,3.0,1,1,2936.0,1092.0,5420.0,457.0,553.0,625.0,628.0,1.0,204.0,983.0,2025,1,6,16
4,262774,30,262775,61,3.0,4,1,2936.0,1092.0,5420.0,457.0,553.0,625.0,628.0,1.0,204.0,983.0,2025,1,6,16
4,262776,167,262777,57,3.0,3,0,41.0,26.0,1002.0,945.0,2611.0,4903.0,156.0,157.0,197.0,6237.0,2025,1,6,14
4,262776,167,262777,57,3.0,5,0,41.0,26.0,1002.0,945.0,2611.0,4903.0,156.0,157.0,197.0,6237.0,2025,1,6,14
4,262768,122,262769,19,3.0,0,1,1401.0,169.0,2179.0,1834.0,2934.0,11.0,3248.0,1757.0,484.0,439.0,2025,1,5,21
4,262768,122,262769,19,3.0,3,1,1401.0,169.0,2179.0,1834.0,2934.0,11.0,3248.0,1757.0,484.0,439.0,2025,1,5,21
4,262772,175,262773,67,3.0,2,1,1003.0,295.0,3397.0,4710.0,965.0,272.0,260.0,1050.0,209.0,2989.0,2025,1,5,20
4,262772,175,262773,67,3.0,1,1,1003.0,295.0,3397.0,4710.0,965.0,272.0,260.0,1050.0,209.0,2989.0,2025,1,5,20
4,262778,63,262779,227,3.0,2,0,27.0,692.0,28.0,704.0,32.0,690.0,2710.0,1871.0,5620.0,1913.0,2025,1,5,17
4,262780,168,262781,89,3.0,4,1,78.0,35.0,5774.0,103.0,1548.0,1661.0,2776.0,1451.0,5364.0,3395.0,2025,1,5,14
4,262780,168,262781,89,3.0,1,0,78.0,35.0,5774.0,103.0,1548.0,1661.0,2776.0,1451.0,5364.0,3395.0,2025,1,5,14
4,262780,168,262781,89,3.0,0,0,78.0,35.0,5774.0,103.0,1548.0,1661.0,2776.0,1451.0,5364.0,3395.0,2025,1,5,14
4,261910,71,261911,22,3.0,2,1,2041.0,416.0,881.0,6.0,3459.0,5502.0,25509.0,2799.0,3490.0,7286.0,2025,1,5,1
4,261910,71,261911,22,3.0,0,0,2041.0,416.0,881.0,6.0,3459.0,5502.0,25509.0,2799.0,3490.0,7286.0,2025,1,5,1
4,261910,71,261911,22,3.0,3,1,2041.0,416.0,881.0,6.0,3459.0,5502.0,25509.0,2799.0,3490.0,7286.0,2025,1,5,1
4,261918,112,261919,33,3.0,2,1,2126.0,3121.0,2726.0,2200.0,315.0,2936.0,1092.0,5420.0,457.0,553.0,2025,1,4,20
4,261918,112,261919,33,3.0,5,0,2126.0,3121.0,2726.0,2200.0,315.0,2936.0,1092.0,5420.0,457.0,553.0,2025,1,4,20
4,261918,112,261919,33,3.0,4,0,2126.0,3121.0,2726.0,2200.0,315.0,2936.0,1092.0,5420.0,457.0,553.0,2025,1,4,20
4,261926,61,261927,130,3.0,3,1,625.0,628.0,1.0,204.0,983.0,3538.0,6142.0,3344.0,5284.0,16113.0,2025,1,4,17
4,261926,61,261927,130,3.0,4,0,625.0,628.0,1.0,204.0,983.0,3538.0,6142.0,3344.0,5284.0,16113.0,2025,1,4,17
4,261926,61,261927,130,3.0,1,1,625.0,628.0,1.0,204.0,983.0,3538.0,6142.0,3344.0,5284.0,16113.0,2025,1,4,17
4,261934,200,261935,79,3.0,3,0,690.0,1913.0,2710.0,1871.0,5620.0,6284.0,4421.0,1199.0,3246.0,143.0,2025,1,4,14
4,261934,200,261935,79,3.0,5,1,690.0,1913.0,2710.0,1871.0,5620.0,6284.0,4421.0,1199.0,3246.0,143.0,2025,1,4,14
4,261912,122,261913,97,3.0,0,1,1401.0,169.0,2179.0,1834.0,2934.0,660.0,2954.0,831.0,5664.0,680.0,2025,1,3,21
4,261920,63,261921,115,3.0,2,1,27.0,692.0,28.0,704.0,32.0,845.0,507.0,1687.0,2810.0,2113.0,2025,1,3,18
4,261920,63,261921,115,3.0,0,1,27.0,692.0,28.0,704.0,32.0,845.0,507.0,1687.0,2810.0,2113.0,2025,1,3,18
4,261920,63,261921,115,3.0,3,0,27.0,692.0,28.0,704.0,32.0,845.0,507.0,1687.0,2810.0,2113.0,2025,1,3,18
4,261928,57,261929,66,3.0,4,1,4903.0,156.0,157.0,197.0,6237.0,7338.0,626.0,4516.0,3445.0,1518.0,2025,1,3,16
4,261928,57,261929,66,3.0,2,1,4903.0,156.0,157.0,197.0,6237.0,7338.0,626.0,4516.0,3445.0,1518.0,2025,1,3,16
4,261936,43,261937,214,3.0,2,0,472.0,532.0,540.0,1719.0,6335.0,572.0,2785.0,163.0,4065.0,5156.0,2025,1,3,14
4,261936,43,261937,214,3.0,7,0,472.0,532.0,540.0,1719.0,6335.0,572.0,2785.0,163.0,4065.0,5156.0,2025,1,3,14
4,261914,177,261915,122,3.0,4,1,19.0,550.0,1549.0,1443.0,146.0,4275.0,568.0,4705.0,314.0,1203.0,2025,1,2,21
4,261914,177,261915,122,3.0,2,1,19.0,550.0,1549.0,1443.0,146.0,4275.0,568.0,4705.0,314.0,1203.0,2025,1,2,21
4,261922,167,261923,50,3.0,7,1,41.0,26.0,1002.0,945.0,2611.0,15.0,607.0,5630.0,8252.0,4010.0,2025,1,2,18
4,261922,167,261923,50,3.0,2,1,41.0,26.0,1002.0,945.0,2611.0,15.0,607.0,5630.0,8252.0,4010.0,2025,1,2,18
4,261930,153,261931,27,3.0,0,0,928.0,1586.0,3112.0,927.0,3513.0,1958.0,164.0,1685.0,4833.0,2995.0,2025,1,2,16
4,261938,16,261939,215,3.0,3,1,11.0,3248.0,1757.0,484.0,439.0,34.0,6030.0,530.0,4042.0,1316.0,2025,1,2,14
4,261916,175,261917,68,3.0,5,1,1003.0,295.0,3397.0,4710.0,965.0,65.0,4048.0,495.0,5309.0,1891.0,2025,1,1,22
4,261916,175,261917,68,3.0,7,1,1003.0,295.0,3397.0,4710.0,965.0,65.0,4048.0,495.0,5309.0,1891.0,2025,1,1,22
4,261924,168,261925,6,3.0,0,1,78.0,35.0,5774.0,103.0,1548.0,3289.0,1962.0,4543.0,20989.0,961.0,2025,1,1,19
4,261924,168,261925,6,3.0,5,1,78.0,35.0,5774.0,103.0,1548.0,3289.0,1962.0,4543.0,20989.0,961.0,2025,1,1,19
4,261932,166,261933,89,3.0,0,0,656.0,2894.0,3072.0,499.0,4011.0,1661.0,2776.0,1451.0,5364.0,3395.0,2025,1,1,16
4,261932,166,261933,89,3.0,2,1,656.0,2894.0,3072.0,499.0,4011.0,1661.0,2776.0,1451.0,5364.0,3395.0,2025,1,1,16
4,261932,166,261933,89,3.0,1,0,656.0,2894.0,3072.0,499.0,4011.0,1661.0,2776.0,1451.0,5364.0,3395.0,2025,1,1,16
4,261940,67,261941,116,3.0,5,1,272.0,260.0,1050.0,209.0,2989.0,216.0,4574.0,1507.0,2707.0,998.0,2025,1,1,14
4,261940,67,261941,116,3.0,1,1,272.0,260.0,1050.0,209.0,2989.0,216.0,4574.0,1507.0,2707.0,998.0,2025,1,1,14
99,260396,175,260397,63,3.0,0,0,1003.0,295.0,3397.0,4710.0,965.0,27.0,692.0,28.0,146.0,704.0,2024,12,6,12
99,260396,175,260397,63,3.0,5,1,1003.0,295.0,3397.0,4710.0,965.0,27.0,692.0,28.0,146.0,704.0,2024,12,6,12
99,260396,175,260397,63,3.0,2,1,1003.0,295.0,3397.0,4710.0,965.0,27.0,692.0,28.0,146.0,704.0,2024,12,6,12
99,260394,71,260395,63,3.0,0,0,26.0,2041.0,416.0,881.0,6.0,27.0,692.0,28.0,146.0,704.0,2024,12,5,13
99,260394,71,260395,63,3.0,5,0,26.0,2041.0,416.0,881.0,6.0,27.0,692.0,28.0,146.0,704.0,2024,12,5,13
99,260392,112,260393,196,3.0,4,0,2126.0,3121.0,2726.0,2200.0,315.0,1003.0,295.0,3397.0,4710.0,965.0,2024,12,5,9
99,260392,112,260393,196,3.0,5,1,2126.0,3121.0,2726.0,2200.0,315.0,1003.0,295.0,3397.0,4710.0,965.0,2024,12,5,9
99,260392,112,260393,196,3.0,0,0,2126.0,3121.0,2726.0,2200.0,315.0,1003.0,295.0,3397.0,4710.0,965.0,2024,12,5,9
99,260390,177,260391,63,3.0,4,0,19.0,550.0,3060.0,1549.0,1443.0,27.0,692.0,28.0,146.0,704.0,2024,12,4,13
99,260390,177,260391,63,3.0,1,0,19.0,550.0,3060.0,1549.0,1443.0,27.0,692.0,28.0,146.0,704.0,2024,12,4,13
99,260390,177,260391,63,3.0,5,1,19.0,550.0,3060.0,1549.0,1443.0,27.0,692.0,28.0,146.0,704.0,2024,12,4,13
99,260388,71,260389,89,3.0,5,1,26.0,2041.0,416.0,881.0,6.0,945.0,709.0,1548.0,2611.0,1002.0,2024,12,4,9
99,260388,71,260389,89,3.0,0,0,26.0,2041.0,416.0,881.0,6.0,945.0,709.0,1548.0,2611.0,1002.0,2024,12,4,9
99,260388,71,260389,89,3.0,4,1,26.0,2041.0,416.0,881.0,6.0,945.0,709.0,1548.0,2611.0,1002.0,2024,12,4,9
99,260386,175,260387,189,3.0,2,1,1003.0,295.0,3397.0,4710.0,965.0,78.0,564.0,35.0,5774.0,103.0,2024,12,3,12
99,260386,175,260387,189,3.0,1,1,1003.0,295.0,3397.0,4710.0,965.0,78.0,564.0,35.0,5774.0,103.0,2024,12,3,12
99,260384,181,260385,118,3.0,5,0,3020.0,3192.0,4765.0,3526.0,5827.0,2126.0,3121.0,2726.0,2200.0,315.0,2024,12,3,9
99,260384,181,260385,118,3.0,0,0,3020.0,3192.0,4765.0,3526.0,5827.0,2126.0,3121.0,2726.0,2200.0,315.0,2024,12,3,9
99,260340,63,260341,61,3.0,3,0,27.0,692.0,28.0,146.0,704.0,625.0,628.0,1.0,204.0,983.0,2024,12,6,12
99,260340,63,260341,61,3.0,2,1,27.0,692.0,28.0,146.0,704.0,625.0,628.0,1.0,204.0,983.0,2024,12,6,12
99,260340,63,260341,61,3.0,4,1,27.0,692.0,28.0,146.0,704.0,625.0,628.0,1.0,204.0,983.0,2024,12,6,12
99,260336,85,260337,128,3.0,5,0,945.0,709.0,1548.0,2611.0,1002.0,1401.0,169.0,2179.0,1834.0,2934.0,2024,12,6,9
99,260336,85,260337,128,3.0,0,1,945.0,709.0,1548.0,2611.0,1002.0,1401.0,169.0,2179.0,1834.0,2934.0,2024,12,6,9
99,260336,85,260337,128,3.0,4,1,945.0,709.0,1548.0,2611.0,1002.0,1401.0,169.0,2179.0,1834.0,2934.0,2024,12,6,9
99,260334,110,260335,118,3.0,4,0,216.0,4574.0,1507.0,2707.0,998.0,2126.0,3121.0,2726.0,2200.0,315.0,2024,12,6,6
99,260334,110,260335,118,3.0,5,0,216.0,4574.0,1507.0,2707.0,998.0,2126.0,3121.0,2726.0,2200.0,315.0,2024,12,6,6
99,260314,175,260315,89,3.0,0,1,1003.0,295.0,3397.0,4710.0,965.0,945.0,709.0,1548.0,2611.0,1002.0,2024,12,5,12
99,260314,175,260315,89,3.0,2,1,1003.0,295.0,3397.0,4710.0,965.0,945.0,709.0,1548.0,2611.0,1002.0,2024,12,5,12
99,260314,175,260315,89,3.0,4,0,1003.0,295.0,3397.0,4710.0,965.0,945.0,709.0,1548.0,2611.0,1002.0,2024,12,5,12
99,260324,61,260325,227,3.0,4,1,625.0,628.0,1.0,204.0,983.0,690.0,3746.0,2710.0,1871.0,5620.0,2024,12,5,12
99,260324,61,260325,227,3.0,3,1,625.0,628.0,1.0,204.0,983.0,690.0,3746.0,2710.0,1871.0,5620.0,2024,12,5,12
99,260324,61,260325,227,3.0,8,0,625.0,628.0,1.0,204.0,983.0,690.0,3746.0,2710.0,1871.0,5620.0,2024,12,5,12
99,260322,122,260323,79,3.0,4,1,1401.0,169.0,2179.0,1834.0,2934.0,2805.0,4421.0,4065.0,1199.0,3246.0,2024,12,5,9
99,260322,122,260323,79,3.0,5,1,1401.0,169.0,2179.0,1834.0,2934.0,2805.0,4421.0,4065.0,1199.0,3246.0,2024,12,5,9
99,260316,110,260317,189,3.0,4,0,216.0,4574.0,1507.0,2707.0,998.0,78.0,564.0,35.0,5774.0,103.0,2024,12,5,9
99,260316,110,260317,189,3.0,5,1,216.0,4574.0,1507.0,2707.0,998.0,78.0,564.0,35.0,5774.0,103.0,2024,12,5,9
99,260316,110,260317,189,3.0,1,0,216.0,4574.0,1507.0,2707.0,998.0,78.0,564.0,35.0,5774.0,103.0,2024,12,5,9
99,260320,112,260321,186,3.0,5,1,2126.0,3121.0,2726.0,2200.0,315.0,656.0,2894.0,3072.0,499.0,4011.0,2024,12,5,6
99,260320,112,260321,186,3.0,2,1,2126.0,3121.0,2726.0,2200.0,315.0,656.0,2894.0,3072.0,499.0,4011.0,2024,12,5,6
99,260318,71,260319,63,3.0,4,1,26.0,2041.0,416.0,881.0,6.0,27.0,692.0,28.0,146.0,704.0,2024,12,5,6
99,260318,71,260319,63,3.0,3,1,26.0,2041.0,416.0,881.0,6.0,27.0,692.0,28.0,146.0,704.0,2024,12,5,6
99,260292,181,260293,89,3.0,4,0,3020.0,3192.0,4765.0,3526.0,5827.0,945.0,709.0,1548.0,2611.0,1002.0,2024,12,4,11
99,260292,181,260293,89,3.0,1,1,3020.0,3192.0,4765.0,3526.0,5827.0,945.0,709.0,1548.0,2611.0,1002.0,2024,12,4,11
99,260294,23,260295,227,3.0,8,0,1958.0,164.0,1685.0,465.0,1004.0,690.0,3746.0,2710.0,1871.0,5620.0,2024,12,4,11
99,260294,23,260295,227,3.0,4,0,1958.0,164.0,1685.0,465.0,1004.0,690.0,3746.0,2710.0,1871.0,5620.0,2024,12,4,11
99,260294,23,260295,227,3.0,2,1,1958.0,164.0,1685.0,465.0,1004.0,690.0,3746.0,2710.0,1871.0,5620.0,2024,12,4,11
99,260290,177,260291,116,3.0,1,1,19.0,550.0,3060.0,1549.0,1443.0,216.0,4574.0,1507.0,2707.0,998.0,2024,12,4,8
99,260290,177,260291,116,3.0,4,1,19.0,550.0,3060.0,1549.0,1443.0,216.0,4574.0,1507.0,2707.0,998.0,2024,12,4,8
99,260288,75,260289,215,3.0,2,0,2805.0,4421.0,4065.0,1199.0,3246.0,34.0,6030.0,530.0,4042.0,1316.0,2024,12,4,8
99,260288,75,260289,215,3.0,1,1,2805.0,4421.0,4065.0,1199.0,3246.0,34.0,6030.0,530.0,4042.0,1316.0,2024,12,4,8
99,260288,75,260289,215,3.0,0,1,2805.0,4421.0,4065.0,1199.0,3246.0,34.0,6030.0,530.0,4042.0,1316.0,2024,12,4,8
99,260284,71,260285,186,1.0,0,1,26.0,2041.0,416.0,881.0,6.0,656.0,2894.0,3072.0,499.0,4011.0,2024,12,4,7
99,260286,112,260287,63,1.0,3,0,2126.0,3121.0,2726.0,2200.0,315.0,27.0,692.0,28.0,146.0,704.0,2024,12,4,7
99,260282,61,260283,189,1.0,3,0,625.0,628.0,1.0,204.0,983.0,78.0,564.0,35.0,5774.0,103.0,2024,12,4,6
99,260280,122,260281,196,1.0,4,0,1401.0,169.0,2179.0,1834.0,2934.0,1003.0,295.0,3397.0,4710.0,965.0,2024,12,4,6
99,260276,63,260277,89,1.0,0,0,27.0,692.0,28.0,146.0,704.0,945.0,709.0,1548.0,2611.0,1002.0,2024,12,3,14
99,260278,166,260279,227,1.0,2,1,656.0,2894.0,3072.0,499.0,4011.0,690.0,3746.0,2710.0,1871.0,5620.0,2024,12,3,14
99,260274,71,260275,27,1.0,4,1,26.0,2041.0,416.0,881.0,6.0,1958.0,164.0,1685.0,465.0,1004.0,2024,12,3,13
99,260272,122,260273,116,1.0,3,0,1401.0,169.0,2179.0,1834.0,2934.0,216.0,4574.0,1507.0,2707.0,998.0,2024,12,3,13
99,260268,175,260269,215,1.0,0,1,1003.0,295.0,3397.0,4710.0,965.0,34.0,6030.0,530.0,4042.0,1316.0,2024,12,3,12
99,260270,112,260271,203,1.0,4,0,2126.0,3121.0,2726.0,2200.0,315.0,3020.0,3192.0,4765.0,3526.0,5827.0,2024,12,3,12
99,260138,166,260139,116,1.0,8,0,656.0,2894.0,3072.0,499.0,4011.0,216.0,4574.0,1507.0,2707.0,998.0,2024,12,3,9
99,260136,85,260137,27,1.0,4,1,945.0,709.0,1548.0,2611.0,1002.0,1958.0,164.0,1685.0,465.0,1004.0,2024,12,3,9
99,260134,63,260135,215,1.0,0,1,27.0,692.0,28.0,146.0,704.0,34.0,6030.0,530.0,4042.0,1316.0,2024,12,3,8
99,260132,112,260133,227,1.0,5,1,2126.0,3121.0,2726.0,2200.0,315.0,690.0,3746.0,2710.0,1871.0,5620.0,2024,12,3,8
99,260128,177,260129,79,1.0,4,1,19.0,550.0,3060.0,1549.0,1443.0,2805.0,4421.0,4065.0,1199.0,3246.0,2024,12,3,7
99,260130,175,260131,61,1.0,2,0,1003.0,295.0,3397.0,4710.0,965.0,625.0,628.0,1.0,204.0,983.0,2024,12,3,7
99,260124,71,260125,203,1.0,3,0,26.0,2041.0,416.0,881.0,6.0,3020.0,3192.0,4765.0,3526.0,5827.0,2024,12,3,6
99,260126,122,260127,189,1.0,5,1,1401.0,169.0,2179.0,1834.0,2934.0,78.0,564.0,35.0,5774.0,103.0,2024,12,3,6
99,260098,188,260099,149,3.0,0,1,34.0,6030.0,530.0,4042.0,1316.0,7082.0,8306.0,8305.0,8304.0,1891.0,2024,12,1,12
99,260098,188,260099,149,3.0,4,0,34.0,6030.0,530.0,4042.0,1316.0,7082.0,8306.0,8305.0,8304.0,1891.0,2024,12,1,12
99,260098,188,260099,149,3.0,3,1,34.0,6030.0,530.0,4042.0,1316.0,7082.0,8306.0,8305.0,8304.0,1891.0,2024,12,1,12
99,260096,110,260097,67,3.0,3,1,216.0,4574.0,1507.0,2707.0,998.0,272.0,262.0,260.0,1050.0,209.0,2024,12,1,9
99,260096,110,260097,67,3.0,5,1,216.0,4574.0,1507.0,2707.0,998.0,272.0,262.0,260.0,1050.0,209.0,2024,12,1,9
99,260094,23,260095,42,3.0,0,1,1958.0,164.0,1685.0,465.0,1004.0,472.0,532.0,749.0,540.0,32.0,2024,12,1,6
99,260094,23,260095,42,3.0,1,0,1958.0,164.0,1685.0,465.0,1004.0,472.0,532.0,749.0,540.0,32.0,2024,12,1,6
99,260094,23,260095,42,3.0,2,1,1958.0,164.0,1685.0,465.0,1004.0,472.0,532.0,749.0,540.0,32.0,2024,12,1,6
99,260084,188,260085,214,3.0,1,1,34.0,6030.0,530.0,4042.0,1316.0,572.0,493.0,266.0,2785.0,163.0,2024,12,0,12
99,260084,188,260085,214,3.0,0,0,34.0,6030.0,530.0,4042.0,1316.0,572.0,493.0,266.0,2785.0,163.0,2024,12,0,12
99,260084,188,260085,214,3.0,3,1,34.0,6030.0,530.0,4042.0,1316.0,572.0,493.0,266.0,2785.0,163.0,2024,12,0,12
99,260078,75,260079,149,3.0,4,0,2805.0,4421.0,4065.0,1199.0,3246.0,7082.0,8306.0,8305.0,8304.0,1891.0,2024,12,0,12
99,260078,75,260079,149,3.0,3,1,2805.0,4421.0,4065.0,1199.0,3246.0,7082.0,8306.0,8305.0,8304.0,1891.0,2024,12,0,12
99,260078,75,260079,149,3.0,0,1,2805.0,4421.0,4065.0,1199.0,3246.0,7082.0,8306.0,8305.0,8304.0,1891.0,2024,12,0,12
99,260082,42,260083,42,3.0,0,0,553.0,457.0,3459.0,5156.0,963.0,472.0,532.0,749.0,540.0,32.0,2024,12,0,9
99,260082,42,260083,42,3.0,8,0,553.0,457.0,3459.0,5156.0,963.0,472.0,532.0,749.0,540.0,32.0,2024,12,0,9
99,260076,67,260077,227,3.0,3,0,272.0,262.0,260.0,1050.0,209.0,690.0,3746.0,2710.0,1871.0,5620.0,2024,12,0,9
99,260076,67,260077,227,3.0,8,0,272.0,262.0,260.0,1050.0,209.0,690.0,3746.0,2710.0,1871.0,5620.0,2024,12,0,9
99,260074,23,260075,61,3.0,4,0,1958.0,164.0,1685.0,465.0,1004.0,625.0,628.0,1.0,204.0,983.0,2024,12,0,6
99,260074,23,260075,61,3.0,2,0,1958.0,164.0,1685.0,465.0,1004.0,625.0,628.0,1.0,204.0,983.0,2024,12,0,6
99,260074,23,260075,61,3.0,5,1,1958.0,164.0,1685.0,465.0,1004.0,625.0,628.0,1.0,204.0,983.0,2024,12,0,6
99,260080,110,260081,161,3.0,3,1,216.0,4574.0,1507.0,2707.0,998.0,268.0,159.0,504.0,1730.0,3844.0,2024,12,0,6
99,260080,110,260081,161,3.0,1,0,216.0,4574.0,1507.0,2707.0,998.0,268.0,159.0,504.0,1730.0,3844.0,2024,12,0,6
99,260080,110,260081,161,3.0,0,1,216.0,4574.0,1507.0,2707.0,998.0,268.0,159.0,504.0,1730.0,3844.0,2024,12,0,6
99,260070,181,260071,79,3.0,4,1,3020.0,3192.0,4765.0,3526.0,5827.0,2805.0,4421.0,4065.0,1199.0,3246.0,2024,12,6,11
99,260070,181,260071,79,3.0,1,1,3020.0,3192.0,4765.0,3526.0,5827.0,2805.0,4421.0,4065.0,1199.0,3246.0,2024,12,6,11
99,260072,43,260073,96,3.0,0,1,472.0,532.0,749.0,540.0,32.0,627.0,7944.0,3749.0,142.0,1850.0,2024,12,6,11
99,260072,43,260073,96,3.0,3,1,472.0,532.0,749.0,540.0,32.0,627.0,7944.0,3749.0,142.0,1850.0,2024,12,6,11
99,260068,149,260069,68,3.0,0,0,268.0,159.0,504.0,1730.0,3844.0,65.0,18.0,4048.0,495.0,570.0,2024,12,6,8
99,260068,149,260069,68,3.0,8,1,268.0,159.0,504.0,1730.0,3844.0,65.0,18.0,4048.0,495.0,570.0,2024,12,6,8
99,260068,149,260069,68,3.0,3,1,268.0,159.0,504.0,1730.0,3844.0,65.0,18.0,4048.0,495.0,570.0,2024,12,6,8
99,260066,168,260067,67,3.0,3,0,78.0,564.0,35.0,5774.0,103.0,272.0,262.0,260.0,1050.0,209.0,2024,12,6,8
99,260066,168,260067,67,3.0,5,1,78.0,564.0,35.0,5774.0,103.0,272.0,262.0,260.0,1050.0,209.0,2024,12,6,8
99,260066,168,260067,67,3.0,1,1,78.0,564.0,35.0,5774.0,103.0,272.0,262.0,260.0,1050.0,209.0,2024,12,6,8
99,260064,61,260065,215,1.0,8,1,625.0,628.0,1.0,204.0,983.0,34.0,6030.0,530.0,4042.0,1316.0,2024,12,6,7
99,260058,200,260059,41,1.0,1,1,690.0,3746.0,2710.0,1871.0,5620.0,553.0,457.0,3459.0,5156.0,963.0,2024,12,6,7
99,260060,23,260061,214,1.0,8,1,1958.0,164.0,1685.0,465.0,1004.0,572.0,493.0,266.0,2785.0,163.0,2024,12,6,6
99,260062,110,260063,149,1.0,4,0,216.0,4574.0,1507.0,2707.0,998.0,7082.0,8306.0,8305.0,8304.0,1891.0,2024,12,6,6
99,260056,90,260057,61,1.0,1,0,627.0,7944.0,3749.0,142.0,1850.0,625.0,628.0,1.0,204.0,983.0,2024,11,5,14
99,260054,200,260055,79,1.0,5,0,690.0,3746.0,2710.0,1871.0,5620.0,2805.0,4421.0,4065.0,1199.0,3246.0,2024,11,5,14
99,260048,168,260049,215,1.0,3,1,78.0,564.0,35.0,5774.0,103.0,34.0,6030.0,530.0,4042.0,1316.0,2024,11,5,13
99,260052,187,260053,161,1.0,1,1,572.0,493.0,266.0,2785.0,163.0,268.0,159.0,504.0,1730.0,3844.0,2024,11,5,13
99,260050,43,260051,149,1.0,1,0,472.0,532.0,749.0,540.0,32.0,7082.0,8306.0,8305.0,8304.0,1891.0,2024,11,5,12
99,260046,181,260047,116,1.0,0,1,3020.0,3192.0,4765.0,3526.0,5827.0,216.0,4574.0,1507.0,2707.0,998.0,2024,11,5,12
99,260042,23,260043,67,1.0,5,0,1958.0,164.0,1685.0,465.0,1004.0,272.0,262.0,260.0,1050.0,209.0,2024,11,5,11
99,260044,68,260045,41,1.0,0,0,65.0,18.0,4048.0,495.0,570.0,553.0,457.0,3459.0,5156.0,963.0,2024,11,5,11
99,259987,200,259988,96,1.0,2,1,690.0,3746.0,2710.0,1871.0,5620.0,627.0,7944.0,3749.0,142.0,1850.0,2024,11,5,10
99,259985,181,259986,161,1.0,1,1,3020.0,3192.0,4765.0,3526.0,5827.0,268.0,159.0,504.0,1730.0,3844.0,2024,11,5,9
99,259983,68,259984,215,1.0,4,0,65.0,18.0,4048.0,495.0,570.0,34.0,6030.0,530.0,4042.0,1316.0,2024,11,5,8
99,259981,23,259982,149,1.0,4,1,1958.0,164.0,1685.0,465.0,1004.0,7082.0,8306.0,8305.0,8304.0,1891.0,2024,11,5,8
99,259979,43,259980,67,1.0,1,0,472.0,532.0,749.0,540.0,32.0,272.0,262.0,260.0,1050.0,209.0,2024,11,5,7
99,259977,168,259978,41,1.0,0,1,78.0,564.0,35.0,5774.0,103.0,553.0,457.0,3459.0,5156.0,963.0,2024,11,5,7
99,259973,61,259974,79,1.0,8,0,625.0,628.0,1.0,204.0,983.0,2805.0,4421.0,4065.0,1199.0,3246.0,2024,11,5,6
99,259975,187,259976,116,1.0,0,0,572.0,493.0,266.0,2785.0,163.0,216.0,4574.0,1507.0,2707.0,998.0,2024,11,5,6
106,259907,175,259908,135,3.0,4,1,1003.0,295.0,3397.0,4710.0,965.0,143.0,7328.0,3396.0,1203.0,588.0,2024,11,6,15
106,259907,175,259908,135,3.0,8,1,1003.0,295.0,3397.0,4710.0,965.0,143.0,7328.0,3396.0,1203.0,588.0,2024,11,6,15
106,259883,175,259884,172,3.0,4,1,1003.0,295.0,3397.0,4710.0,965.0,1446.0,1689.0,2053.0,2537.0,3922.0,2024,11,6,11
106,259881,16,259882,149,3.0,3,0,3248.0,1757.0,484.0,439.0,3032.0,7082.0,8306.0,8305.0,8304.0,1891.0,2024,11,6,8
106,259881,16,259882,149,3.0,0,0,3248.0,1757.0,484.0,439.0,3032.0,7082.0,8306.0,8305.0,8304.0,1891.0,2024,11,6,8
106,259879,127,259880,6,3.0,2,0,143.0,7328.0,3396.0,1203.0,588.0,3289.0,611.0,2068.0,1962.0,4543.0,2024,11,6,5
106,259879,127,259880,6,3.0,0,1,143.0,7328.0,3396.0,1203.0,588.0,3289.0,611.0,2068.0,1962.0,4543.0,2024,11,6,5
106,259879,127,259880,6,3.0,4,1,143.0,7328.0,3396.0,1203.0,588.0,3289.0,611.0,2068.0,1962.0,4543.0,2024,11,6,5
106,259813,57,259814,19,3.0,2,0,158.0,4903.0,156.0,157.0,197.0,3248.0,1757.0,484.0,439.0,3032.0,2024,11,5,13
106,259813,57,259814,19,3.0,3,0,158.0,4903.0,156.0,157.0,197.0,3248.0,1757.0,484.0,439.0,3032.0,2024,11,5,13
106,259813,57,259814,19,3.0,8,1,158.0,4903.0,156.0,157.0,197.0,3248.0,1757.0,484.0,439.0,3032.0,2024,11,5,13
106,259809,71,259810,196,3.0,5,1,26.0,2041.0,416.0,881.0,6.0,1003.0,295.0,3397.0,4710.0,965.0,2024,11,5,13
106,259809,71,259810,196,3.0,0,1,26.0,2041.0,416.0,881.0,6.0,1003.0,295.0,3397.0,4710.0,965.0,2024,11,5,13
106,259809,71,259810,196,3.0,4,0,26.0,2041.0,416.0,881.0,6.0,1003.0,295.0,3397.0,4710.0,965.0,2024,11,5,13
106,259807,140,259808,89,3.0,8,0,7082.0,8306.0,8305.0,8304.0,1891.0,945.0,709.0,1548.0,2611.0,1002.0,2024,11,5,10
106,259807,140,259808,89,3.0,4,0,7082.0,8306.0,8305.0,8304.0,1891.0,945.0,709.0,1548.0,2611.0,1002.0,2024,11,5,10
106,259807,140,259808,89,3.0,0,1,7082.0,8306.0,8305.0,8304.0,1891.0,945.0,709.0,1548.0,2611.0,1002.0,2024,11,5,10
106,259817,163,259818,135,3.0,8,0,25.0,2848.0,153.0,641.0,6665.0,143.0,7328.0,3396.0,1203.0,588.0,2024,11,5,10
106,259817,163,259818,135,3.0,0,0,25.0,2848.0,153.0,641.0,6665.0,143.0,7328.0,3396.0,1203.0,588.0,2024,11,5,10
106,259811,156,259812,214,3.0,0,1,1446.0,1689.0,2053.0,2537.0,3922.0,572.0,493.0,266.0,2785.0,163.0,2024,11,5,7
106,259811,156,259812,214,3.0,3,0,1446.0,1689.0,2053.0,2537.0,3922.0,572.0,493.0,266.0,2785.0,163.0,2024,11,5,7
106,259811,156,259812,214,3.0,4,0,1446.0,1689.0,2053.0,2537.0,3922.0,572.0,493.0,266.0,2785.0,163.0,2024,11,5,7
106,259815,5,259816,20,3.0,2,1,3289.0,611.0,2068.0,1962.0,4543.0,1008.0,1892.0,2070.0,3059.0,1343.0,2024,11,5,7
106,259815,5,259816,20,3.0,4,1,3289.0,611.0,2068.0,1962.0,4543.0,1008.0,1892.0,2070.0,3059.0,1343.0,2024,11,5,7
106,259771,16,259772,22,3.0,0,1,3248.0,1757.0,484.0,439.0,3032.0,2109.0,5502.0,25509.0,2799.0,3490.0,2024,11,4,12
106,259771,16,259772,22,3.0,5,1,3248.0,1757.0,484.0,439.0,3032.0,2109.0,5502.0,25509.0,2799.0,3490.0,2024,11,4,12
106,259771,16,259772,22,3.0,4,0,3248.0,1757.0,484.0,439.0,3032.0,2109.0,5502.0,25509.0,2799.0,3490.0,2024,11,4,12
106,259769,71,259770,186,3.0,1,1,26.0,2041.0,416.0,881.0,6.0,656.0,2894.0,3072.0,499.0,4011.0,2024,11,4,12
106,259769,71,259770,186,3.0,2,0,26.0,2041.0,416.0,881.0,6.0,656.0,2894.0,3072.0,499.0,4011.0,2024,11,4,12
106,259769,71,259770,186,3.0,0,0,26.0,2041.0,416.0,881.0,6.0,656.0,2894.0,3072.0,499.0,4011.0,2024,11,4,12
106,259765,140,259766,27,3.0,2,0,7082.0,8306.0,8305.0,8304.0,1891.0,1958.0,164.0,1685.0,465.0,1004.0,2024,11,4,9
106,259765,140,259766,27,3.0,1,1,7082.0,8306.0,8305.0,8304.0,1891.0,1958.0,164.0,1685.0,465.0,1004.0,2024,11,4,9
106,259765,140,259766,27,3.0,4,0,7082.0,8306.0,8305.0,8304.0,1891.0,1958.0,164.0,1685.0,465.0,1004.0,2024,11,4,9
106,259767,163,259768,145,3.0,8,1,25.0,2848.0,153.0,641.0,6665.0,1954.0,264.0,5057.0,2988.0,3405.0,2024,11,4,9
106,259767,163,259768,145,3.0,0,1,25.0,2848.0,153.0,641.0,6665.0,1954.0,264.0,5057.0,2988.0,3405.0,2024,11,4,9
106,259767,163,259768,145,3.0,2,0,25.0,2848.0,153.0,641.0,6665.0,1954.0,264.0,5057.0,2988.0,3405.0,2024,11,4,9
106,259763,57,259764,172,1.0,3,0,158.0,4903.0,156.0,157.0,197.0,1446.0,1689.0,2053.0,2537.0,3922.0,2024,11,4,8
106,259761,85,259762,135,1.0,1,1,945.0,709.0,1548.0,2611.0,1002.0,143.0,7328.0,3396.0,1203.0,588.0,2024,11,4,8
106,259757,175,259758,20,1.0,2,1,1003.0,295.0,3397.0,4710.0,965.0,1008.0,1892.0,2070.0,3059.0,1343.0,2024,11,4,7
106,259759,187,259760,6,1.0,0,1,572.0,493.0,266.0,2785.0,163.0,3289.0,611.0,2068.0,1962.0,4543.0,2024,11,4,7
106,259751,85,259752,27,1.0,0,0,945.0,709.0,1548.0,2611.0,1002.0,1958.0,164.0,1685.0,465.0,1004.0,2024,11,3,16
106,259753,187,259754,182,1.0,0,1,572.0,493.0,266.0,2785.0,163.0,25.0,2848.0,153.0,641.0,6665.0,2024,11,3,16
106,259747,57,259748,186,1.0,5,0,158.0,4903.0,156.0,157.0,197.0,656.0,2894.0,3072.0,499.0,4011.0,2024,11,3,15
106,259749,16,259750,172,1.0,3,0,3248.0,1757.0,484.0,439.0,3032.0,1446.0,1689.0,2053.0,2537.0,3922.0,2024,11,3,15
106,259745,18,259746,20,1.0,4,0,2109.0,5502.0,25509.0,2799.0,3490.0,1008.0,1892.0,2070.0,3059.0,1343.0,2024,11,3,14
106,259743,71,259744,6,1.0,2,1,26.0,2041.0,416.0,881.0,6.0,3289.0,611.0,2068.0,1962.0,4543.0,2024,11,3,14
106,259739,175,259740,149,1.0,1,0,1003.0,295.0,3397.0,4710.0,965.0,7082.0,8306.0,8305.0,8304.0,1891.0,2024,11,3,12
106,259741,127,259742,145,1.0,1,1,143.0,7328.0,3396.0,1203.0,588.0,1954.0,264.0,5057.0,2988.0,3405.0,2024,11,3,12
106,257080,166,257081,182,1.0,8,1,656.0,2894.0,3072.0,499.0,4011.0,25.0,2848.0,153.0,641.0,6665.0,2024,11,3,10
106,257078,23,257079,172,1.0,1,1,1958.0,164.0,1685.0,465.0,1004.0,1446.0,1689.0,2053.0,2537.0,3922.0,2024,11,3,10
106,257074,85,257075,145,1.0,0,1,945.0,709.0,1548.0,2611.0,1002.0,1954.0,264.0,5057.0,2988.0,3405.0,2024,11,3,9
106,257076,16,257077,6,1.0,5,0,3248.0,1757.0,484.0,439.0,3032.0,3289.0,611.0,2068.0,1962.0,4543.0,2024,11,3,9
106,257070,57,257071,20,1.0,2,1,158.0,4903.0,156.0,157.0,197.0,1008.0,1892.0,2070.0,3059.0,1343.0,2024,11,3,8
106,257072,187,257073,149,1.0,4,0,572.0,493.0,266.0,2785.0,163.0,7082.0,8306.0,8305.0,8304.0,1891.0,2024,11,3,8
106,257066,71,257067,135,1.0,5,1,26.0,2041.0,416.0,881.0,6.0,143.0,7328.0,3396.0,1203.0,588.0,2024,11,3,7
106,257068,175,257069,22,1.0,2,1,1003.0,295.0,3397.0,4710.0,965.0,2109.0,5502.0,25509.0,2799.0,3490.0,2024,11,3,7
105,259659,158,259660,79,3.0,0,0,145.0,1675.0,1673.0,3045.0,2892.0,2805.0,4421.0,4065.0,1199.0,3246.0,2024,11,2,11
105,259659,158,259660,79,3.0,2,1,145.0,1675.0,1673.0,3045.0,2892.0,2805.0,4421.0,4065.0,1199.0,3246.0,2024,11,2,11
105,259659,158,259660,79,3.0,4,0,145.0,1675.0,1673.0,3045.0,2892.0,2805.0,4421.0,4065.0,1199.0,3246.0,2024,11,2,11
105,259661,68,259662,48,3.0,5,1,65.0,18.0,4048.0,495.0,570.0,2852.0,2837.0,2838.0,3068.0,699.0,2024,11,2,8
105,259661,68,259662,48,3.0,0,1,65.0,18.0,4048.0,495.0,570.0,2852.0,2837.0,2838.0,3068.0,699.0,2024,11,2,8
105,259661,68,259662,48,3.0,3,0,65.0,18.0,4048.0,495.0,570.0,2852.0,2837.0,2838.0,3068.0,699.0,2024,11,2,8
105,259663,30,259664,169,3.0,0,1,966.0,2163.0,2936.0,1092.0,5420.0,928.0,3110.0,3112.0,927.0,3513.0,2024,11,2,5
105,259663,30,259664,169,3.0,8,1,966.0,2163.0,2936.0,1092.0,5420.0,928.0,3110.0,3112.0,927.0,3513.0,2024,11,2,5
105,259665,63,259666,41,3.0,4,1,27.0,692.0,28.0,146.0,704.0,553.0,457.0,3459.0,5156.0,963.0,2024,11,1,15
105,259665,63,259666,41,3.0,0,0,27.0,692.0,28.0,146.0,704.0,553.0,457.0,3459.0,5156.0,963.0,2024,11,1,15
105,259665,63,259666,41,3.0,3,1,27.0,692.0,28.0,146.0,704.0,553.0,457.0,3459.0,5156.0,963.0,2024,11,1,15
105,259606,63,259607,68,3.0,0,1,27.0,692.0,28.0,146.0,704.0,65.0,18.0,4048.0,495.0,570.0,2024,11,1,11
105,259606,63,259607,68,3.0,1,1,27.0,692.0,28.0,146.0,704.0,65.0,18.0,4048.0,495.0,570.0,2024,11,1,11
105,259608,167,259609,79,3.0,5,1,150.0,41.0,982.0,12.0,44.0,2805.0,4421.0,4065.0,1199.0,3246.0,2024,11,1,11
105,259608,167,259609,79,3.0,4,0,150.0,41.0,982.0,12.0,44.0,2805.0,4421.0,4065.0,1199.0,3246.0,2024,11,1,11
105,259608,167,259609,79,3.0,8,0,150.0,41.0,982.0,12.0,44.0,2805.0,4421.0,4065.0,1199.0,3246.0,2024,11,1,11
105,259602,122,259603,169,3.0,5,1,1401.0,169.0,2179.0,1834.0,2934.0,928.0,3110.0,3112.0,927.0,3513.0,2024,11,1,8
105,259602,122,259603,169,3.0,0,1,1401.0,169.0,2179.0,1834.0,2934.0,928.0,3110.0,3112.0,927.0,3513.0,2024,11,1,8
105,259604,30,259605,130,3.0,4,1,966.0,2163.0,2936.0,1092.0,5420.0,3538.0,6142.0,3344.0,5284.0,16113.0,2024,11,1,8
105,259604,30,259605,130,3.0,0,1,966.0,2163.0,2936.0,1092.0,5420.0,3538.0,6142.0,3344.0,5284.0,16113.0,2024,11,1,8
105,259600,155,259601,48,3.0,4,0,2776.0,1451.0,5364.0,6237.0,3137.0,2852.0,2837.0,2838.0,3068.0,699.0,2024,11,1,5
105,259600,155,259601,48,3.0,1,0,2776.0,1451.0,5364.0,6237.0,3137.0,2852.0,2837.0,2838.0,3068.0,699.0,2024,11,1,5
105,259598,158,259599,41,3.0,8,1,145.0,1675.0,1673.0,3045.0,2892.0,553.0,457.0,3459.0,5156.0,963.0,2024,11,1,5
105,259598,158,259599,41,3.0,4,0,145.0,1675.0,1673.0,3045.0,2892.0,553.0,457.0,3459.0,5156.0,963.0,2024,11,1,5
105,259598,158,259599,41,3.0,2,0,145.0,1675.0,1673.0,3045.0,2892.0,553.0,457.0,3459.0,5156.0,963.0,2024,11,1,5
105,259526,75,259527,208,3.0,8,1,2805.0,4421.0,4065.0,1199.0,3246.0,2834.0,2831.0,4431.0,2851.0,2832.0,2024,11,0,13
105,259526,75,259527,208,3.0,0,1,2805.0,4421.0,4065.0,1199.0,3246.0,2834.0,2831.0,4431.0,2851.0,2832.0,2024,11,0,13
105,259526,75,259527,208,3.0,1,0,2805.0,4421.0,4065.0,1199.0,3246.0,2834.0,2831.0,4431.0,2851.0,2832.0,2024,11,0,13
105,259524,63,259525,199,3.0,2,0,27.0,692.0,28.0,146.0,704.0,19.0,550.0,3060.0,1549.0,1443.0,2024,11,0,12
105,259524,63,259525,199,3.0,4,0,27.0,692.0,28.0,146.0,704.0,19.0,550.0,3060.0,1549.0,1443.0,2024,11,0,12
105,259522,124,259523,162,3.0,8,1,3538.0,6142.0,3344.0,5284.0,16113.0,3233.0,3230.0,5509.0,8126.0,291.0,2024,11,0,9
105,259522,124,259523,162,3.0,0,1,3538.0,6142.0,3344.0,5284.0,16113.0,3233.0,3230.0,5509.0,8126.0,291.0,2024,11,0,9
105,259522,124,259523,162,3.0,1,0,3538.0,6142.0,3344.0,5284.0,16113.0,3233.0,3230.0,5509.0,8126.0,291.0,2024,11,0,9
105,259520,122,259521,118,3.0,2,0,1401.0,169.0,2179.0,1834.0,2934.0,2126.0,3121.0,2726.0,2200.0,315.0,2024,11,0,9
105,259520,122,259521,118,3.0,3,0,1401.0,169.0,2179.0,1834.0,2934.0,2126.0,3121.0,2726.0,2200.0,315.0,2024,11,0,9
105,259520,122,259521,118,3.0,4,1,1401.0,169.0,2179.0,1834.0,2934.0,2126.0,3121.0,2726.0,2200.0,315.0,2024,11,0,9
105,259518,68,259519,33,1.0,5,1,65.0,18.0,4048.0,495.0,570.0,966.0,2163.0,2936.0,1092.0,5420.0,2024,11,0,8
105,259516,167,259517,169,1.0,1,0,150.0,41.0,982.0,12.0,44.0,928.0,3110.0,3112.0,927.0,3513.0,2024,11,0,8
105,259512,42,259513,171,1.0,4,1,553.0,457.0,3459.0,5156.0,963.0,2776.0,1451.0,5364.0,6237.0,3137.0,2024,11,0,7
105,259514,158,259515,48,1.0,0,1,145.0,1675.0,1673.0,3045.0,2892.0,2852.0,2837.0,2838.0,3068.0,699.0,2024,11,0,7
105,259492,63,259493,188,1.0,5,1,27.0,692.0,28.0,146.0,704.0,150.0,41.0,982.0,12.0,44.0,2024,11,6,15
105,259500,153,259501,208,1.0,2,1,928.0,3110.0,3112.0,927.0,3513.0,2834.0,2831.0,4431.0,2851.0,2832.0,2024,11,6,15
105,259498,124,259499,41,1.0,3,0,3538.0,6142.0,3344.0,5284.0,16113.0,553.0,457.0,3459.0,5156.0,963.0,2024,11,6,14
105,259490,112,259491,171,1.0,4,1,2126.0,3121.0,2726.0,2200.0,315.0,2776.0,1451.0,5364.0,6237.0,3137.0,2024,11,6,14
105,259496,68,259497,162,1.0,0,1,65.0,18.0,4048.0,495.0,570.0,3233.0,3230.0,5509.0,8126.0,291.0,2024,11,6,13
105,259488,177,259489,33,1.0,5,1,19.0,550.0,3060.0,1549.0,1443.0,966.0,2163.0,2936.0,1092.0,5420.0,2024,11,6,13
105,259494,75,259495,48,1.0,3,0,2805.0,4421.0,4065.0,1199.0,3246.0,2852.0,2837.0,2838.0,3068.0,699.0,2024,11,6,12
105,259486,122,259487,176,1.0,3,1,1401.0,169.0,2179.0,1834.0,2934.0,145.0,1675.0,1673.0,3045.0,2892.0,2024,11,6,12
105,257064,30,257065,208,1.0,1,1,966.0,2163.0,2936.0,1092.0,5420.0,2834.0,2831.0,4431.0,2851.0,2832.0,2024,11,6,10
105,257062,155,257063,162,1.0,8,1,2776.0,1451.0,5364.0,6237.0,3137.0,3233.0,3230.0,5509.0,8126.0,291.0,2024,11,6,10
105,257060,167,257061,48,1.0,1,1,150.0,41.0,982.0,12.0,44.0,2852.0,2837.0,2838.0,3068.0,699.0,2024,11,6,9
105,257058,153,257059,176,1.0,8,0,928.0,3110.0,3112.0,927.0,3513.0,145.0,1675.0,1673.0,3045.0,2892.0,2024,11,6,9
105,257056,63,257057,41,1.0,0,1,27.0,692.0,28.0,146.0,704.0,553.0,457.0,3459.0,5156.0,963.0,2024,11,6,8
105,257054,112,257055,130,1.0,3,1,2126.0,3121.0,2726.0,2200.0,315.0,3538.0,6142.0,3344.0,5284.0,16113.0,2024,11,6,8
105,257052,177,257053,79,1.0,3,1,19.0,550.0,3060.0,1549.0,1443.0,2805.0,4421.0,4065.0,1199.0,3246.0,2024,11,6,7
105,257050,122,257051,68,1.0,3,1,1401.0,169.0,2179.0,1834.0,2934.0,65.0,18.0,4048.0,495.0,570.0,2024,11,6,7
101,259064,6,259065,61,3.0,2,0,4393.0,2846.0,3760.0,5345.0,4530.0,625.0,628.0,1.0,204.0,983.0,2024,11,4,11
101,259064,6,259065,61,3.0,1,0,4393.0,2846.0,3760.0,5345.0,4530.0,625.0,628.0,1.0,204.0,983.0,2024,11,4,11
101,259062,90,259063,156,3.0,8,1,627.0,7944.0,3749.0,142.0,1850.0,3.0,1913.0,996.0,5028.0,147.0,2024,11,4,8
101,259062,90,259063,156,3.0,2,1,627.0,7944.0,3749.0,142.0,1850.0,3.0,1913.0,996.0,5028.0,147.0,2024,11,4,8
101,259060,21,259061,115,3.0,2,0,877.0,3357.0,5875.0,4707.0,4613.0,845.0,1817.0,1687.0,2810.0,2113.0,2024,11,4,5
101,259060,21,259061,115,3.0,1,0,877.0,3357.0,5875.0,4707.0,4613.0,845.0,1817.0,1687.0,2810.0,2113.0,2024,11,4,5
101,259060,21,259061,115,3.0,4,1,877.0,3357.0,5875.0,4707.0,4613.0,845.0,1817.0,1687.0,2810.0,2113.0,2024,11,4,5
101,258834,168,258835,61,3.0,2,0,78.0,564.0,35.0,5774.0,103.0,625.0,628.0,1.0,204.0,983.0,2024,11,3,13
101,258834,168,258835,61,3.0,1,1,78.0,564.0,35.0,5774.0,103.0,625.0,628.0,1.0,204.0,983.0,2024,11,3,13
101,258834,168,258835,61,3.0,3,1,78.0,564.0,35.0,5774.0,103.0,625.0,628.0,1.0,204.0,983.0,2024,11,3,13
101,258836,107,258837,156,1.0,4,0,997.0,1165.0,205.0,8499.0,6735.0,3.0,1913.0,996.0,5028.0,147.0,2024,11,3,13
101,258836,107,258837,156,1.0,1,0,997.0,1165.0,205.0,8499.0,6735.0,3.0,1913.0,996.0,5028.0,147.0,2024,11,3,13
101,258832,90,258833,107,3.0,2,1,627.0,7944.0,3749.0,142.0,1850.0,1533.0,3175.0,2327.0,879.0,5247.0,2024,11,3,10
101,258832,90,258833,107,3.0,0,1,627.0,7944.0,3749.0,142.0,1850.0,1533.0,3175.0,2327.0,879.0,5247.0,2024,11,3,10
101,258830,43,258831,115,3.0,8,1,472.0,532.0,749.0,540.0,32.0,845.0,1817.0,1687.0,2810.0,2113.0,2024,11,3,10
101,258830,43,258831,115,3.0,1,1,472.0,532.0,749.0,540.0,32.0,845.0,1817.0,1687.0,2810.0,2113.0,2024,11,3,10
101,258828,27,258829,25,3.0,4,0,3836.0,1886.0,4567.0,26420.0,1778.0,877.0,3357.0,5875.0,4707.0,4613.0,2024,11,3,7
101,258828,27,258829,25,3.0,2,1,3836.0,1886.0,4567.0,26420.0,1778.0,877.0,3357.0,5875.0,4707.0,4613.0,2024,11,3,7
101,258828,27,258829,25,3.0,1,0,3836.0,1886.0,4567.0,26420.0,1778.0,877.0,3357.0,5875.0,4707.0,4613.0,2024,11,3,7
101,258826,6,258827,227,3.0,2,0,4393.0,2846.0,3760.0,5345.0,4530.0,690.0,3746.0,2710.0,1871.0,5620.0,2024,11,3,7
101,258826,6,258827,227,3.0,4,0,4393.0,2846.0,3760.0,5345.0,4530.0,690.0,3746.0,2710.0,1871.0,5620.0,2024,11,3,7
101,258754,145,258755,38,3.0,8,1,3.0,1913.0,996.0,5028.0,147.0,3446.0,4653.0,6090.0,2218.0,6975.0,2024,11,2,12
101,258754,145,258755,38,3.0,4,0,3.0,1913.0,996.0,5028.0,147.0,3446.0,4653.0,6090.0,2218.0,6975.0,2024,11,2,12
101,258754,145,258755,38,3.0,2,1,3.0,1913.0,996.0,5028.0,147.0,3446.0,4653.0,6090.0,2218.0,6975.0,2024,11,2,12
101,258752,43,258753,116,3.0,5,0,472.0,532.0,749.0,540.0,32.0,216.0,998.0,4574.0,1507.0,2707.0,2024,11,2,12
101,258752,43,258753,116,3.0,8,0,472.0,532.0,749.0,540.0,32.0,216.0,998.0,4574.0,1507.0,2707.0,2024,11,2,12
101,258748,188,258749,8,3.0,3,1,34.0,6030.0,530.0,4042.0,1316.0,4393.0,2846.0,3760.0,5345.0,4530.0,2024,11,2,9
101,258748,188,258749,8,3.0,5,1,34.0,6030.0,530.0,4042.0,1316.0,4393.0,2846.0,3760.0,5345.0,4530.0,2024,11,2,9
101,258750,102,258751,138,3.0,0,0,1533.0,3175.0,2327.0,879.0,5247.0,1696.0,1987.0,3274.0,1166.0,83.0,2024,11,2,9
101,258750,102,258751,138,3.0,8,1,1533.0,3175.0,2327.0,879.0,5247.0,1696.0,1987.0,3274.0,1166.0,83.0,2024,11,2,9
101,258750,102,258751,138,3.0,5,1,1533.0,3175.0,2327.0,879.0,5247.0,1696.0,1987.0,3274.0,1166.0,83.0,2024,11,2,9
101,258744,168,258745,25,1.0,1,1,78.0,564.0,35.0,5774.0,103.0,877.0,3357.0,5875.0,4707.0,4613.0,2024,11,2,8
101,258746,200,258747,96,1.0,0,1,690.0,3746.0,2710.0,1871.0,5620.0,627.0,7944.0,3749.0,142.0,1850.0,2024,11,2,8
101,258742,107,258743,115,1.0,0,0,997.0,1165.0,205.0,8499.0,6735.0,845.0,1817.0,1687.0,2810.0,2113.0,2024,11,2,7
101,258740,61,258741,30,1.0,8,1,625.0,628.0,1.0,204.0,983.0,3836.0,1886.0,4567.0,26420.0,1778.0,2024,11,2,7
101,258694,168,258695,107,1.0,0,1,78.0,564.0,35.0,5774.0,103.0,1533.0,3175.0,2327.0,879.0,5247.0,2024,11,1,16
101,258686,110,258687,96,1.0,5,1,216.0,998.0,4574.0,1507.0,2707.0,627.0,7944.0,3749.0,142.0,1850.0,2024,11,1,15
101,258692,109,258693,156,1.0,1,1,845.0,1817.0,1687.0,2810.0,2113.0,3.0,1913.0,996.0,5028.0,147.0,2024,11,1,14
101,258684,43,258685,30,1.0,1,1,472.0,532.0,749.0,540.0,32.0,3836.0,1886.0,4567.0,26420.0,1778.0,2024,11,1,14
101,258690,61,258691,38,1.0,8,1,625.0,628.0,1.0,204.0,983.0,3446.0,4653.0,6090.0,2218.0,6975.0,2024,11,1,13
101,258682,200,258683,215,1.0,9,0,690.0,3746.0,2710.0,1871.0,5620.0,34.0,6030.0,530.0,4042.0,1316.0,2024,11,1,13
101,258688,21,258689,138,1.0,4,1,877.0,3357.0,5875.0,4707.0,4613.0,1696.0,1987.0,3274.0,1166.0,83.0,2024,11,1,12
101,258680,6,258681,112,1.0,0,1,4393.0,2846.0,3760.0,5345.0,4530.0,997.0,1165.0,205.0,8499.0,6735.0,2024,11,1,12
101,257094,110,257095,107,1.0,8,1,216.0,998.0,4574.0,1507.0,2707.0,1533.0,3175.0,2327.0,879.0,5247.0,2024,11,1,10
101,257096,90,257097,38,1.0,4,1,627.0,7944.0,3749.0,142.0,1850.0,3446.0,4653.0,6090.0,2218.0,6975.0,2024,11,1,10
101,257090,6,257091,156,1.0,2,1,4393.0,2846.0,3760.0,5345.0,4530.0,3.0,1913.0,996.0,5028.0,147.0,2024,11,1,9
101,257092,109,257093,30,1.0,8,0,845.0,1817.0,1687.0,2810.0,2113.0,3836.0,1886.0,4567.0,26420.0,1778.0,2024,11,1,9
101,257088,200,257089,138,1.0,8,1,690.0,3746.0,2710.0,1871.0,5620.0,1696.0,1987.0,3274.0,1166.0,83.0,2024,11,1,8
101,257086,43,257087,25,1.0,1,1,472.0,532.0,749.0,540.0,32.0,877.0,3357.0,5875.0,4707.0,4613.0,2024,11,1,8
101,257084,168,257085,215,1.0,3,0,78.0,564.0,35.0,5774.0,103.0,34.0,6030.0,530.0,4042.0,1316.0,2024,11,1,7
101,257082,61,257083,112,1.0,3,0,625.0,628.0,1.0,204.0,983.0,997.0,1165.0,205.0,8499.0,6735.0,2024,11,1,7
102,258478,108,258479,67,3.0,5,0,1271.0,1270.0,7709.0,1113.0,26585.0,272.0,262.0,260.0,1050.0,209.0,2024,11,2,14
102,258478,108,258479,67,3.0,8,0,1271.0,1270.0,7709.0,1113.0,26585.0,272.0,262.0,260.0,1050.0,209.0,2024,11,2,14
102,258476,165,258477,114,3.0,3,0,99.0,1039.0,897.0,2736.0,949.0,1271.0,1270.0,7709.0,1113.0,26585.0,2024,11,2,10
102,258476,165,258477,114,3.0,2,0,99.0,1039.0,897.0,2736.0,949.0,1271.0,1270.0,7709.0,1113.0,26585.0,2024,11,2,10
102,258474,45,258475,67,3.0,0,0,5298.0,2291.0,1353.0,413.0,3168.0,272.0,262.0,260.0,1050.0,209.0,2024,11,2,7
102,258474,45,258475,67,3.0,2,1,5298.0,2291.0,1353.0,413.0,3168.0,272.0,262.0,260.0,1050.0,209.0,2024,11,2,7
102,258474,45,258475,67,3.0,1,0,5298.0,2291.0,1353.0,413.0,3168.0,272.0,262.0,260.0,1050.0,209.0,2024,11,2,7
102,258468,149,258469,185,3.0,8,1,268.0,159.0,504.0,1730.0,3844.0,99.0,1039.0,897.0,2736.0,949.0,2024,11,1,14
102,258468,149,258469,185,3.0,3,1,268.0,159.0,504.0,1730.0,3844.0,99.0,1039.0,897.0,2736.0,949.0,2024,11,1,14
102,258466,181,258467,44,3.0,4,0,3020.0,3192.0,4765.0,3526.0,5827.0,5298.0,2291.0,1353.0,413.0,3168.0,2024,11,1,11
102,258466,181,258467,44,3.0,1,1,3020.0,3192.0,4765.0,3526.0,5827.0,5298.0,2291.0,1353.0,413.0,3168.0,2024,11,1,11
102,258466,181,258467,44,3.0,0,1,3020.0,3192.0,4765.0,3526.0,5827.0,5298.0,2291.0,1353.0,413.0,3168.0,2024,11,1,11
102,258470,13,258471,114,3.0,0,0,565.0,162.0,278.0,212.0,2613.0,1271.0,1270.0,7709.0,1113.0,26585.0,2024,11,1,5
102,258470,13,258471,114,3.0,5,0,565.0,162.0,278.0,212.0,2613.0,1271.0,1270.0,7709.0,1113.0,26585.0,2024,11,1,5
102,258470,13,258471,114,3.0,2,1,565.0,162.0,278.0,212.0,2613.0,1271.0,1270.0,7709.0,1113.0,26585.0,2024,11,1,5
102,257104,67,257105,185,1.0,3,0,272.0,262.0,260.0,1050.0,209.0,99.0,1039.0,897.0,2736.0,949.0,2024,11,0,15
102,257100,108,257101,44,1.0,0,0,1271.0,1270.0,7709.0,1113.0,26585.0,5298.0,2291.0,1353.0,413.0,3168.0,2024,11,0,12
102,257098,181,257099,16,1.0,0,1,3020.0,3192.0,4765.0,3526.0,5827.0,565.0,162.0,278.0,212.0,2613.0,2024,11,0,11
19,257626,175,257627,73,5.0,2,0,1003.0,295.0,3397.0,4710.0,965.0,26.0,2041.0,416.0,881.0,6.0,2024,11,6,12
19,257626,175,257627,73,5.0,1,0,1003.0,295.0,3397.0,4710.0,965.0,26.0,2041.0,416.0,881.0,6.0,2024,11,6,12
19,257626,175,257627,73,5.0,4,0,1003.0,295.0,3397.0,4710.0,965.0,26.0,2041.0,416.0,881.0,6.0,2024,11,6,12
19,257622,16,257623,196,3.0,2,0,11.0,3248.0,1757.0,484.0,439.0,1003.0,295.0,3397.0,4710.0,965.0,2024,11,5,15
19,257622,16,257623,196,3.0,0,0,11.0,3248.0,1757.0,484.0,439.0,1003.0,295.0,3397.0,4710.0,965.0,2024,11,5,15
19,257622,16,257623,196,3.0,8,1,11.0,3248.0,1757.0,484.0,439.0,1003.0,295.0,3397.0,4710.0,965.0,2024,11,5,15
19,257624,71,257625,199,3.0,4,1,26.0,2041.0,416.0,881.0,6.0,19.0,550.0,3060.0,1549.0,500.0,2024,11,5,11
19,257624,71,257625,199,3.0,2,1,26.0,2041.0,416.0,881.0,6.0,19.0,550.0,3060.0,1549.0,500.0,2024,11,5,11
19,257624,71,257625,199,3.0,3,0,26.0,2041.0,416.0,881.0,6.0,19.0,550.0,3060.0,1549.0,500.0,2024,11,5,11
19,257618,63,257619,196,3.0,1,0,27.0,692.0,28.0,146.0,704.0,1003.0,295.0,3397.0,4710.0,965.0,2024,11,4,14
19,257618,63,257619,196,3.0,4,0,27.0,692.0,28.0,146.0,704.0,1003.0,295.0,3397.0,4710.0,965.0,2024,11,4,14
19,257620,112,257621,199,3.0,4,0,2126.0,3121.0,2726.0,2200.0,315.0,19.0,550.0,3060.0,1549.0,500.0,2024,11,4,11
19,257620,112,257621,199,3.0,2,0,2126.0,3121.0,2726.0,2200.0,315.0,19.0,550.0,3060.0,1549.0,500.0,2024,11,4,11
19,257150,71,257151,196,3.0,1,1,26.0,2041.0,416.0,881.0,6.0,1003.0,295.0,3397.0,4710.0,965.0,2024,10,3,17
19,257150,71,257151,196,3.0,4,1,26.0,2041.0,416.0,881.0,6.0,1003.0,295.0,3397.0,4710.0,965.0,2024,10,3,17
19,257148,168,257149,199,3.0,5,0,78.0,564.0,35.0,5774.0,103.0,19.0,550.0,3060.0,1549.0,500.0,2024,10,3,14
19,257148,168,257149,199,3.0,1,1,78.0,564.0,35.0,5774.0,103.0,19.0,550.0,3060.0,1549.0,500.0,2024,10,3,14
19,257148,168,257149,199,3.0,2,0,78.0,564.0,35.0,5774.0,103.0,19.0,550.0,3060.0,1549.0,500.0,2024,10,3,14
19,257142,16,257143,118,3.0,5,1,11.0,3248.0,1757.0,484.0,439.0,2126.0,3121.0,2726.0,2200.0,315.0,2024,10,3,12
19,257142,16,257143,118,3.0,8,1,11.0,3248.0,1757.0,484.0,439.0,2126.0,3121.0,2726.0,2200.0,315.0,2024,10,3,12
19,257140,122,257141,63,3.0,3,1,1401.0,169.0,2179.0,1834.0,2934.0,27.0,692.0,28.0,146.0,704.0,2024,10,3,9
19,257140,122,257141,63,3.0,4,0,1401.0,169.0,2179.0,1834.0,2934.0,27.0,692.0,28.0,146.0,704.0,2024,10,3,9
19,257140,122,257141,63,3.0,0,0,1401.0,169.0,2179.0,1834.0,2934.0,27.0,692.0,28.0,146.0,704.0,2024,10,3,9
19,257146,177,257147,196,3.0,4,0,19.0,550.0,3060.0,1549.0,500.0,1003.0,295.0,3397.0,4710.0,965.0,2024,10,2,17
19,257146,177,257147,196,3.0,1,0,19.0,550.0,3060.0,1549.0,500.0,1003.0,295.0,3397.0,4710.0,965.0,2024,10,2,17
19,257144,71,257145,189,3.0,0,0,26.0,2041.0,416.0,881.0,6.0,78.0,564.0,35.0,5774.0,103.0,2024,10,2,14
19,257144,71,257145,189,3.0,4,1,26.0,2041.0,416.0,881.0,6.0,78.0,564.0,35.0,5774.0,103.0,2024,10,2,14
19,257144,71,257145,189,3.0,3,1,26.0,2041.0,416.0,881.0,6.0,78.0,564.0,35.0,5774.0,103.0,2024,10,2,14
19,257138,112,257139,63,3.0,3,1,2126.0,3121.0,2726.0,2200.0,315.0,27.0,692.0,28.0,146.0,704.0,2024,10,2,11
19,257138,112,257139,63,3.0,5,1,2126.0,3121.0,2726.0,2200.0,315.0,27.0,692.0,28.0,146.0,704.0,2024,10,2,11
19,257136,122,257137,19,3.0,5,0,1401.0,169.0,2179.0,1834.0,2934.0,11.0,3248.0,1757.0,484.0,439.0,2024,10,2,9
19,257136,122,257137,19,3.0,4,0,1401.0,169.0,2179.0,1834.0,2934.0,11.0,3248.0,1757.0,484.0,439.0,2024,10,2,9
111,257608,85,257609,203,5.0,0,1,945.0,709.0,1548.0,2611.0,1002.0,3020.0,3192.0,4765.0,3526.0,5827.0,2024,11,6,19
111,257608,85,257609,203,5.0,1,0,945.0,709.0,1548.0,2611.0,1002.0,3020.0,3192.0,4765.0,3526.0,5827.0,2024,11,6,19
111,257608,85,257609,203,5.0,2,0,945.0,709.0,1548.0,2611.0,1002.0,3020.0,3192.0,4765.0,3526.0,5827.0,2024,11,6,19
111,257608,85,257609,203,5.0,4,0,945.0,709.0,1548.0,2611.0,1002.0,3020.0,3192.0,4765.0,3526.0,5827.0,2024,11,6,19
111,257616,166,257617,142,3.0,5,1,656.0,2894.0,3072.0,499.0,4011.0,994.0,4431.0,6470.0,4825.0,4600.0,2024,11,6,16
111,257616,166,257617,142,3.0,2,0,656.0,2894.0,3072.0,499.0,4011.0,994.0,4431.0,6470.0,4825.0,4600.0,2024,11,6,16
111,257616,166,257617,142,3.0,0,1,656.0,2894.0,3072.0,499.0,4011.0,994.0,4431.0,6470.0,4825.0,4600.0,2024,11,6,16
111,257606,181,257607,186,3.0,1,1,3020.0,3192.0,4765.0,3526.0,5827.0,656.0,2894.0,3072.0,499.0,4011.0,2024,11,5,22
111,257606,181,257607,186,3.0,0,1,3020.0,3192.0,4765.0,3526.0,5827.0,656.0,2894.0,3072.0,499.0,4011.0,2024,11,5,22
111,257578,166,257579,25,3.0,0,0,656.0,2894.0,3072.0,499.0,4011.0,877.0,3357.0,5875.0,4707.0,4613.0,2024,10,5,22
111,257578,166,257579,25,3.0,3,1,656.0,2894.0,3072.0,499.0,4011.0,877.0,3357.0,5875.0,4707.0,4613.0,2024,10,5,22
111,257578,166,257579,25,3.0,1,1,656.0,2894.0,3072.0,499.0,4011.0,877.0,3357.0,5875.0,4707.0,4613.0,2024,10,5,22
111,257572,23,257573,142,3.0,0,0,1958.0,164.0,1685.0,465.0,1004.0,994.0,4431.0,6470.0,4825.0,4600.0,2024,10,5,13
111,257572,23,257573,142,3.0,1,0,1958.0,164.0,1685.0,465.0,1004.0,994.0,4431.0,6470.0,4825.0,4600.0,2024,10,5,13
111,257572,23,257573,142,3.0,2,1,1958.0,164.0,1685.0,465.0,1004.0,994.0,4431.0,6470.0,4825.0,4600.0,2024,10,5,13
111,257222,109,257223,25,3.0,1,0,845.0,1817.0,1687.0,2810.0,2113.0,877.0,3357.0,5875.0,4707.0,4613.0,2024,10,4,21
111,257222,109,257223,25,3.0,0,0,845.0,1817.0,1687.0,2810.0,2113.0,877.0,3357.0,5875.0,4707.0,4613.0,2024,10,4,21
111,257220,90,257221,135,3.0,2,1,627.0,7944.0,3749.0,142.0,1850.0,143.0,7328.0,3396.0,1203.0,588.0,2024,10,4,18
111,257220,90,257221,135,3.0,8,1,627.0,7944.0,3749.0,142.0,1850.0,143.0,7328.0,3396.0,1203.0,588.0,2024,10,4,18
111,257216,187,257217,142,3.0,2,0,572.0,493.0,266.0,2785.0,163.0,994.0,4431.0,6470.0,4825.0,4600.0,2024,10,4,16
111,257216,187,257217,142,3.0,0,0,572.0,493.0,266.0,2785.0,163.0,994.0,4431.0,6470.0,4825.0,4600.0,2024,10,4,16
111,257218,42,257219,68,3.0,0,1,553.0,457.0,3459.0,5156.0,963.0,65.0,18.0,4048.0,495.0,570.0,2024,10,4,12
111,257218,42,257219,68,3.0,5,0,553.0,457.0,3459.0,5156.0,963.0,65.0,18.0,4048.0,495.0,570.0,2024,10,4,12
111,257218,42,257219,68,3.0,1,0,553.0,457.0,3459.0,5156.0,963.0,65.0,18.0,4048.0,495.0,570.0,2024,10,4,12
111,257188,23,257189,25,3.0,1,1,1958.0,164.0,1685.0,465.0,1004.0,877.0,3357.0,5875.0,4707.0,4613.0,2024,10,3,21
111,257188,23,257189,25,3.0,2,1,1958.0,164.0,1685.0,465.0,1004.0,877.0,3357.0,5875.0,4707.0,4613.0,2024,10,3,21
111,257186,17,257187,115,3.0,4,0,1008.0,1892.0,2070.0,3059.0,1343.0,845.0,1817.0,1687.0,2810.0,2113.0,2024,10,3,18
111,257186,17,257187,115,3.0,1,0,1008.0,1892.0,2070.0,3059.0,1343.0,845.0,1817.0,1687.0,2810.0,2113.0,2024,10,3,18
111,257172,109,257173,25,3.0,1,0,845.0,1817.0,1687.0,2810.0,2113.0,877.0,3357.0,5875.0,4707.0,4613.0,2024,10,3,15
111,257172,109,257173,25,3.0,4,0,845.0,1817.0,1687.0,2810.0,2113.0,877.0,3357.0,5875.0,4707.0,4613.0,2024,10,3,15
111,257170,23,257171,20,3.0,0,1,1958.0,164.0,1685.0,465.0,1004.0,1008.0,1892.0,2070.0,3059.0,1343.0,2024,10,3,12
111,257170,23,257171,20,3.0,4,1,1958.0,164.0,1685.0,465.0,1004.0,1008.0,1892.0,2070.0,3059.0,1343.0,2024,10,3,12
111,257184,85,257185,135,3.0,2,1,945.0,709.0,1548.0,2611.0,1002.0,143.0,7328.0,3396.0,1203.0,588.0,2024,10,2,23
111,257184,85,257185,135,3.0,8,1,945.0,709.0,1548.0,2611.0,1002.0,143.0,7328.0,3396.0,1203.0,588.0,2024,10,2,23
111,257168,90,257169,135,3.0,4,0,627.0,7944.0,3749.0,142.0,1850.0,143.0,7328.0,3396.0,1203.0,588.0,2024,10,2,16
111,257168,90,257169,135,3.0,5,1,627.0,7944.0,3749.0,142.0,1850.0,143.0,7328.0,3396.0,1203.0,588.0,2024,10,2,16
111,257168,90,257169,135,3.0,8,0,627.0,7944.0,3749.0,142.0,1850.0,143.0,7328.0,3396.0,1203.0,588.0,2024,10,2,16
111,257166,85,257167,112,3.0,0,1,945.0,709.0,1548.0,2611.0,1002.0,997.0,1165.0,205.0,8499.0,6735.0,2024,10,2,12
111,257166,85,257167,112,3.0,2,0,945.0,709.0,1548.0,2611.0,1002.0,997.0,1165.0,205.0,8499.0,6735.0,2024,10,2,12
111,257166,85,257167,112,3.0,1,1,945.0,709.0,1548.0,2611.0,1002.0,997.0,1165.0,205.0,8499.0,6735.0,2024,10,2,12
111,257180,181,257181,68,3.0,4,1,3020.0,3192.0,4765.0,3526.0,5827.0,65.0,18.0,4048.0,495.0,570.0,2024,10,1,21
111,257180,181,257181,68,3.0,2,1,3020.0,3192.0,4765.0,3526.0,5827.0,65.0,18.0,4048.0,495.0,570.0,2024,10,1,21
111,257178,42,257179,8,3.0,4,1,553.0,457.0,3459.0,5156.0,963.0,4393.0,2846.0,3760.0,5345.0,4530.0,2024,10,1,19
111,257178,42,257179,8,3.0,0,1,553.0,457.0,3459.0,5156.0,963.0,4393.0,2846.0,3760.0,5345.0,4530.0,2024,10,1,19
111,257164,6,257165,68,3.0,2,0,4393.0,2846.0,3760.0,5345.0,4530.0,65.0,18.0,4048.0,495.0,570.0,2024,10,1,15
111,257164,6,257165,68,3.0,3,0,4393.0,2846.0,3760.0,5345.0,4530.0,65.0,18.0,4048.0,495.0,570.0,2024,10,1,15
111,257164,6,257165,68,3.0,0,1,4393.0,2846.0,3760.0,5345.0,4530.0,65.0,18.0,4048.0,495.0,570.0,2024,10,1,15
111,257162,181,257163,41,3.0,0,1,3020.0,3192.0,4765.0,3526.0,5827.0,553.0,457.0,3459.0,5156.0,963.0,2024,10,1,12
111,257162,181,257163,41,3.0,2,1,3020.0,3192.0,4765.0,3526.0,5827.0,553.0,457.0,3459.0,5156.0,963.0,2024,10,1,12
111,257176,166,257177,142,3.0,0,1,656.0,2894.0,3072.0,499.0,4011.0,994.0,4431.0,6470.0,4825.0,4600.0,2024,10,0,22
111,257176,166,257177,142,3.0,3,1,656.0,2894.0,3072.0,499.0,4011.0,994.0,4431.0,6470.0,4825.0,4600.0,2024,10,0,22
111,257174,167,257175,214,3.0,4,0,150.0,41.0,982.0,12.0,44.0,572.0,493.0,266.0,2785.0,163.0,2024,10,0,19
111,257174,167,257175,214,3.0,1,0,150.0,41.0,982.0,12.0,44.0,572.0,493.0,266.0,2785.0,163.0,2024,10,0,19
111,257158,167,257159,186,3.0,5,0,150.0,41.0,982.0,12.0,44.0,656.0,2894.0,3072.0,499.0,4011.0,2024,10,0,12
111,257158,167,257159,186,3.0,1,0,150.0,41.0,982.0,12.0,44.0,656.0,2894.0,3072.0,499.0,4011.0,2024,10,0,12
74,256664,112,256665,128,5.0,3,0,2126.0,3121.0,2726.0,2200.0,315.0,1401.0,169.0,2179.0,1834.0,2934.0,2024,10,6,20
74,256664,112,256665,128,5.0,2,0,2126.0,3121.0,2726.0,2200.0,315.0,1401.0,169.0,2179.0,1834.0,2934.0,2024,10,6,20
74,256664,112,256665,128,5.0,4,1,2126.0,3121.0,2726.0,2200.0,315.0,1401.0,169.0,2179.0,1834.0,2934.0,2024,10,6,20
74,256664,112,256665,128,5.0,0,0,2126.0,3121.0,2726.0,2200.0,315.0,1401.0,169.0,2179.0,1834.0,2934.0,2024,10,6,20
74,256660,112,256661,61,3.0,4,1,2126.0,3121.0,2726.0,2200.0,315.0,625.0,628.0,1.0,204.0,983.0,2024,10,5,21
74,256660,112,256661,61,3.0,5,1,2126.0,3121.0,2726.0,2200.0,315.0,625.0,628.0,1.0,204.0,983.0,2024,10,5,21
74,256662,85,256663,128,3.0,2,0,945.0,709.0,1548.0,2611.0,1002.0,1401.0,169.0,2179.0,1834.0,2934.0,2024,10,5,18
74,256662,85,256663,128,3.0,0,1,945.0,709.0,1548.0,2611.0,1002.0,1401.0,169.0,2179.0,1834.0,2934.0,2024,10,5,18
74,256662,85,256663,128,3.0,4,0,945.0,709.0,1548.0,2611.0,1002.0,1401.0,169.0,2179.0,1834.0,2934.0,2024,10,5,18
74,256656,177,256657,118,3.0,4,1,19.0,550.0,3060.0,1549.0,1443.0,2126.0,3121.0,2726.0,2200.0,315.0,2024,10,4,21
74,256656,177,256657,118,3.0,5,0,19.0,550.0,3060.0,1549.0,1443.0,2126.0,3121.0,2726.0,2200.0,315.0,2024,10,4,21
74,256656,177,256657,118,3.0,3,0,19.0,550.0,3060.0,1549.0,1443.0,2126.0,3121.0,2726.0,2200.0,315.0,2024,10,4,21
74,256658,122,256659,214,3.0,0,1,1401.0,169.0,2179.0,1834.0,2934.0,572.0,493.0,266.0,2785.0,163.0,2024,10,4,18
74,256658,122,256659,214,3.0,3,1,1401.0,169.0,2179.0,1834.0,2934.0,572.0,493.0,266.0,2785.0,163.0,2024,10,4,18
74,256654,187,256655,203,3.0,0,1,572.0,493.0,266.0,2785.0,163.0,3020.0,3192.0,4765.0,3526.0,5827.0,2024,10,2,22
74,256654,187,256655,203,3.0,2,1,572.0,493.0,266.0,2785.0,163.0,3020.0,3192.0,4765.0,3526.0,5827.0,2024,10,2,22
74,256638,112,256639,63,3.0,4,0,2126.0,3121.0,2726.0,2200.0,315.0,27.0,692.0,28.0,146.0,704.0,2024,10,2,22
74,256638,112,256639,63,3.0,2,1,2126.0,3121.0,2726.0,2200.0,315.0,27.0,692.0,28.0,146.0,704.0,2024,10,2,22
74,256638,112,256639,63,3.0,5,1,2126.0,3121.0,2726.0,2200.0,315.0,27.0,692.0,28.0,146.0,704.0,2024,10,2,22
74,256628,122,256629,61,3.0,5,0,1401.0,169.0,2179.0,1834.0,2934.0,625.0,628.0,1.0,204.0,983.0,2024,10,2,20
74,256628,122,256629,61,3.0,4,0,1401.0,169.0,2179.0,1834.0,2934.0,625.0,628.0,1.0,204.0,983.0,2024,10,2,20
74,256644,177,256645,89,3.0,1,0,19.0,550.0,3060.0,1549.0,1443.0,945.0,709.0,1548.0,2611.0,1002.0,2024,10,2,19
74,256644,177,256645,89,3.0,4,0,19.0,550.0,3060.0,1549.0,1443.0,945.0,709.0,1548.0,2611.0,1002.0,2024,10,2,19
74,256650,16,256651,214,3.0,4,0,11.0,3248.0,1757.0,484.0,439.0,572.0,493.0,266.0,2785.0,163.0,2024,10,2,17
74,256650,16,256651,214,3.0,0,0,11.0,3248.0,1757.0,484.0,439.0,572.0,493.0,266.0,2785.0,163.0,2024,10,2,17
74,256652,181,256653,57,3.0,1,1,3020.0,3192.0,4765.0,3526.0,5827.0,158.0,4903.0,156.0,157.0,197.0,2024,10,2,17
74,256652,181,256653,57,3.0,3,1,3020.0,3192.0,4765.0,3526.0,5827.0,158.0,4903.0,156.0,157.0,197.0,2024,10,2,17
74,256652,181,256653,57,3.0,4,0,3020.0,3192.0,4765.0,3526.0,5827.0,158.0,4903.0,156.0,157.0,197.0,2024,10,2,17
74,256634,112,256635,42,3.0,3,1,2126.0,3121.0,2726.0,2200.0,315.0,472.0,532.0,749.0,540.0,32.0,2024,10,1,22
74,256634,112,256635,42,3.0,8,1,2126.0,3121.0,2726.0,2200.0,315.0,472.0,532.0,749.0,540.0,32.0,2024,10,1,22
74,256636,168,256637,63,3.0,2,0,78.0,564.0,35.0,5774.0,103.0,27.0,692.0,28.0,146.0,704.0,2024,10,1,22
74,256636,168,256637,63,3.0,3,0,78.0,564.0,35.0,5774.0,103.0,27.0,692.0,28.0,146.0,704.0,2024,10,1,22
74,256642,16,256643,89,3.0,4,0,11.0,3248.0,1757.0,484.0,439.0,945.0,709.0,1548.0,2611.0,1002.0,2024,10,1,20
74,256642,16,256643,89,3.0,0,0,11.0,3248.0,1757.0,484.0,439.0,945.0,709.0,1548.0,2611.0,1002.0,2024,10,1,20
74,256648,57,256649,73,3.0,4,1,158.0,4903.0,156.0,157.0,197.0,26.0,2041.0,416.0,881.0,6.0,2024,10,1,19
74,256648,57,256649,73,3.0,1,1,158.0,4903.0,156.0,157.0,197.0,26.0,2041.0,416.0,881.0,6.0,2024,10,1,19
74,256640,177,256641,203,3.0,3,1,19.0,550.0,3060.0,1549.0,1443.0,3020.0,3192.0,4765.0,3526.0,5827.0,2024,10,1,17
74,256640,177,256641,203,3.0,5,1,19.0,550.0,3060.0,1549.0,1443.0,3020.0,3192.0,4765.0,3526.0,5827.0,2024,10,1,17
74,256646,6,256647,214,3.0,4,0,4393.0,2846.0,3760.0,5345.0,4530.0,572.0,493.0,266.0,2785.0,163.0,2024,10,1,17
74,256646,6,256647,214,3.0,3,0,4393.0,2846.0,3760.0,5345.0,4530.0,572.0,493.0,266.0,2785.0,163.0,2024,10,1,17
74,256646,6,256647,214,3.0,0,1,4393.0,2846.0,3760.0,5345.0,4530.0,572.0,493.0,266.0,2785.0,163.0,2024,10,1,17
74,256624,122,256625,189,3.0,3,0,1401.0,169.0,2179.0,1834.0,2934.0,78.0,564.0,35.0,5774.0,103.0,2024,10,1,1
74,256624,122,256625,189,3.0,2,1,1401.0,169.0,2179.0,1834.0,2934.0,78.0,564.0,35.0,5774.0,103.0,2024,10,1,1
74,256624,122,256625,189,3.0,0,1,1401.0,169.0,2179.0,1834.0,2934.0,78.0,564.0,35.0,5774.0,103.0,2024,10,1,1
74,256630,90,256631,42,3.0,1,0,627.0,7944.0,3749.0,142.0,1850.0,472.0,532.0,749.0,540.0,32.0,2024,10,1,0
74,256630,90,256631,42,3.0,8,1,627.0,7944.0,3749.0,142.0,1850.0,472.0,532.0,749.0,540.0,32.0,2024,10,1,0
74,256632,63,256633,227,3.0,4,0,27.0,692.0,28.0,146.0,704.0,690.0,3746.0,2710.0,1871.0,5620.0,2024,10,0,21
74,256632,63,256633,227,3.0,2,1,27.0,692.0,28.0,146.0,704.0,690.0,3746.0,2710.0,1871.0,5620.0,2024,10,0,21
74,256632,63,256633,227,3.0,5,1,27.0,692.0,28.0,146.0,704.0,690.0,3746.0,2710.0,1871.0,5620.0,2024,10,0,21
74,256626,61,256627,118,3.0,4,0,625.0,628.0,1.0,204.0,983.0,2126.0,3121.0,2726.0,2200.0,315.0,2024,10,0,21
74,256626,61,256627,118,3.0,5,1,625.0,628.0,1.0,204.0,983.0,2126.0,3121.0,2726.0,2200.0,315.0,2024,10,0,21
74,256626,61,256627,118,3.0,2,1,625.0,628.0,1.0,204.0,983.0,2126.0,3121.0,2726.0,2200.0,315.0,2024,10,0,21
74,256312,57,256313,19,1.0,3,0,158.0,4903.0,156.0,157.0,197.0,11.0,3248.0,1757.0,484.0,439.0,2024,10,0,20
74,256310,181,256311,214,1.0,4,1,3020.0,3192.0,4765.0,3526.0,5827.0,572.0,493.0,266.0,2785.0,163.0,2024,10,0,20
74,256308,177,256309,8,1.0,4,1,19.0,550.0,3060.0,1549.0,1443.0,4393.0,2846.0,3760.0,5345.0,4530.0,2024,10,0,19
74,256314,85,256315,73,1.0,2,1,945.0,709.0,1548.0,2611.0,1002.0,26.0,2041.0,416.0,881.0,6.0,2024,10,0,19
74,256302,43,256303,189,1.0,3,0,472.0,532.0,749.0,540.0,32.0,78.0,564.0,35.0,5774.0,103.0,2024,10,0,18
74,256304,63,256305,61,1.0,2,0,27.0,692.0,28.0,146.0,704.0,625.0,628.0,1.0,204.0,983.0,2024,10,0,17
12,255882,71,255883,128,5.0,0,1,26.0,2041.0,416.0,881.0,6.0,1401.0,169.0,2179.0,1834.0,2934.0,2024,9,6,17
12,255882,71,255883,128,5.0,4,0,26.0,2041.0,416.0,881.0,6.0,1401.0,169.0,2179.0,1834.0,2934.0,2024,9,6,17
12,255882,71,255883,128,5.0,3,1,26.0,2041.0,416.0,881.0,6.0,1401.0,169.0,2179.0,1834.0,2934.0,2024,9,6,17
12,255882,71,255883,128,5.0,2,1,26.0,2041.0,416.0,881.0,6.0,1401.0,169.0,2179.0,1834.0,2934.0,2024,9,6,17
12,255880,122,255881,63,3.0,1,1,1401.0,169.0,2179.0,1834.0,2934.0,27.0,692.0,28.0,146.0,704.0,2024,9,5,21
12,255880,122,255881,63,3.0,0,1,1401.0,169.0,2179.0,1834.0,2934.0,27.0,692.0,28.0,146.0,704.0,2024,9,5,21
12,255880,122,255881,63,3.0,3,0,1401.0,169.0,2179.0,1834.0,2934.0,27.0,692.0,28.0,146.0,704.0,2024,9,5,21
12,255878,177,255879,73,3.0,1,1,19.0,550.0,3060.0,1549.0,1443.0,26.0,2041.0,416.0,881.0,6.0,2024,9,5,17
12,255878,177,255879,73,3.0,2,0,19.0,550.0,3060.0,1549.0,1443.0,26.0,2041.0,416.0,881.0,6.0,2024,9,5,17
12,255878,177,255879,73,3.0,4,0,19.0,550.0,3060.0,1549.0,1443.0,26.0,2041.0,416.0,881.0,6.0,2024,9,5,17
12,255876,63,255877,189,3.0,3,1,27.0,692.0,28.0,146.0,704.0,78.0,564.0,35.0,5774.0,103.0,2024,9,4,20
12,255876,63,255877,189,3.0,4,1,27.0,692.0,28.0,146.0,704.0,78.0,564.0,35.0,5774.0,103.0,2024,9,4,20
12,255874,71,255875,196,3.0,4,1,26.0,2041.0,416.0,881.0,6.0,1003.0,295.0,3397.0,4710.0,965.0,2024,9,4,17
12,255874,71,255875,196,3.0,2,1,26.0,2041.0,416.0,881.0,6.0,1003.0,295.0,3397.0,4710.0,965.0,2024,9,4,17
12,255816,177,255817,189,3.0,5,1,19.0,550.0,3060.0,1549.0,1443.0,78.0,564.0,35.0,5774.0,103.0,2024,9,3,21
12,255816,177,255817,189,3.0,1,1,19.0,550.0,3060.0,1549.0,1443.0,78.0,564.0,35.0,5774.0,103.0,2024,9,3,21
12,255814,16,255815,196,3.0,2,0,11.0,3248.0,1757.0,484.0,439.0,1003.0,295.0,3397.0,4710.0,965.0,2024,9,3,18
12,255814,16,255815,196,3.0,4,0,11.0,3248.0,1757.0,484.0,439.0,1003.0,295.0,3397.0,4710.0,965.0,2024,9,3,18
12,255814,16,255815,196,3.0,0,1,11.0,3248.0,1757.0,484.0,439.0,1003.0,295.0,3397.0,4710.0,965.0,2024,9,3,18
12,255812,122,255813,73,3.0,0,1,1401.0,169.0,2179.0,1834.0,2934.0,26.0,2041.0,416.0,881.0,6.0,2024,9,3,16
12,255812,122,255813,73,3.0,2,1,1401.0,169.0,2179.0,1834.0,2934.0,26.0,2041.0,416.0,881.0,6.0,2024,9,3,16
12,255810,167,255811,63,3.0,2,0,150.0,41.0,982.0,1661.0,12.0,27.0,692.0,28.0,146.0,704.0,2024,9,3,13
12,255810,167,255811,63,3.0,5,0,150.0,41.0,982.0,1661.0,12.0,27.0,692.0,28.0,146.0,704.0,2024,9,3,13
12,255810,167,255811,63,3.0,0,1,150.0,41.0,982.0,1661.0,12.0,27.0,692.0,28.0,146.0,704.0,2024,9,3,13
12,255124,175,255125,189,3.0,5,0,1003.0,295.0,3397.0,4710.0,965.0,78.0,564.0,35.0,5774.0,103.0,2024,9,2,20
12,255124,175,255125,189,3.0,1,0,1003.0,295.0,3397.0,4710.0,965.0,78.0,564.0,35.0,5774.0,103.0,2024,9,2,20
12,255124,175,255125,189,3.0,2,1,1003.0,295.0,3397.0,4710.0,965.0,78.0,564.0,35.0,5774.0,103.0,2024,9,2,20
12,255122,177,255123,19,3.0,3,1,19.0,550.0,3060.0,1549.0,1443.0,11.0,3248.0,1757.0,484.0,439.0,2024,9,2,18
12,255122,177,255123,19,3.0,2,1,19.0,550.0,3060.0,1549.0,1443.0,11.0,3248.0,1757.0,484.0,439.0,2024,9,2,18
12,255120,71,255121,63,3.0,3,0,26.0,2041.0,416.0,881.0,6.0,27.0,692.0,28.0,146.0,704.0,2024,9,2,15
12,255120,71,255121,63,3.0,2,1,26.0,2041.0,416.0,881.0,6.0,27.0,692.0,28.0,146.0,704.0,2024,9,2,15
12,255120,71,255121,63,3.0,4,1,26.0,2041.0,416.0,881.0,6.0,27.0,692.0,28.0,146.0,704.0,2024,9,2,15
12,255118,122,255119,188,3.0,0,1,1401.0,169.0,2179.0,1834.0,2934.0,150.0,41.0,982.0,1661.0,12.0,2024,9,2,13
12,255118,122,255119,188,3.0,1,1,1401.0,169.0,2179.0,1834.0,2934.0,150.0,41.0,982.0,1661.0,12.0,2024,9,2,13
43,255360,57,255361,128,5.0,1,0,158.0,4903.0,156.0,157.0,197.0,2934.0,1401.0,169.0,2179.0,1834.0,2024,9,6,18
43,255360,57,255361,128,5.0,5,1,158.0,4903.0,156.0,157.0,197.0,2934.0,1401.0,169.0,2179.0,1834.0,2024,9,6,18
43,255360,57,255361,128,5.0,2,0,158.0,4903.0,156.0,157.0,197.0,2934.0,1401.0,169.0,2179.0,1834.0,2024,9,6,18
43,255360,57,255361,128,5.0,0,0,158.0,4903.0,156.0,157.0,197.0,2934.0,1401.0,169.0,2179.0,1834.0,2024,9,6,18
43,255360,57,255361,128,5.0,3,1,158.0,4903.0,156.0,157.0,197.0,2934.0,1401.0,169.0,2179.0,1834.0,2024,9,6,18
43,255358,71,255359,128,3.0,3,0,26.0,2041.0,416.0,881.0,6.0,2934.0,1401.0,169.0,2179.0,1834.0,2024,9,5,20
43,255358,71,255359,128,3.0,0,0,26.0,2041.0,416.0,881.0,6.0,2934.0,1401.0,169.0,2179.0,1834.0,2024,9,5,20
43,255358,71,255359,128,3.0,5,1,26.0,2041.0,416.0,881.0,6.0,2934.0,1401.0,169.0,2179.0,1834.0,2024,9,5,20
43,255356,57,255357,116,3.0,3,1,158.0,4903.0,156.0,157.0,197.0,216.0,4498.0,4574.0,1507.0,2707.0,2024,9,5,17
43,255356,57,255357,116,3.0,5,1,158.0,4903.0,156.0,157.0,197.0,216.0,4498.0,4574.0,1507.0,2707.0,2024,9,5,17
43,255344,71,255345,189,3.0,3,1,26.0,2041.0,416.0,881.0,6.0,35.0,78.0,564.0,5774.0,103.0,2024,9,4,20
43,255344,71,255345,189,3.0,5,1,26.0,2041.0,416.0,881.0,6.0,35.0,78.0,564.0,5774.0,103.0,2024,9,4,20
43,255344,71,255345,189,3.0,4,0,26.0,2041.0,416.0,881.0,6.0,35.0,78.0,564.0,5774.0,103.0,2024,9,4,20
43,255346,122,255347,196,3.0,4,1,2934.0,1401.0,169.0,2179.0,1834.0,1003.0,295.0,3397.0,4710.0,965.0,2024,9,4,17
43,255346,122,255347,196,3.0,2,1,2934.0,1401.0,169.0,2179.0,1834.0,1003.0,295.0,3397.0,4710.0,965.0,2024,9,4,17
43,255340,177,255341,57,3.0,1,0,19.0,550.0,3060.0,1443.0,1549.0,158.0,4903.0,156.0,157.0,197.0,2024,9,3,20
43,255340,177,255341,57,3.0,5,1,19.0,550.0,3060.0,1443.0,1549.0,158.0,4903.0,156.0,157.0,197.0,2024,9,3,20
43,255340,177,255341,57,3.0,3,0,19.0,550.0,3060.0,1443.0,1549.0,158.0,4903.0,156.0,157.0,197.0,2024,9,3,20
43,255342,109,255343,116,3.0,0,0,845.0,1817.0,1687.0,2810.0,2113.0,216.0,4498.0,4574.0,1507.0,2707.0,2024,9,3,17
43,255342,109,255343,116,3.0,1,0,845.0,1817.0,1687.0,2810.0,2113.0,216.0,4498.0,4574.0,1507.0,2707.0,2024,9,3,17
43,255336,168,255337,42,3.0,5,1,35.0,78.0,564.0,5774.0,103.0,472.0,532.0,749.0,540.0,32.0,2024,9,2,21
43,255336,168,255337,42,3.0,1,1,35.0,78.0,564.0,5774.0,103.0,472.0,532.0,749.0,540.0,32.0,2024,9,2,21
43,255332,57,255333,203,3.0,4,0,158.0,4903.0,156.0,157.0,197.0,3020.0,3192.0,4765.0,3526.0,5827.0,2024,9,2,14
43,255332,57,255333,203,3.0,3,1,158.0,4903.0,156.0,157.0,197.0,3020.0,3192.0,4765.0,3526.0,5827.0,2024,9,2,14
43,255332,57,255333,203,3.0,1,1,158.0,4903.0,156.0,157.0,197.0,3020.0,3192.0,4765.0,3526.0,5827.0,2024,9,2,14
43,255334,110,255335,89,3.0,4,0,216.0,4498.0,4574.0,1507.0,2707.0,945.0,1548.0,709.0,2611.0,1002.0,2024,9,2,14
43,255334,110,255335,89,3.0,1,1,216.0,4498.0,4574.0,1507.0,2707.0,945.0,1548.0,709.0,2611.0,1002.0,2024,9,2,14
43,255334,110,255335,89,3.0,5,1,216.0,4498.0,4574.0,1507.0,2707.0,945.0,1548.0,709.0,2611.0,1002.0,2024,9,2,14
43,255352,43,255353,63,3.0,1,1,472.0,532.0,749.0,540.0,32.0,27.0,692.0,28.0,704.0,146.0,2024,9,1,20
43,255352,43,255353,63,3.0,2,1,472.0,532.0,749.0,540.0,32.0,27.0,692.0,28.0,704.0,146.0,2024,9,1,20
43,255354,61,255355,196,3.0,1,0,983.0,625.0,628.0,1.0,204.0,1003.0,295.0,3397.0,4710.0,965.0,2024,9,1,17
43,255354,61,255355,196,3.0,5,0,983.0,625.0,628.0,1.0,204.0,1003.0,295.0,3397.0,4710.0,965.0,2024,9,1,17
43,255350,85,255351,214,3.0,2,1,945.0,1548.0,709.0,2611.0,1002.0,572.0,493.0,266.0,2785.0,163.0,2024,9,1,14
43,255350,85,255351,214,3.0,0,1,945.0,1548.0,709.0,2611.0,1002.0,572.0,493.0,266.0,2785.0,163.0,2024,9,1,14
43,255348,181,255349,27,3.0,5,1,3020.0,3192.0,4765.0,3526.0,5827.0,1958.0,164.0,465.0,1685.0,1004.0,2024,9,1,14
43,255348,181,255349,27,3.0,0,0,3020.0,3192.0,4765.0,3526.0,5827.0,1958.0,164.0,465.0,1685.0,1004.0,2024,9,1,14
43,255348,181,255349,27,3.0,4,1,3020.0,3192.0,4765.0,3526.0,5827.0,1958.0,164.0,465.0,1685.0,1004.0,2024,9,1,14
43,254460,177,254461,189,3.0,1,0,19.0,550.0,3060.0,1443.0,1549.0,35.0,78.0,564.0,5774.0,103.0,2024,9,6,20
43,254460,177,254461,189,3.0,2,1,19.0,550.0,3060.0,1443.0,1549.0,35.0,78.0,564.0,5774.0,103.0,2024,9,6,20
43,254460,177,254461,189,3.0,5,1,19.0,550.0,3060.0,1443.0,1549.0,35.0,78.0,564.0,5774.0,103.0,2024,9,6,20
43,254478,145,254479,61,3.0,5,0,3.0,1913.0,147.0,996.0,5028.0,983.0,625.0,628.0,1.0,204.0,2024,9,6,17
43,254478,145,254479,61,3.0,1,0,3.0,1913.0,147.0,996.0,5028.0,983.0,625.0,628.0,1.0,204.0,2024,9,6,17
43,254454,112,254455,42,3.0,8,0,2726.0,2126.0,3121.0,315.0,2200.0,472.0,532.0,749.0,540.0,32.0,2024,9,6,14
43,254454,112,254455,42,3.0,0,0,2726.0,2126.0,3121.0,315.0,2200.0,472.0,532.0,749.0,540.0,32.0,2024,9,6,14
43,254436,90,254437,115,3.0,2,0,627.0,7944.0,3749.0,142.0,1850.0,845.0,1817.0,1687.0,2810.0,2113.0,2024,9,5,21
43,254436,90,254437,115,3.0,8,0,627.0,7944.0,3749.0,142.0,1850.0,845.0,1817.0,1687.0,2810.0,2113.0,2024,9,5,21
43,254452,43,254453,19,3.0,5,1,472.0,532.0,749.0,540.0,32.0,11.0,484.0,1757.0,3248.0,3032.0,2024,9,5,17
43,254452,43,254453,19,3.0,8,1,472.0,532.0,749.0,540.0,32.0,11.0,484.0,1757.0,3248.0,3032.0,2024,9,5,17
43,254452,43,254453,19,3.0,3,0,472.0,532.0,749.0,540.0,32.0,11.0,484.0,1757.0,3248.0,3032.0,2024,9,5,17
43,254450,68,254451,118,3.0,8,0,495.0,4048.0,65.0,2049.0,18.0,2726.0,2126.0,3121.0,315.0,2200.0,2024,9,5,14
43,254450,68,254451,118,3.0,4,0,495.0,4048.0,65.0,2049.0,18.0,2726.0,2126.0,3121.0,315.0,2200.0,2024,9,5,14
43,254474,167,254475,156,3.0,2,0,150.0,41.0,982.0,1661.0,12.0,3.0,1913.0,147.0,996.0,5028.0,2024,9,5,14
43,254474,167,254475,156,3.0,4,0,150.0,41.0,982.0,1661.0,12.0,3.0,1913.0,147.0,996.0,5028.0,2024,9,5,14
43,254472,61,254473,214,3.0,2,1,983.0,625.0,628.0,1.0,204.0,572.0,493.0,266.0,2785.0,163.0,2024,9,4,21
43,254472,61,254473,214,3.0,4,0,983.0,625.0,628.0,1.0,204.0,572.0,493.0,266.0,2785.0,163.0,2024,9,4,21
43,254472,61,254473,214,3.0,8,0,983.0,625.0,628.0,1.0,204.0,572.0,493.0,266.0,2785.0,163.0,2024,9,4,21
43,254448,23,254449,42,3.0,2,1,1958.0,164.0,465.0,1685.0,1004.0,472.0,532.0,749.0,540.0,32.0,2024,9,4,18
43,254448,23,254449,42,3.0,0,1,1958.0,164.0,465.0,1685.0,1004.0,472.0,532.0,749.0,540.0,32.0,2024,9,4,18
43,254448,23,254449,42,3.0,8,0,1958.0,164.0,465.0,1685.0,1004.0,472.0,532.0,749.0,540.0,32.0,2024,9,4,18
43,254446,152,254447,19,3.0,4,0,901.0,1069.0,4164.0,2143.0,4314.0,11.0,484.0,1757.0,3248.0,3032.0,2024,9,4,17
43,254446,152,254447,19,3.0,3,0,901.0,1069.0,4164.0,2143.0,4314.0,11.0,484.0,1757.0,3248.0,3032.0,2024,9,4,17
43,254468,61,254469,156,3.0,1,0,983.0,625.0,628.0,1.0,204.0,3.0,1913.0,147.0,996.0,5028.0,2024,9,4,14
43,254468,61,254469,156,3.0,5,1,983.0,625.0,628.0,1.0,204.0,3.0,1913.0,147.0,996.0,5028.0,2024,9,4,14
43,254468,61,254469,156,3.0,8,1,983.0,625.0,628.0,1.0,204.0,3.0,1913.0,147.0,996.0,5028.0,2024,9,4,14
43,254466,167,254467,214,3.0,2,1,150.0,41.0,982.0,1661.0,12.0,572.0,493.0,266.0,2785.0,163.0,2024,9,4,14
43,254466,167,254467,214,3.0,8,0,150.0,41.0,982.0,1661.0,12.0,572.0,493.0,266.0,2785.0,163.0,2024,9,4,14
43,254466,167,254467,214,3.0,0,0,150.0,41.0,982.0,1661.0,12.0,572.0,493.0,266.0,2785.0,163.0,2024,9,4,14
43,254444,23,254445,68,3.0,1,1,1958.0,164.0,465.0,1685.0,1004.0,495.0,4048.0,65.0,2049.0,18.0,2024,9,3,20
43,254444,23,254445,68,3.0,4,1,1958.0,164.0,465.0,1685.0,1004.0,495.0,4048.0,65.0,2049.0,18.0,2024,9,3,20
43,254442,43,254443,118,3.0,5,1,472.0,532.0,749.0,540.0,32.0,2726.0,2126.0,3121.0,315.0,2200.0,2024,9,3,20
43,254442,43,254443,118,3.0,8,1,472.0,532.0,749.0,540.0,32.0,2726.0,2126.0,3121.0,315.0,2200.0,2024,9,3,20
43,254456,50,254457,156,3.0,1,0,15.0,789.0,1627.0,607.0,5630.0,3.0,1913.0,147.0,996.0,5028.0,2024,9,3,17
43,254456,50,254457,156,3.0,8,1,15.0,789.0,1627.0,607.0,5630.0,3.0,1913.0,147.0,996.0,5028.0,2024,9,3,17
43,254456,50,254457,156,3.0,0,0,15.0,789.0,1627.0,607.0,5630.0,3.0,1913.0,147.0,996.0,5028.0,2024,9,3,17
43,254464,177,254465,61,3.0,2,1,19.0,550.0,3060.0,1443.0,1549.0,983.0,625.0,628.0,1.0,204.0,2024,9,3,17
43,254464,177,254465,61,3.0,8,1,19.0,550.0,3060.0,1443.0,1549.0,983.0,625.0,628.0,1.0,204.0,2024,9,3,17
43,254458,168,254459,214,3.0,2,1,35.0,78.0,564.0,5774.0,103.0,572.0,493.0,266.0,2785.0,163.0,2024,9,3,14
43,254458,168,254459,214,3.0,0,1,35.0,78.0,564.0,5774.0,103.0,572.0,493.0,266.0,2785.0,163.0,2024,9,3,14
43,254440,112,254441,96,3.0,3,0,2726.0,2126.0,3121.0,315.0,2200.0,627.0,7944.0,3749.0,142.0,1850.0,2024,9,2,20
43,254440,112,254441,96,3.0,2,0,2726.0,2126.0,3121.0,315.0,2200.0,627.0,7944.0,3749.0,142.0,1850.0,2024,9,2,20
43,254438,109,254439,68,3.0,1,1,845.0,1817.0,1687.0,2810.0,2113.0,495.0,4048.0,65.0,2049.0,18.0,2024,9,2,20
43,254438,109,254439,68,3.0,3,1,845.0,1817.0,1687.0,2810.0,2113.0,495.0,4048.0,65.0,2049.0,18.0,2024,9,2,20
43,254432,43,254433,19,3.0,8,1,472.0,532.0,749.0,540.0,32.0,11.0,484.0,1757.0,3248.0,3032.0,2024,9,2,17
43,254432,43,254433,19,3.0,3,1,472.0,532.0,749.0,540.0,32.0,11.0,484.0,1757.0,3248.0,3032.0,2024,9,2,17
43,254434,152,254435,27,3.0,5,0,901.0,1069.0,4164.0,2143.0,4314.0,1958.0,164.0,465.0,1685.0,1004.0,2024,9,2,17
43,254434,152,254435,27,3.0,4,0,901.0,1069.0,4164.0,2143.0,4314.0,1958.0,164.0,465.0,1685.0,1004.0,2024,9,2,17
43,249816,61,249817,188,3.0,1,0,983.0,625.0,628.0,1.0,204.0,150.0,41.0,982.0,1661.0,12.0,2024,9,2,14
43,249816,61,249817,188,3.0,2,1,983.0,625.0,628.0,1.0,204.0,150.0,41.0,982.0,1661.0,12.0,2024,9,2,14
43,249816,61,249817,188,3.0,5,1,983.0,625.0,628.0,1.0,204.0,150.0,41.0,982.0,1661.0,12.0,2024,9,2,14
43,249820,145,249821,214,3.0,2,0,3.0,1913.0,147.0,996.0,5028.0,572.0,493.0,266.0,2785.0,163.0,2024,9,1,21
43,249810,43,249811,115,3.0,0,0,472.0,532.0,749.0,540.0,32.0,845.0,1817.0,1687.0,2810.0,2113.0,2024,9,1,20
43,249810,43,249811,115,3.0,1,0,472.0,532.0,749.0,540.0,32.0,845.0,1817.0,1687.0,2810.0,2113.0,2024,9,1,20
43,249808,23,249809,96,3.0,2,0,1958.0,164.0,465.0,1685.0,1004.0,627.0,7944.0,3749.0,142.0,1850.0,2024,9,1,18
43,249808,23,249809,96,3.0,4,0,1958.0,164.0,465.0,1685.0,1004.0,627.0,7944.0,3749.0,142.0,1850.0,2024,9,1,18
43,249808,23,249809,96,3.0,5,1,1958.0,164.0,465.0,1685.0,1004.0,627.0,7944.0,3749.0,142.0,1850.0,2024,9,1,18
43,249818,168,249819,50,3.0,5,1,35.0,78.0,564.0,5774.0,103.0,15.0,789.0,1627.0,607.0,5630.0,2024,9,1,17
43,249818,168,249819,50,3.0,1,1,35.0,78.0,564.0,5774.0,103.0,15.0,789.0,1627.0,607.0,5630.0,2024,9,1,17
43,249806,112,249807,168,3.0,3,1,2726.0,2126.0,3121.0,315.0,2200.0,901.0,1069.0,4164.0,2143.0,4314.0,2024,9,1,14
43,249806,112,249807,168,3.0,8,1,2726.0,2126.0,3121.0,315.0,2200.0,901.0,1069.0,4164.0,2143.0,4314.0,2024,9,1,14
43,249806,112,249807,168,3.0,4,0,2726.0,2126.0,3121.0,315.0,2200.0,901.0,1069.0,4164.0,2143.0,4314.0,2024,9,1,14
43,249812,68,249813,19,3.0,3,0,495.0,4048.0,65.0,2049.0,18.0,11.0,484.0,1757.0,3248.0,3032.0,2024,9,1,14
43,249812,68,249813,19,3.0,8,1,495.0,4048.0,65.0,2049.0,18.0,11.0,484.0,1757.0,3248.0,3032.0,2024,9,1,14
43,249812,68,249813,19,3.0,0,1,495.0,4048.0,65.0,2049.0,18.0,11.0,484.0,1757.0,3248.0,3032.0,2024,9,1,14
43,254412,110,254413,73,3.0,3,0,216.0,4498.0,4574.0,1507.0,2707.0,26.0,2041.0,416.0,881.0,6.0,2024,9,6,20
43,254412,110,254413,73,3.0,1,0,216.0,4498.0,4574.0,1507.0,2707.0,26.0,2041.0,416.0,881.0,6.0,2024,9,6,20
43,254406,155,254407,89,3.0,4,0,2776.0,1451.0,5364.0,6237.0,3137.0,945.0,1548.0,709.0,2611.0,1002.0,2024,9,6,17
43,254406,155,254407,89,3.0,5,0,2776.0,1451.0,5364.0,6237.0,3137.0,945.0,1548.0,709.0,2611.0,1002.0,2024,9,6,17
43,254430,166,254431,203,3.0,1,0,656.0,2894.0,3072.0,499.0,4011.0,3020.0,3192.0,4765.0,3526.0,5827.0,2024,9,6,14
43,254388,57,254389,128,3.0,1,0,158.0,4903.0,156.0,157.0,197.0,2934.0,1401.0,169.0,2179.0,1834.0,2024,9,5,21
43,254388,57,254389,128,3.0,4,0,158.0,4903.0,156.0,157.0,197.0,2934.0,1401.0,169.0,2179.0,1834.0,2024,9,5,21
43,254428,188,254429,186,3.0,0,0,4042.0,34.0,1316.0,6030.0,530.0,656.0,2894.0,3072.0,499.0,4011.0,2024,9,5,17
43,254426,6,254427,203,3.0,5,0,4393.0,2846.0,3760.0,5345.0,4530.0,3020.0,3192.0,4765.0,3526.0,5827.0,2024,9,5,14
43,254426,6,254427,203,3.0,0,0,4393.0,2846.0,3760.0,5345.0,4530.0,3020.0,3192.0,4765.0,3526.0,5827.0,2024,9,5,14
43,254424,166,254425,196,3.0,0,0,656.0,2894.0,3072.0,499.0,4011.0,1003.0,295.0,3397.0,4710.0,965.0,2024,9,4,20
43,254424,166,254425,196,3.0,1,1,656.0,2894.0,3072.0,499.0,4011.0,1003.0,295.0,3397.0,4710.0,965.0,2024,9,4,20
43,254400,63,254401,171,3.0,1,1,27.0,692.0,28.0,704.0,146.0,2776.0,1451.0,5364.0,6237.0,3137.0,2024,9,4,17
43,254400,63,254401,171,3.0,2,1,27.0,692.0,28.0,704.0,146.0,2776.0,1451.0,5364.0,6237.0,3137.0,2024,9,4,17
43,254398,67,254399,114,3.0,8,1,272.0,262.0,260.0,1050.0,209.0,1271.0,1270.0,26585.0,7709.0,1113.0,2024,9,4,17
43,254398,67,254399,114,3.0,0,1,272.0,262.0,260.0,1050.0,209.0,1271.0,1270.0,26585.0,7709.0,1113.0,2024,9,4,17
43,254398,67,254399,114,3.0,1,0,272.0,262.0,260.0,1050.0,209.0,1271.0,1270.0,26585.0,7709.0,1113.0,2024,9,4,17
43,254420,181,254421,196,3.0,1,0,3020.0,3192.0,4765.0,3526.0,5827.0,1003.0,295.0,3397.0,4710.0,965.0,2024,9,4,14
43,254420,181,254421,196,3.0,5,0,3020.0,3192.0,4765.0,3526.0,5827.0,1003.0,295.0,3397.0,4710.0,965.0,2024,9,4,14
43,254420,181,254421,196,3.0,0,1,3020.0,3192.0,4765.0,3526.0,5827.0,1003.0,295.0,3397.0,4710.0,965.0,2024,9,4,14
43,254418,166,254419,8,3.0,3,1,656.0,2894.0,3072.0,499.0,4011.0,4393.0,2846.0,3760.0,5345.0,4530.0,2024,9,4,14
43,254418,166,254419,8,3.0,5,1,656.0,2894.0,3072.0,499.0,4011.0,4393.0,2846.0,3760.0,5345.0,4530.0,2024,9,4,14
43,254394,63,254395,135,3.0,2,1,27.0,692.0,28.0,704.0,146.0,773.0,4080.0,143.0,3396.0,1203.0,2024,9,3,20
43,254394,63,254395,135,3.0,0,0,27.0,692.0,28.0,704.0,146.0,773.0,4080.0,143.0,3396.0,1203.0,2024,9,3,20
43,254394,63,254395,135,3.0,4,1,27.0,692.0,28.0,704.0,146.0,773.0,4080.0,143.0,3396.0,1203.0,2024,9,3,20
43,254396,155,254397,89,3.0,5,1,2776.0,1451.0,5364.0,6237.0,3137.0,945.0,1548.0,709.0,2611.0,1002.0,2024,9,3,20
43,254396,155,254397,89,3.0,0,1,2776.0,1451.0,5364.0,6237.0,3137.0,945.0,1548.0,709.0,2611.0,1002.0,2024,9,3,20
43,254396,155,254397,89,3.0,4,0,2776.0,1451.0,5364.0,6237.0,3137.0,945.0,1548.0,709.0,2611.0,1002.0,2024,9,3,20
43,254414,71,254415,186,3.0,5,1,26.0,2041.0,416.0,881.0,6.0,656.0,2894.0,3072.0,499.0,4011.0,2024,9,3,17
43,254414,71,254415,186,3.0,0,1,26.0,2041.0,416.0,881.0,6.0,656.0,2894.0,3072.0,499.0,4011.0,2024,9,3,17
43,254414,71,254415,186,3.0,1,0,26.0,2041.0,416.0,881.0,6.0,656.0,2894.0,3072.0,499.0,4011.0,2024,9,3,17
43,254410,6,254411,215,3.0,0,1,4393.0,2846.0,3760.0,5345.0,4530.0,4042.0,34.0,1316.0,6030.0,530.0,2024,9,3,17
43,254410,6,254411,215,3.0,5,1,4393.0,2846.0,3760.0,5345.0,4530.0,4042.0,34.0,1316.0,6030.0,530.0,2024,9,3,17
43,254416,110,254417,196,3.0,1,1,216.0,4498.0,4574.0,1507.0,2707.0,1003.0,295.0,3397.0,4710.0,965.0,2024,9,3,14
43,254416,110,254417,196,3.0,5,1,216.0,4498.0,4574.0,1507.0,2707.0,1003.0,295.0,3397.0,4710.0,965.0,2024,9,3,14
43,254416,110,254417,196,3.0,0,0,216.0,4498.0,4574.0,1507.0,2707.0,1003.0,295.0,3397.0,4710.0,965.0,2024,9,3,14
43,254386,122,254387,135,3.0,0,1,2934.0,1401.0,169.0,2179.0,1834.0,773.0,4080.0,143.0,3396.0,1203.0,2024,9,2,20
43,254384,108,254385,89,3.0,2,0,1271.0,1270.0,26585.0,7709.0,1113.0,945.0,1548.0,709.0,2611.0,1002.0,2024,9,2,20
43,254384,108,254385,89,3.0,0,1,1271.0,1270.0,26585.0,7709.0,1113.0,945.0,1548.0,709.0,2611.0,1002.0,2024,9,2,20
43,254384,108,254385,89,3.0,5,0,1271.0,1270.0,26585.0,7709.0,1113.0,945.0,1548.0,709.0,2611.0,1002.0,2024,9,2,20
43,254390,67,254391,63,3.0,0,0,272.0,262.0,260.0,1050.0,209.0,27.0,692.0,28.0,704.0,146.0,2024,9,2,17
43,254390,67,254391,63,3.0,1,0,272.0,262.0,260.0,1050.0,209.0,27.0,692.0,28.0,704.0,146.0,2024,9,2,17
43,254392,57,254393,171,3.0,5,1,158.0,4903.0,156.0,157.0,197.0,2776.0,1451.0,5364.0,6237.0,3137.0,2024,9,2,17
43,249802,181,249803,186,3.0,0,0,3020.0,3192.0,4765.0,3526.0,5827.0,656.0,2894.0,3072.0,499.0,4011.0,2024,9,2,14
43,249802,181,249803,186,3.0,1,0,3020.0,3192.0,4765.0,3526.0,5827.0,656.0,2894.0,3072.0,499.0,4011.0,2024,9,2,14
43,249798,175,249799,215,3.0,5,1,1003.0,295.0,3397.0,4710.0,965.0,4042.0,34.0,1316.0,6030.0,530.0,2024,9,2,14
43,249800,110,249801,8,3.0,1,1,216.0,4498.0,4574.0,1507.0,2707.0,4393.0,2846.0,3760.0,5345.0,4530.0,2024,9,1,20
43,249800,110,249801,8,3.0,5,1,216.0,4498.0,4574.0,1507.0,2707.0,4393.0,2846.0,3760.0,5345.0,4530.0,2024,9,1,20
43,249794,85,249795,135,3.0,8,0,945.0,1548.0,709.0,2611.0,1002.0,773.0,4080.0,143.0,3396.0,1203.0,2024,9,1,17
43,249794,85,249795,135,3.0,0,0,945.0,1548.0,709.0,2611.0,1002.0,773.0,4080.0,143.0,3396.0,1203.0,2024,9,1,17
43,249794,85,249795,135,3.0,5,1,945.0,1548.0,709.0,2611.0,1002.0,773.0,4080.0,143.0,3396.0,1203.0,2024,9,1,17
43,249790,63,249791,171,3.0,0,1,27.0,692.0,28.0,704.0,146.0,2776.0,1451.0,5364.0,6237.0,3137.0,2024,9,1,17
43,249790,63,249791,171,3.0,1,0,27.0,692.0,28.0,704.0,146.0,2776.0,1451.0,5364.0,6237.0,3137.0,2024,9,1,17
43,249792,67,249793,57,3.0,3,0,272.0,262.0,260.0,1050.0,209.0,158.0,4903.0,156.0,157.0,197.0,2024,9,1,14
43,249792,67,249793,57,3.0,2,0,272.0,262.0,260.0,1050.0,209.0,158.0,4903.0,156.0,157.0,197.0,2024,9,1,14
43,249796,108,249797,128,3.0,2,0,1271.0,1270.0,26585.0,7709.0,1113.0,2934.0,1401.0,169.0,2179.0,1834.0,2024,9,1,14
43,249796,108,249797,128,3.0,0,0,1271.0,1270.0,26585.0,7709.0,1113.0,2934.0,1401.0,169.0,2179.0,1834.0,2024,9,1,14
113,254546,7,254547,41,3.0,1,1,3096.0,2875.0,4355.0,4833.0,2006.0,553.0,457.0,3459.0,5156.0,963.0,2024,9,3,13
113,254546,7,254547,41,3.0,2,0,3096.0,2875.0,4355.0,4833.0,2006.0,553.0,457.0,3459.0,5156.0,963.0,2024,9,3,13
113,254546,7,254547,41,3.0,0,0,3096.0,2875.0,4355.0,4833.0,2006.0,553.0,457.0,3459.0,5156.0,963.0,2024,9,3,13
113,254544,49,254545,220,3.0,1,0,1681.0,3384.0,7245.0,3933.0,3246.0,1644.0,4379.0,5198.0,5271.0,700.0,2024,9,2,16
113,254560,191,254561,182,3.0,4,1,7328.0,5114.0,7292.0,588.0,8252.0,25.0,2848.0,153.0,3785.0,641.0,2024,9,2,13
113,254560,191,254561,182,3.0,8,1,7328.0,5114.0,7292.0,588.0,8252.0,25.0,2848.0,153.0,3785.0,641.0,2024,9,2,13
113,254298,18,254299,182,3.0,3,1,2109.0,5502.0,25509.0,2799.0,3490.0,25.0,2848.0,153.0,3785.0,641.0,2024,9,1,16
113,254298,18,254299,182,3.0,4,0,2109.0,5502.0,25509.0,2799.0,3490.0,25.0,2848.0,153.0,3785.0,641.0,2024,9,1,16
113,254298,18,254299,182,3.0,0,0,2109.0,5502.0,25509.0,2799.0,3490.0,25.0,2848.0,153.0,3785.0,641.0,2024,9,1,16
113,254296,74,254297,176,3.0,2,1,3241.0,1676.0,708.0,2152.0,739.0,145.0,1675.0,1673.0,3045.0,2892.0,2024,9,1,13
113,254296,74,254297,176,3.0,3,0,3241.0,1676.0,708.0,2152.0,739.0,145.0,1675.0,1673.0,3045.0,2892.0,2024,9,1,13
113,254296,74,254297,176,3.0,5,1,3241.0,1676.0,708.0,2152.0,739.0,145.0,1675.0,1673.0,3045.0,2892.0,2024,9,1,13
113,254088,75,254089,41,3.0,8,0,2805.0,4421.0,5300.0,4065.0,1199.0,553.0,457.0,3459.0,5156.0,963.0,2024,9,0,13
113,254088,75,254089,41,3.0,2,1,2805.0,4421.0,5300.0,4065.0,1199.0,553.0,457.0,3459.0,5156.0,963.0,2024,9,0,13
113,254088,75,254089,41,3.0,4,0,2805.0,4421.0,5300.0,4065.0,1199.0,553.0,457.0,3459.0,5156.0,963.0,2024,9,0,13
113,254252,192,254253,5,3.0,2,1,1644.0,4379.0,5198.0,5271.0,700.0,436.0,488.0,1575.0,1486.0,2991.0,2024,9,6,17
113,254252,192,254253,5,3.0,1,1,1644.0,4379.0,5198.0,5271.0,700.0,436.0,488.0,1575.0,1486.0,2991.0,2024,9,6,17
113,254302,7,254303,142,3.0,1,1,3096.0,2875.0,4355.0,4833.0,2006.0,994.0,4029.0,6470.0,4825.0,4600.0,2024,8,5,16
113,254302,7,254303,142,3.0,0,0,3096.0,2875.0,4355.0,4833.0,2006.0,994.0,4029.0,6470.0,4825.0,4600.0,2024,8,5,16
113,254302,7,254303,142,3.0,2,1,3096.0,2875.0,4355.0,4833.0,2006.0,994.0,4029.0,6470.0,4825.0,4600.0,2024,8,5,16
113,254004,50,254005,219,3.0,1,0,15.0,1627.0,789.0,607.0,5630.0,7328.0,5114.0,7292.0,588.0,8252.0,2024,8,4,18
113,254004,50,254005,219,3.0,2,0,15.0,1627.0,789.0,607.0,5630.0,7328.0,5114.0,7292.0,588.0,8252.0,2024,8,4,18
113,254004,50,254005,219,3.0,0,1,15.0,1627.0,789.0,607.0,5630.0,7328.0,5114.0,7292.0,588.0,8252.0,2024,8,4,18
113,253990,134,253991,187,3.0,0,1,994.0,4029.0,6470.0,4825.0,4600.0,5490.0,406.0,702.0,6721.0,494.0,2024,8,4,15
113,253990,134,253991,187,3.0,1,1,994.0,4029.0,6470.0,4825.0,4600.0,5490.0,406.0,702.0,6721.0,494.0,2024,8,4,15
113,254000,192,254001,133,3.0,5,1,1644.0,4379.0,5198.0,5271.0,700.0,1831.0,1833.0,1832.0,5007.0,5487.0,2024,8,4,12
113,254000,192,254001,133,3.0,1,1,1644.0,4379.0,5198.0,5271.0,700.0,1831.0,1833.0,1832.0,5007.0,5487.0,2024,8,4,12
113,253996,68,253997,49,3.0,0,0,65.0,2049.0,18.0,4048.0,495.0,1681.0,3384.0,7245.0,3933.0,3246.0,2024,8,3,15
113,253996,68,253997,49,3.0,8,1,65.0,2049.0,18.0,4048.0,495.0,1681.0,3384.0,7245.0,3933.0,3246.0,2024,8,3,15
113,253996,68,253997,49,3.0,3,0,65.0,2049.0,18.0,4048.0,495.0,1681.0,3384.0,7245.0,3933.0,3246.0,2024,8,3,15
113,254008,18,254009,163,3.0,1,0,2109.0,5502.0,25509.0,2799.0,3490.0,20.0,26221.0,4329.0,1952.0,165.0,2024,8,3,12
113,254008,18,254009,163,3.0,0,1,2109.0,5502.0,25509.0,2799.0,3490.0,20.0,26221.0,4329.0,1952.0,165.0,2024,8,3,12
113,254008,18,254009,163,3.0,4,1,2109.0,5502.0,25509.0,2799.0,3490.0,20.0,26221.0,4329.0,1952.0,165.0,2024,8,3,12
113,253982,117,253983,119,3.0,1,1,3202.0,1420.0,948.0,696.0,1626.0,4010.0,6665.0,6284.0,5309.0,1447.0,2024,8,2,18
113,253988,124,253989,9,3.0,8,1,3538.0,6142.0,3344.0,5284.0,16113.0,3096.0,2875.0,4355.0,4833.0,2006.0,2024,8,1,18
113,253988,124,253989,9,3.0,2,0,3538.0,6142.0,3344.0,5284.0,16113.0,3096.0,2875.0,4355.0,4833.0,2006.0,2024,8,1,18
113,254010,163,254011,192,3.0,4,1,25.0,2848.0,153.0,3785.0,641.0,4808.0,4281.0,1674.0,1671.0,2840.0,2024,8,1,15
113,254010,163,254011,192,3.0,3,1,25.0,2848.0,153.0,3785.0,641.0,4808.0,4281.0,1674.0,1671.0,2840.0,2024,8,1,15
113,253984,137,253985,77,3.0,5,0,1954.0,264.0,5057.0,2988.0,3405.0,3241.0,1676.0,708.0,2152.0,739.0,2024,8,1,12
113,253984,137,253985,77,3.0,2,1,1954.0,264.0,5057.0,2988.0,3405.0,3241.0,1676.0,708.0,2152.0,739.0,2024,8,1,12
113,253984,137,253985,77,3.0,1,0,1954.0,264.0,5057.0,2988.0,3405.0,3241.0,1676.0,708.0,2152.0,739.0,2024,8,1,12
113,254002,140,254003,5,3.0,2,0,7082.0,8306.0,8305.0,8304.0,1891.0,436.0,488.0,1575.0,1486.0,2991.0,2024,8,0,21
27,253952,175,253953,57,5.0,4,1,1003.0,295.0,3397.0,4710.0,965.0,158.0,4903.0,156.0,157.0,197.0,2024,9,6,14
27,253952,175,253953,57,5.0,5,1,1003.0,295.0,3397.0,4710.0,965.0,158.0,4903.0,156.0,157.0,197.0,2024,9,6,14
27,253952,175,253953,57,5.0,8,1,1003.0,295.0,3397.0,4710.0,965.0,158.0,4903.0,156.0,157.0,197.0,2024,9,6,14
27,253950,112,253951,57,3.0,2,0,2126.0,3121.0,2726.0,2200.0,315.0,158.0,4903.0,156.0,157.0,197.0,2024,8,5,19
27,253950,112,253951,57,3.0,5,0,2126.0,3121.0,2726.0,2200.0,315.0,158.0,4903.0,156.0,157.0,197.0,2024,8,5,19
27,253948,57,253949,227,3.0,1,1,158.0,4903.0,156.0,157.0,197.0,690.0,3746.0,2710.0,1871.0,5620.0,2024,8,5,14
27,253948,57,253949,227,3.0,3,1,158.0,4903.0,156.0,157.0,197.0,690.0,3746.0,2710.0,1871.0,5620.0,2024,8,5,14
27,253938,112,253939,196,3.0,0,0,2126.0,3121.0,2726.0,2200.0,315.0,1003.0,295.0,3397.0,4710.0,965.0,2024,8,4,21
27,253938,112,253939,196,3.0,5,0,2126.0,3121.0,2726.0,2200.0,315.0,1003.0,295.0,3397.0,4710.0,965.0,2024,8,4,21
27,253938,112,253939,196,3.0,4,1,2126.0,3121.0,2726.0,2200.0,315.0,1003.0,295.0,3397.0,4710.0,965.0,2024,8,4,21
27,253946,200,253947,214,3.0,8,1,690.0,3746.0,2710.0,1871.0,5620.0,572.0,493.0,266.0,2785.0,163.0,2024,8,4,17
27,253946,200,253947,214,3.0,4,0,690.0,3746.0,2710.0,1871.0,5620.0,572.0,493.0,266.0,2785.0,163.0,2024,8,4,17
27,253944,61,253945,57,3.0,5,1,625.0,628.0,1.0,204.0,983.0,158.0,4903.0,156.0,157.0,197.0,2024,8,4,14
27,253944,61,253945,57,3.0,4,0,625.0,628.0,1.0,204.0,983.0,158.0,4903.0,156.0,157.0,197.0,2024,8,4,14
27,253944,61,253945,57,3.0,8,0,625.0,628.0,1.0,204.0,983.0,158.0,4903.0,156.0,157.0,197.0,2024,8,4,14
27,253934,112,253935,227,3.0,8,0,2126.0,3121.0,2726.0,2200.0,315.0,690.0,3746.0,2710.0,1871.0,5620.0,2024,8,3,21
27,253934,112,253935,227,3.0,5,1,2126.0,3121.0,2726.0,2200.0,315.0,690.0,3746.0,2710.0,1871.0,5620.0,2024,8,3,21
27,253934,112,253935,227,3.0,4,1,2126.0,3121.0,2726.0,2200.0,315.0,690.0,3746.0,2710.0,1871.0,5620.0,2024,8,3,21
27,253936,61,253937,196,3.0,1,0,625.0,628.0,1.0,204.0,983.0,1003.0,295.0,3397.0,4710.0,965.0,2024,8,3,18
27,253936,61,253937,196,3.0,4,0,625.0,628.0,1.0,204.0,983.0,1003.0,295.0,3397.0,4710.0,965.0,2024,8,3,18
27,253940,57,253941,89,3.0,1,1,158.0,4903.0,156.0,157.0,197.0,945.0,709.0,1548.0,2611.0,1002.0,2024,8,3,15
27,253940,57,253941,89,3.0,4,1,158.0,4903.0,156.0,157.0,197.0,945.0,709.0,1548.0,2611.0,1002.0,2024,8,3,15
27,253942,187,253943,188,3.0,8,0,572.0,493.0,266.0,2785.0,163.0,150.0,41.0,982.0,1661.0,12.0,2024,8,3,12
27,253942,187,253943,188,3.0,4,1,572.0,493.0,266.0,2785.0,163.0,150.0,41.0,982.0,1661.0,12.0,2024,8,3,12
27,253942,187,253943,188,3.0,0,1,572.0,493.0,266.0,2785.0,163.0,150.0,41.0,982.0,1661.0,12.0,2024,8,3,12
27,253926,112,253927,57,3.0,3,1,2126.0,3121.0,2726.0,2200.0,315.0,158.0,4903.0,156.0,157.0,197.0,2024,8,2,23
27,253926,112,253927,57,3.0,5,1,2126.0,3121.0,2726.0,2200.0,315.0,158.0,4903.0,156.0,157.0,197.0,2024,8,2,23
27,253928,85,253929,227,3.0,2,0,945.0,709.0,1548.0,2611.0,1002.0,690.0,3746.0,2710.0,1871.0,5620.0,2024,8,2,19
27,253928,85,253929,227,3.0,5,0,945.0,709.0,1548.0,2611.0,1002.0,690.0,3746.0,2710.0,1871.0,5620.0,2024,8,2,19
27,253928,85,253929,227,3.0,8,1,945.0,709.0,1548.0,2611.0,1002.0,690.0,3746.0,2710.0,1871.0,5620.0,2024,8,2,19
27,253930,187,253931,61,3.0,4,0,572.0,493.0,266.0,2785.0,163.0,625.0,628.0,1.0,204.0,983.0,2024,8,2,15
27,253930,187,253931,61,3.0,3,0,572.0,493.0,266.0,2785.0,163.0,625.0,628.0,1.0,204.0,983.0,2024,8,2,15
27,253932,175,253933,188,3.0,2,1,1003.0,295.0,3397.0,4710.0,965.0,150.0,41.0,982.0,1661.0,12.0,2024,8,2,12
27,253932,175,253933,188,3.0,5,1,1003.0,295.0,3397.0,4710.0,965.0,150.0,41.0,982.0,1661.0,12.0,2024,8,2,12
27,253922,5,253923,61,3.0,2,0,3289.0,611.0,2068.0,1962.0,4543.0,625.0,628.0,1.0,204.0,983.0,2024,8,1,14
27,253922,5,253923,61,3.0,3,0,3289.0,611.0,2068.0,1962.0,4543.0,625.0,628.0,1.0,204.0,983.0,2024,8,1,14
27,253920,57,253921,6,3.0,5,1,158.0,4903.0,156.0,157.0,197.0,3289.0,611.0,2068.0,1962.0,4543.0,2024,8,0,23
27,253920,57,253921,6,3.0,1,1,158.0,4903.0,156.0,157.0,197.0,3289.0,611.0,2068.0,1962.0,4543.0,2024,8,0,23
27,253918,17,253919,61,3.0,5,0,1008.0,1892.0,2070.0,3059.0,1343.0,625.0,628.0,1.0,204.0,983.0,2024,8,0,14
27,253918,17,253919,61,3.0,3,0,1008.0,1892.0,2070.0,3059.0,1343.0,625.0,628.0,1.0,204.0,983.0,2024,8,0,14
27,253918,17,253919,61,3.0,4,1,1008.0,1892.0,2070.0,3059.0,1343.0,625.0,628.0,1.0,204.0,983.0,2024,8,0,14
27,253916,61,253917,6,3.0,2,0,625.0,628.0,1.0,204.0,983.0,3289.0,611.0,2068.0,1962.0,4543.0,2024,8,6,21
27,253916,61,253917,6,3.0,4,0,625.0,628.0,1.0,204.0,983.0,3289.0,611.0,2068.0,1962.0,4543.0,2024,8,6,21
27,253914,57,253915,20,3.0,4,0,158.0,4903.0,156.0,157.0,197.0,1008.0,1892.0,2070.0,3059.0,1343.0,2024,8,6,17
27,253914,57,253915,20,3.0,2,1,158.0,4903.0,156.0,157.0,197.0,1008.0,1892.0,2070.0,3059.0,1343.0,2024,8,6,17
27,253914,57,253915,20,3.0,3,1,158.0,4903.0,156.0,157.0,197.0,1008.0,1892.0,2070.0,3059.0,1343.0,2024,8,6,17
27,253906,6,253907,227,3.0,3,0,4393.0,2846.0,3760.0,5345.0,4530.0,690.0,3746.0,2710.0,1871.0,5620.0,2024,8,6,14
27,253906,6,253907,227,3.0,5,0,4393.0,2846.0,3760.0,5345.0,4530.0,690.0,3746.0,2710.0,1871.0,5620.0,2024,8,6,14
27,253908,167,253909,33,3.0,0,1,150.0,41.0,982.0,1661.0,12.0,966.0,2163.0,2936.0,1092.0,5420.0,2024,8,6,12
27,253908,167,253909,33,3.0,5,1,150.0,41.0,982.0,1661.0,12.0,966.0,2163.0,2936.0,1092.0,5420.0,2024,8,6,12
27,253902,167,253903,8,3.0,5,0,150.0,41.0,982.0,1661.0,12.0,4393.0,2846.0,3760.0,5345.0,4530.0,2024,8,5,11
27,253902,167,253903,8,3.0,4,0,150.0,41.0,982.0,1661.0,12.0,4393.0,2846.0,3760.0,5345.0,4530.0,2024,8,5,11
27,253902,167,253903,8,3.0,2,1,150.0,41.0,982.0,1661.0,12.0,4393.0,2846.0,3760.0,5345.0,4530.0,2024,8,5,11
103,254104,165,254105,123,3.0,2,1,99.0,1039.0,897.0,2736.0,949.0,271.0,1961.0,7833.0,25837.0,125.0,2024,8,3,9
103,254104,165,254105,123,3.0,0,1,99.0,1039.0,897.0,2736.0,949.0,271.0,1961.0,7833.0,25837.0,125.0,2024,8,3,9
103,254228,136,254229,146,1.0,2,1,575.0,1484.0,1483.0,187.0,1680.0,4036.0,5236.0,592.0,1679.0,2774.0,2024,8,2,15
103,254178,152,254179,185,1.0,1,1,901.0,1069.0,4164.0,2143.0,4314.0,99.0,1039.0,897.0,2736.0,949.0,2024,8,2,12
103,254192,164,254193,161,1.0,4,1,1151.0,6146.0,4400.0,3062.0,2159.0,268.0,159.0,504.0,1730.0,3844.0,2024,8,2,12
76,253876,167,253877,89,3.0,4,0,150.0,41.0,982.0,1661.0,12.0,945.0,709.0,1548.0,2611.0,1002.0,2024,8,2,16
76,253876,167,253877,89,3.0,2,0,150.0,41.0,982.0,1661.0,12.0,945.0,709.0,1548.0,2611.0,1002.0,2024,8,2,16
76,253874,68,253875,89,3.0,1,1,65.0,2049.0,18.0,4048.0,495.0,945.0,709.0,1548.0,2611.0,1002.0,2024,8,1,20
76,253874,68,253875,89,3.0,4,0,65.0,2049.0,18.0,4048.0,495.0,945.0,709.0,1548.0,2611.0,1002.0,2024,8,1,20
76,253868,167,253869,57,3.0,8,0,150.0,41.0,982.0,1661.0,12.0,158.0,4903.0,156.0,157.0,197.0,2024,8,1,20
76,253868,167,253869,57,3.0,1,0,150.0,41.0,982.0,1661.0,12.0,158.0,4903.0,156.0,157.0,197.0,2024,8,1,20
76,253870,42,253871,68,3.0,0,0,553.0,457.0,3459.0,5156.0,963.0,65.0,2049.0,18.0,4048.0,495.0,2024,8,1,16
76,253872,166,253873,89,3.0,0,0,656.0,2894.0,3072.0,499.0,4011.0,945.0,709.0,1548.0,2611.0,1002.0,2024,8,1,16
76,253860,134,253861,68,3.0,3,0,994.0,4029.0,6470.0,4825.0,4600.0,65.0,2049.0,18.0,4048.0,495.0,2024,8,0,20
76,253864,167,253865,186,3.0,5,0,150.0,41.0,982.0,1661.0,12.0,656.0,2894.0,3072.0,499.0,4011.0,2024,8,0,20
76,253866,57,253867,41,3.0,4,1,158.0,4903.0,156.0,157.0,197.0,553.0,457.0,3459.0,5156.0,963.0,2024,8,0,20
76,253862,18,253863,89,3.0,2,0,2109.0,5502.0,25509.0,2799.0,3490.0,945.0,709.0,1548.0,2611.0,1002.0,2024,8,0,20
76,253862,18,253863,89,3.0,1,0,2109.0,5502.0,25509.0,2799.0,3490.0,945.0,709.0,1548.0,2611.0,1002.0,2024,8,0,20
76,253858,42,253859,89,3.0,0,1,553.0,457.0,3459.0,5156.0,963.0,945.0,709.0,1548.0,2611.0,1002.0,2024,8,0,16
76,253858,42,253859,89,3.0,2,1,553.0,457.0,3459.0,5156.0,963.0,945.0,709.0,1548.0,2611.0,1002.0,2024,8,0,16
76,253854,68,253855,186,3.0,3,0,65.0,2049.0,18.0,4048.0,495.0,656.0,2894.0,3072.0,499.0,4011.0,2024,8,0,16
76,253854,68,253855,186,3.0,0,0,65.0,2049.0,18.0,4048.0,495.0,656.0,2894.0,3072.0,499.0,4011.0,2024,8,0,16
76,253854,68,253855,186,3.0,1,1,65.0,2049.0,18.0,4048.0,495.0,656.0,2894.0,3072.0,499.0,4011.0,2024,8,0,16
76,253852,167,253853,142,3.0,0,1,150.0,41.0,982.0,1661.0,12.0,994.0,4029.0,6470.0,4825.0,4600.0,2024,8,0,16
76,253852,167,253853,142,3.0,5,0,150.0,41.0,982.0,1661.0,12.0,994.0,4029.0,6470.0,4825.0,4600.0,2024,8,0,16
76,253852,167,253853,142,3.0,2,1,150.0,41.0,982.0,1661.0,12.0,994.0,4029.0,6470.0,4825.0,4600.0,2024,8,0,16
76,253856,57,253857,22,3.0,4,1,158.0,4903.0,156.0,157.0,197.0,2109.0,5502.0,25509.0,2799.0,3490.0,2024,8,0,16
76,253856,57,253857,22,3.0,2,1,158.0,4903.0,156.0,157.0,197.0,2109.0,5502.0,25509.0,2799.0,3490.0,2024,8,0,16
76,253490,18,253491,124,3.0,0,1,2109.0,5502.0,25509.0,2799.0,3490.0,3202.0,1420.0,948.0,696.0,1626.0,2024,8,0,21
76,253490,18,253491,124,3.0,4,1,2109.0,5502.0,25509.0,2799.0,3490.0,3202.0,1420.0,948.0,696.0,1626.0,2024,8,0,21
76,253486,127,253487,41,1.0,1,0,143.0,773.0,4080.0,3396.0,1203.0,553.0,457.0,3459.0,5156.0,963.0,2024,8,0,20
76,253452,3,253453,197,1.0,1,1,691.0,200.0,1487.0,476.0,1098.0,7440.0,26193.0,26127.0,26179.0,26434.0,2024,8,0,19
76,253434,127,253435,145,1.0,0,1,143.0,773.0,4080.0,3396.0,1203.0,1954.0,264.0,5057.0,2988.0,3405.0,2024,8,0,19
76,253440,32,253441,41,1.0,1,0,314.0,2638.0,135.0,570.0,273.0,553.0,457.0,3459.0,5156.0,963.0,2024,8,0,19
100,254342,121,254343,112,3.0,0,0,746.0,192.0,1802.0,140.0,31.0,997.0,1165.0,205.0,8499.0,6735.0,2024,8,3,0
100,253170,145,253171,38,1.0,0,0,5028.0,996.0,3.0,1913.0,147.0,3446.0,6090.0,2218.0,4653.0,6975.0,2024,8,0,17
14,253010,167,253011,214,3.0,8,1,150.0,41.0,982.0,1661.0,12.0,572.0,493.0,266.0,2785.0,163.0,2024,8,6,21
14,253010,167,253011,214,3.0,4,1,150.0,41.0,982.0,1661.0,12.0,572.0,493.0,266.0,2785.0,163.0,2024,8,6,21
14,253008,63,253009,142,3.0,0,1,27.0,692.0,28.0,146.0,704.0,994.0,4029.0,6470.0,4825.0,4600.0,2024,8,6,19
14,253006,23,253007,214,3.0,0,1,1958.0,164.0,1685.0,465.0,1004.0,572.0,493.0,266.0,2785.0,163.0,2024,8,5,23
14,253006,23,253007,214,3.0,2,0,1958.0,164.0,1685.0,465.0,1004.0,572.0,493.0,266.0,2785.0,163.0,2024,8,5,23
14,253006,23,253007,214,3.0,4,0,1958.0,164.0,1685.0,465.0,1004.0,572.0,493.0,266.0,2785.0,163.0,2024,8,5,23
14,253000,63,253001,227,3.0,1,1,27.0,692.0,28.0,146.0,704.0,690.0,3746.0,2710.0,1871.0,5620.0,2024,8,5,19
14,253000,63,253001,227,3.0,3,0,27.0,692.0,28.0,146.0,704.0,690.0,3746.0,2710.0,1871.0,5620.0,2024,8,5,19
14,253000,63,253001,227,3.0,4,1,27.0,692.0,28.0,146.0,704.0,690.0,3746.0,2710.0,1871.0,5620.0,2024,8,5,19
14,253004,167,253005,42,3.0,5,0,150.0,41.0,982.0,1661.0,12.0,472.0,532.0,749.0,540.0,32.0,2024,8,5,16
14,253004,167,253005,42,3.0,1,1,150.0,41.0,982.0,1661.0,12.0,472.0,532.0,749.0,540.0,32.0,2024,8,5,16
14,253004,167,253005,42,3.0,8,1,150.0,41.0,982.0,1661.0,12.0,472.0,532.0,749.0,540.0,32.0,2024,8,5,16
14,252996,23,252997,79,3.0,5,1,1958.0,164.0,1685.0,465.0,1004.0,2805.0,4421.0,5300.0,4065.0,1199.0,2024,8,4,22
14,252996,23,252997,79,3.0,4,0,1958.0,164.0,1685.0,465.0,1004.0,2805.0,4421.0,5300.0,4065.0,1199.0,2024,8,4,22
14,252996,23,252997,79,3.0,2,1,1958.0,164.0,1685.0,465.0,1004.0,2805.0,4421.0,5300.0,4065.0,1199.0,2024,8,4,22
14,252986,42,252987,227,3.0,5,0,553.0,457.0,3459.0,5156.0,963.0,690.0,3746.0,2710.0,1871.0,5620.0,2024,8,4,18
14,252986,42,252987,227,3.0,4,0,553.0,457.0,3459.0,5156.0,963.0,690.0,3746.0,2710.0,1871.0,5620.0,2024,8,4,18
14,252992,167,252993,115,3.0,0,1,150.0,41.0,982.0,1661.0,12.0,845.0,1817.0,1687.0,2810.0,2113.0,2024,8,3,21
14,252992,167,252993,115,3.0,2,1,150.0,41.0,982.0,1661.0,12.0,845.0,1817.0,1687.0,2810.0,2113.0,2024,8,3,21
14,252994,43,252995,122,3.0,8,1,472.0,532.0,749.0,540.0,32.0,4705.0,4275.0,3368.0,568.0,1226.0,2024,8,3,18
14,252994,43,252995,122,3.0,0,1,472.0,532.0,749.0,540.0,32.0,4705.0,4275.0,3368.0,568.0,1226.0,2024,8,3,18
14,252998,187,252999,220,3.0,1,1,572.0,493.0,266.0,2785.0,163.0,1644.0,4379.0,5198.0,5271.0,700.0,2024,8,3,16
14,252998,187,252999,220,3.0,2,1,572.0,493.0,266.0,2785.0,163.0,1644.0,4379.0,5198.0,5271.0,700.0,2024,8,3,16
14,252988,85,252989,142,3.0,1,0,945.0,709.0,1548.0,2611.0,1002.0,994.0,4029.0,6470.0,4825.0,4600.0,2024,8,2,19
14,252988,85,252989,142,3.0,5,0,945.0,709.0,1548.0,2611.0,1002.0,994.0,4029.0,6470.0,4825.0,4600.0,2024,8,2,19
14,252984,63,252985,161,3.0,3,1,27.0,692.0,28.0,146.0,704.0,268.0,159.0,3844.0,1730.0,504.0,2024,8,2,17
14,252984,63,252985,161,3.0,0,1,27.0,692.0,28.0,146.0,704.0,268.0,159.0,3844.0,1730.0,504.0,2024,8,2,17
104,253780,117,253781,22,3.0,0,0,3202.0,1420.0,1626.0,948.0,696.0,2109.0,5502.0,25509.0,2799.0,3490.0,2024,8,4,19
104,253780,117,253781,22,3.0,4,0,3202.0,1420.0,1626.0,948.0,696.0,2109.0,5502.0,25509.0,2799.0,3490.0,2024,8,4,19
104,253778,32,253779,79,3.0,4,0,314.0,2638.0,135.0,570.0,273.0,2805.0,4421.0,5300.0,4065.0,1199.0,2024,8,4,19
104,253778,32,253779,79,3.0,3,0,314.0,2638.0,135.0,570.0,273.0,2805.0,4421.0,5300.0,4065.0,1199.0,2024,8,4,19
104,253738,32,253739,48,3.0,5,1,314.0,2638.0,135.0,570.0,273.0,2852.0,2837.0,2838.0,3068.0,699.0,2024,8,4,15
104,253738,32,253739,48,3.0,0,0,314.0,2638.0,135.0,570.0,273.0,2852.0,2837.0,2838.0,3068.0,699.0,2024,8,4,15
104,253738,32,253739,48,3.0,1,0,314.0,2638.0,135.0,570.0,273.0,2852.0,2837.0,2838.0,3068.0,699.0,2024,8,4,15
104,253764,5,253765,130,3.0,2,1,3289.0,4543.0,611.0,2068.0,1962.0,3538.0,6142.0,3344.0,5284.0,16113.0,2024,8,4,15
104,253764,5,253765,130,3.0,0,1,3289.0,4543.0,611.0,2068.0,1962.0,3538.0,6142.0,3344.0,5284.0,16113.0,2024,8,4,15
104,253742,137,253743,79,3.0,1,1,1954.0,264.0,5057.0,2988.0,3405.0,2805.0,4421.0,5300.0,4065.0,1199.0,2024,8,4,15
104,253742,137,253743,79,3.0,5,1,1954.0,264.0,5057.0,2988.0,3405.0,2805.0,4421.0,5300.0,4065.0,1199.0,2024,8,4,15
104,253742,137,253743,79,3.0,4,0,1954.0,264.0,5057.0,2988.0,3405.0,2805.0,4421.0,5300.0,4065.0,1199.0,2024,8,4,15
104,253746,9,253747,172,3.0,5,0,5776.0,4549.0,2983.0,2801.0,2166.0,1446.0,1689.0,2053.0,2537.0,3922.0,2024,8,4,12
104,253702,5,253703,41,3.0,1,1,3289.0,4543.0,611.0,2068.0,1962.0,553.0,457.0,3459.0,5156.0,963.0,2024,8,3,14
104,253702,5,253703,41,3.0,4,0,3289.0,4543.0,611.0,2068.0,1962.0,553.0,457.0,3459.0,5156.0,963.0,2024,8,3,14
104,253674,155,253675,35,3.0,1,1,2776.0,1451.0,5364.0,6237.0,3137.0,314.0,2638.0,135.0,570.0,273.0,2024,8,3,14
104,253674,155,253675,35,3.0,5,1,2776.0,1451.0,5364.0,6237.0,3137.0,314.0,2638.0,135.0,570.0,273.0,2024,8,3,14
104,253682,18,253683,145,1.0,0,0,2109.0,5502.0,25509.0,2799.0,3490.0,1954.0,264.0,5057.0,2988.0,3405.0,2024,8,3,13
104,253714,144,253715,27,1.0,0,0,2244.0,1010.0,3228.0,1473.0,2127.0,1958.0,164.0,1685.0,465.0,1004.0,2024,8,3,13
104,253676,117,253677,48,1.0,4,0,3202.0,1420.0,1626.0,948.0,696.0,2852.0,2837.0,2838.0,3068.0,699.0,2024,8,3,12
104,253706,140,253707,11,1.0,4,1,7082.0,8306.0,8305.0,8304.0,1891.0,5776.0,4549.0,2983.0,2801.0,2166.0,2024,8,3,12
104,253704,124,253705,172,1.0,8,1,3538.0,6142.0,3344.0,5284.0,16113.0,1446.0,1689.0,2053.0,2537.0,3922.0,2024,8,3,12
104,253076,156,253077,155,1.0,1,0,1446.0,1689.0,2053.0,2537.0,3922.0,2244.0,1010.0,3228.0,1473.0,2127.0,2024,8,2,15
104,253072,192,253073,162,1.0,4,0,1644.0,4379.0,5198.0,5271.0,700.0,3233.0,3230.0,5509.0,8126.0,291.0,2024,8,2,14
104,253070,124,253071,11,1.0,1,1,3538.0,6142.0,3344.0,5284.0,16113.0,5776.0,4549.0,2983.0,2801.0,2166.0,2024,8,2,13
104,253052,32,253053,182,1.0,0,1,314.0,2638.0,135.0,570.0,273.0,25.0,2848.0,153.0,3785.0,641.0,2024,8,2,13
104,253054,18,253055,176,1.0,5,0,2109.0,5502.0,25509.0,2799.0,3490.0,145.0,1675.0,1673.0,3045.0,2892.0,2024,8,2,13
104,253064,23,253065,149,1.0,1,0,1958.0,164.0,1685.0,465.0,1004.0,7082.0,8306.0,8305.0,8304.0,1891.0,2024,8,2,12
104,253050,155,253051,2,1.0,4,1,2776.0,1451.0,5364.0,6237.0,3137.0,608.0,263.0,5499.0,5777.0,39.0,2024,8,2,12
63,252286,122,252287,199,5.0,5,0,1401.0,169.0,2179.0,1834.0,2934.0,19.0,550.0,3060.0,1549.0,1443.0,2024,8,6,18
63,252286,122,252287,199,5.0,2,1,1401.0,169.0,2179.0,1834.0,2934.0,19.0,550.0,3060.0,1549.0,1443.0,2024,8,6,18
63,252286,122,252287,199,5.0,3,0,1401.0,169.0,2179.0,1834.0,2934.0,19.0,550.0,3060.0,1549.0,1443.0,2024,8,6,18
63,252278,122,252279,118,3.0,4,1,1401.0,169.0,2179.0,1834.0,2934.0,2126.0,3121.0,2726.0,2200.0,315.0,2024,8,5,20
63,252278,122,252279,118,3.0,3,1,1401.0,169.0,2179.0,1834.0,2934.0,2126.0,3121.0,2726.0,2200.0,315.0,2024,8,5,20
63,252280,177,252281,169,3.0,5,1,19.0,550.0,3060.0,1549.0,1443.0,928.0,3110.0,3517.0,3112.0,927.0,2024,8,5,16
63,252280,177,252281,169,3.0,2,1,19.0,550.0,3060.0,1549.0,1443.0,928.0,3110.0,3517.0,3112.0,927.0,2024,8,5,16
63,252282,112,252283,73,3.0,2,1,2126.0,3121.0,2726.0,2200.0,315.0,26.0,2041.0,416.0,881.0,6.0,2024,8,4,20
63,252282,112,252283,73,3.0,4,1,2126.0,3121.0,2726.0,2200.0,315.0,26.0,2041.0,416.0,881.0,6.0,2024,8,4,20
63,252284,153,252285,63,3.0,5,1,928.0,3110.0,3517.0,3112.0,927.0,27.0,692.0,28.0,146.0,704.0,2024,8,4,16
63,252284,153,252285,63,3.0,1,0,928.0,3110.0,3517.0,3112.0,927.0,27.0,692.0,28.0,146.0,704.0,2024,8,4,16
63,252284,153,252285,63,3.0,3,1,928.0,3110.0,3517.0,3112.0,927.0,27.0,692.0,28.0,146.0,704.0,2024,8,4,16
63,252276,63,252277,189,3.0,5,0,27.0,692.0,28.0,146.0,704.0,78.0,564.0,35.0,5774.0,103.0,2024,8,1,19
63,252276,63,252277,189,3.0,4,1,27.0,692.0,28.0,146.0,704.0,78.0,564.0,35.0,5774.0,103.0,2024,8,1,19
63,252276,63,252277,189,3.0,3,1,27.0,692.0,28.0,146.0,704.0,78.0,564.0,35.0,5774.0,103.0,2024,8,1,19
63,252266,112,252267,199,3.0,8,0,2126.0,3121.0,2726.0,2200.0,315.0,19.0,550.0,3060.0,1549.0,1443.0,2024,8,1,19
63,252266,112,252267,199,3.0,2,0,2126.0,3121.0,2726.0,2200.0,315.0,19.0,550.0,3060.0,1549.0,1443.0,2024,8,1,19
63,251996,122,251997,169,3.0,0,1,1401.0,169.0,2179.0,1834.0,2934.0,928.0,3110.0,3517.0,3112.0,927.0,2024,8,1,17
63,251996,122,251997,169,3.0,3,1,1401.0,169.0,2179.0,1834.0,2934.0,928.0,3110.0,3517.0,3112.0,927.0,2024,8,1,17
63,251996,122,251997,169,3.0,5,0,1401.0,169.0,2179.0,1834.0,2934.0,928.0,3110.0,3517.0,3112.0,927.0,2024,8,1,17
63,252006,200,252007,73,3.0,4,0,690.0,3746.0,2710.0,1871.0,5620.0,26.0,2041.0,416.0,881.0,6.0,2024,8,1,16
63,252006,200,252007,73,3.0,5,0,690.0,3746.0,2710.0,1871.0,5620.0,26.0,2041.0,416.0,881.0,6.0,2024,8,1,16
63,252272,63,252273,188,3.0,2,1,27.0,692.0,28.0,146.0,704.0,150.0,41.0,982.0,1661.0,12.0,2024,8,1,14
63,252272,63,252273,188,3.0,0,1,27.0,692.0,28.0,146.0,704.0,150.0,41.0,982.0,1661.0,12.0,2024,8,1,14
63,252274,43,252275,189,3.0,0,0,472.0,532.0,749.0,540.0,32.0,78.0,564.0,35.0,5774.0,103.0,2024,8,1,14
63,252274,43,252275,189,3.0,1,0,472.0,532.0,749.0,540.0,32.0,78.0,564.0,35.0,5774.0,103.0,2024,8,1,14
63,252004,16,252005,73,3.0,2,0,11.0,3248.0,1757.0,484.0,3032.0,26.0,2041.0,416.0,881.0,6.0,2024,8,0,20
63,252004,16,252005,73,3.0,4,1,11.0,3248.0,1757.0,484.0,3032.0,26.0,2041.0,416.0,881.0,6.0,2024,8,0,20
63,252004,16,252005,73,3.0,0,0,11.0,3248.0,1757.0,484.0,3032.0,26.0,2041.0,416.0,881.0,6.0,2024,8,0,20
63,252002,181,252003,227,3.0,1,1,3020.0,3192.0,4765.0,3526.0,5827.0,690.0,3746.0,2710.0,1871.0,5620.0,2024,8,0,20
63,252002,181,252003,227,3.0,5,0,3020.0,3192.0,4765.0,3526.0,5827.0,690.0,3746.0,2710.0,1871.0,5620.0,2024,8,0,20
63,252002,181,252003,227,3.0,4,0,3020.0,3192.0,4765.0,3526.0,5827.0,690.0,3746.0,2710.0,1871.0,5620.0,2024,8,0,20
63,252262,112,252263,42,3.0,8,1,2126.0,3121.0,2726.0,2200.0,315.0,472.0,532.0,749.0,540.0,32.0,2024,8,0,18
63,252262,112,252263,42,3.0,5,1,2126.0,3121.0,2726.0,2200.0,315.0,472.0,532.0,749.0,540.0,32.0,2024,8,0,18
63,252264,63,252265,199,3.0,3,1,27.0,692.0,28.0,146.0,704.0,19.0,550.0,3060.0,1549.0,1443.0,2024,8,0,17
63,252264,63,252265,199,3.0,1,0,27.0,692.0,28.0,146.0,704.0,19.0,550.0,3060.0,1549.0,1443.0,2024,8,0,17
63,252264,63,252265,199,3.0,2,0,27.0,692.0,28.0,146.0,704.0,19.0,550.0,3060.0,1549.0,1443.0,2024,8,0,17
63,252270,168,252271,61,3.0,2,1,78.0,564.0,35.0,5774.0,103.0,625.0,628.0,1.0,204.0,983.0,2024,8,0,14
63,252270,168,252271,61,3.0,5,1,78.0,564.0,35.0,5774.0,103.0,625.0,628.0,1.0,204.0,983.0,2024,8,0,14
63,252268,167,252269,214,3.0,8,1,150.0,41.0,982.0,1661.0,12.0,572.0,493.0,266.0,2785.0,163.0,2024,8,0,14
63,252268,167,252269,214,3.0,2,1,150.0,41.0,982.0,1661.0,12.0,572.0,493.0,266.0,2785.0,163.0,2024,8,0,14
63,252268,167,252269,214,3.0,4,0,150.0,41.0,982.0,1661.0,12.0,572.0,493.0,266.0,2785.0,163.0,2024,8,0,14
63,251998,200,251999,8,3.0,2,1,690.0,3746.0,2710.0,1871.0,5620.0,4393.0,2846.0,3760.0,5345.0,4530.0,2024,8,6,20
63,251998,200,251999,8,3.0,1,0,690.0,3746.0,2710.0,1871.0,5620.0,4393.0,2846.0,3760.0,5345.0,4530.0,2024,8,6,20
63,251998,200,251999,8,3.0,5,1,690.0,3746.0,2710.0,1871.0,5620.0,4393.0,2846.0,3760.0,5345.0,4530.0,2024,8,6,20
63,252000,71,252001,196,3.0,4,1,26.0,2041.0,416.0,881.0,6.0,1003.0,295.0,3397.0,4710.0,965.0,2024,8,6,19
63,252000,71,252001,196,3.0,5,1,26.0,2041.0,416.0,881.0,6.0,1003.0,295.0,3397.0,4710.0,965.0,2024,8,6,19
63,251988,122,251989,19,3.0,0,1,1401.0,169.0,2179.0,1834.0,2934.0,11.0,3248.0,1757.0,484.0,3032.0,2024,8,6,17
63,251988,122,251989,19,3.0,4,1,1401.0,169.0,2179.0,1834.0,2934.0,11.0,3248.0,1757.0,484.0,3032.0,2024,8,6,17
63,251992,153,251993,203,3.0,5,1,928.0,3110.0,3517.0,3112.0,927.0,3020.0,3192.0,4765.0,3526.0,5827.0,2024,8,6,16
63,251992,153,251993,203,3.0,0,0,928.0,3110.0,3517.0,3112.0,927.0,3020.0,3192.0,4765.0,3526.0,5827.0,2024,8,6,16
63,251992,153,251993,203,3.0,1,1,928.0,3110.0,3517.0,3112.0,927.0,3020.0,3192.0,4765.0,3526.0,5827.0,2024,8,6,16
63,251472,177,251473,61,3.0,3,1,19.0,550.0,3060.0,1549.0,1443.0,625.0,628.0,1.0,204.0,983.0,2024,8,6,14
63,251472,177,251473,61,3.0,4,1,19.0,550.0,3060.0,1549.0,1443.0,625.0,628.0,1.0,204.0,983.0,2024,8,6,14
63,251466,112,251467,188,3.0,8,0,2126.0,3121.0,2726.0,2200.0,315.0,150.0,41.0,982.0,1661.0,12.0,2024,8,6,14
63,251466,112,251467,188,3.0,5,1,2126.0,3121.0,2726.0,2200.0,315.0,150.0,41.0,982.0,1661.0,12.0,2024,8,6,14
63,251466,112,251467,188,3.0,0,1,2126.0,3121.0,2726.0,2200.0,315.0,150.0,41.0,982.0,1661.0,12.0,2024,8,6,14
63,251458,122,251459,227,3.0,4,1,1401.0,169.0,2179.0,1834.0,2934.0,690.0,3746.0,2710.0,1871.0,5620.0,2024,8,5,20
63,251464,175,251465,203,3.0,0,0,1003.0,295.0,3397.0,4710.0,965.0,3020.0,3192.0,4765.0,3526.0,5827.0,2024,8,5,19
63,251464,175,251465,203,3.0,1,0,1003.0,295.0,3397.0,4710.0,965.0,3020.0,3192.0,4765.0,3526.0,5827.0,2024,8,5,19
63,251460,16,251461,8,3.0,2,1,11.0,3248.0,1757.0,484.0,3032.0,4393.0,2846.0,3760.0,5345.0,4530.0,2024,8,5,18
63,251460,16,251461,8,3.0,3,1,11.0,3248.0,1757.0,484.0,3032.0,4393.0,2846.0,3760.0,5345.0,4530.0,2024,8,5,18
63,251462,71,251463,169,3.0,5,0,26.0,2041.0,416.0,881.0,6.0,928.0,3110.0,3517.0,3112.0,927.0,2024,8,5,16
63,251462,71,251463,169,3.0,3,0,26.0,2041.0,416.0,881.0,6.0,928.0,3110.0,3517.0,3112.0,927.0,2024,8,5,16
63,251468,187,251469,42,3.0,2,1,572.0,493.0,266.0,2785.0,163.0,472.0,532.0,749.0,540.0,32.0,2024,8,5,14
63,251468,187,251469,42,3.0,1,0,572.0,493.0,266.0,2785.0,163.0,472.0,532.0,749.0,540.0,32.0,2024,8,5,14
63,251470,63,251471,189,3.0,5,1,27.0,692.0,28.0,146.0,704.0,78.0,564.0,35.0,5774.0,103.0,2024,8,5,14
63,251470,63,251471,189,3.0,4,1,27.0,692.0,28.0,146.0,704.0,78.0,564.0,35.0,5774.0,103.0,2024,8,5,14
63,251980,110,251981,227,3.0,4,0,216.0,4498.0,4574.0,1507.0,2707.0,690.0,3746.0,2710.0,1871.0,5620.0,2024,8,4,21
63,251980,110,251981,227,3.0,1,1,216.0,4498.0,4574.0,1507.0,2707.0,690.0,3746.0,2710.0,1871.0,5620.0,2024,8,4,21
63,251980,110,251981,227,3.0,8,0,216.0,4498.0,4574.0,1507.0,2707.0,690.0,3746.0,2710.0,1871.0,5620.0,2024,8,4,21
63,251982,57,251983,203,3.0,1,1,158.0,4903.0,156.0,157.0,197.0,3020.0,3192.0,4765.0,3526.0,5827.0,2024,8,4,20
63,251982,57,251983,203,3.0,4,0,158.0,4903.0,156.0,157.0,197.0,3020.0,3192.0,4765.0,3526.0,5827.0,2024,8,4,20
63,251982,57,251983,203,3.0,5,0,158.0,4903.0,156.0,157.0,197.0,3020.0,3192.0,4765.0,3526.0,5827.0,2024,8,4,20
63,251976,23,251977,188,3.0,4,1,1958.0,164.0,1685.0,465.0,1004.0,150.0,41.0,982.0,1661.0,12.0,2024,8,4,18
63,251976,23,251977,188,3.0,1,0,1958.0,164.0,1685.0,465.0,1004.0,150.0,41.0,982.0,1661.0,12.0,2024,8,4,18
63,251976,23,251977,188,3.0,2,0,1958.0,164.0,1685.0,465.0,1004.0,150.0,41.0,982.0,1661.0,12.0,2024,8,4,18
63,251972,90,251973,227,3.0,8,0,627.0,7944.0,3749.0,142.0,1850.0,3746.0,2710.0,5620.0,690.0,1871.0,2024,8,4,14
63,251972,90,251973,227,3.0,3,0,627.0,7944.0,3749.0,142.0,1850.0,3746.0,2710.0,5620.0,690.0,1871.0,2024,8,4,14
63,251972,90,251973,227,3.0,2,1,627.0,7944.0,3749.0,142.0,1850.0,3746.0,2710.0,5620.0,690.0,1871.0,2024,8,4,14
63,251962,110,251963,8,3.0,0,0,216.0,4498.0,4574.0,1507.0,2707.0,4393.0,2846.0,3760.0,5345.0,4530.0,2024,8,4,14
63,251962,110,251963,8,3.0,5,0,216.0,4498.0,4574.0,1507.0,2707.0,4393.0,2846.0,3760.0,5345.0,4530.0,2024,8,4,14
63,251968,7,251969,188,3.0,4,0,3096.0,2875.0,4355.0,4833.0,2006.0,150.0,41.0,982.0,1661.0,12.0,2024,8,3,20
63,251968,7,251969,188,3.0,1,0,3096.0,2875.0,4355.0,4833.0,2006.0,150.0,41.0,982.0,1661.0,12.0,2024,8,3,20
63,251960,43,251961,57,3.0,2,1,472.0,532.0,749.0,540.0,32.0,158.0,4903.0,156.0,157.0,197.0,2024,8,3,20
63,251960,43,251961,57,3.0,8,1,472.0,532.0,749.0,540.0,32.0,158.0,4903.0,156.0,157.0,197.0,2024,8,3,20
63,251970,85,251971,186,3.0,5,1,945.0,709.0,1548.0,2611.0,1002.0,656.0,2894.0,3072.0,499.0,4011.0,2024,8,3,17
63,251970,85,251971,186,3.0,0,1,945.0,709.0,1548.0,2611.0,1002.0,656.0,2894.0,3072.0,499.0,4011.0,2024,8,3,17
63,251970,85,251971,186,3.0,1,0,945.0,709.0,1548.0,2611.0,1002.0,656.0,2894.0,3072.0,499.0,4011.0,2024,8,3,17
63,251964,61,251965,189,3.0,4,0,625.0,628.0,1.0,204.0,983.0,78.0,564.0,35.0,5774.0,103.0,2024,8,3,16
63,251964,61,251965,189,3.0,1,1,625.0,628.0,1.0,204.0,983.0,78.0,564.0,35.0,5774.0,103.0,2024,8,3,16
63,251964,61,251965,189,3.0,5,0,625.0,628.0,1.0,204.0,983.0,78.0,564.0,35.0,5774.0,103.0,2024,8,3,16
63,251966,23,251967,169,3.0,1,1,1958.0,164.0,1685.0,465.0,1004.0,928.0,3110.0,3517.0,3112.0,927.0,2024,8,3,14
63,251966,23,251967,169,3.0,0,0,1958.0,164.0,1685.0,465.0,1004.0,928.0,3110.0,3517.0,3112.0,927.0,2024,8,3,14
63,251966,23,251967,169,3.0,3,0,1958.0,164.0,1685.0,465.0,1004.0,928.0,3110.0,3517.0,3112.0,927.0,2024,8,3,14
63,251452,200,251453,189,3.0,3,0,690.0,3746.0,2710.0,1871.0,5620.0,78.0,564.0,35.0,5774.0,103.0,2024,8,2,21
63,251452,200,251453,189,3.0,1,0,690.0,3746.0,2710.0,1871.0,5620.0,78.0,564.0,35.0,5774.0,103.0,2024,8,2,21
63,251450,61,251451,96,3.0,3,1,625.0,628.0,1.0,204.0,983.0,627.0,7944.0,3749.0,142.0,1850.0,2024,8,2,19
63,251450,61,251451,96,3.0,5,1,625.0,628.0,1.0,204.0,983.0,627.0,7944.0,3749.0,142.0,1850.0,2024,8,2,19
63,251450,61,251451,96,3.0,2,0,625.0,628.0,1.0,204.0,983.0,627.0,7944.0,3749.0,142.0,1850.0,2024,8,2,19
63,251444,57,251445,188,3.0,2,1,158.0,4903.0,156.0,157.0,197.0,150.0,41.0,982.0,1661.0,12.0,2024,8,2,18
63,251444,57,251445,188,3.0,8,1,158.0,4903.0,156.0,157.0,197.0,150.0,41.0,982.0,1661.0,12.0,2024,8,2,18
63,251444,57,251445,188,3.0,5,0,158.0,4903.0,156.0,157.0,197.0,150.0,41.0,982.0,1661.0,12.0,2024,8,2,18
63,251442,43,251443,9,3.0,3,1,472.0,532.0,749.0,540.0,32.0,3096.0,2875.0,4355.0,4833.0,2006.0,2024,8,2,16
63,251442,43,251443,9,3.0,1,1,472.0,532.0,749.0,540.0,32.0,3096.0,2875.0,4355.0,4833.0,2006.0,2024,8,2,16
63,251446,85,251447,116,3.0,1,0,945.0,709.0,1548.0,2611.0,3168.0,216.0,4498.0,4574.0,1507.0,2707.0,2024,8,2,15
63,251446,85,251447,116,3.0,4,0,945.0,709.0,1548.0,2611.0,3168.0,216.0,4498.0,4574.0,1507.0,2707.0,2024,8,2,15
63,251446,85,251447,116,3.0,0,1,945.0,709.0,1548.0,2611.0,3168.0,216.0,4498.0,4574.0,1507.0,2707.0,2024,8,2,15
63,251448,166,251449,8,3.0,5,0,656.0,2894.0,3072.0,499.0,4011.0,4393.0,2846.0,3760.0,5345.0,4530.0,2024,8,2,14
63,251448,166,251449,8,3.0,1,0,656.0,2894.0,3072.0,499.0,4011.0,4393.0,2846.0,3760.0,5345.0,4530.0,2024,8,2,14
63,251454,67,251455,27,3.0,3,0,272.0,262.0,260.0,1050.0,209.0,1958.0,164.0,1685.0,465.0,1004.0,2024,8,2,11
63,251454,67,251455,27,3.0,8,0,272.0,262.0,260.0,1050.0,209.0,1958.0,164.0,1685.0,465.0,1004.0,2024,8,2,11
63,251454,67,251455,27,3.0,0,1,272.0,262.0,260.0,1050.0,209.0,1958.0,164.0,1685.0,465.0,1004.0,2024,8,2,11
63,251456,181,251457,169,3.0,1,0,3020.0,3192.0,4765.0,3526.0,5827.0,928.0,3110.0,3517.0,3112.0,927.0,2024,8,2,11
63,251456,181,251457,169,3.0,2,0,3020.0,3192.0,4765.0,3526.0,5827.0,928.0,3110.0,3517.0,3112.0,927.0,2024,8,2,11
63,251456,181,251457,169,3.0,0,1,3020.0,3192.0,4765.0,3526.0,5827.0,928.0,3110.0,3517.0,3112.0,927.0,2024,8,2,11
28,251612,99,251613,186,3.0,1,1,144.0,3369.0,4518.0,3904.0,4565.0,656.0,2894.0,3072.0,499.0,4011.0,2024,8,6,17
28,251608,68,251609,186,3.0,1,0,65.0,2049.0,18.0,4048.0,495.0,656.0,2894.0,3072.0,499.0,4011.0,2024,8,5,22
28,251608,68,251609,186,3.0,8,0,65.0,2049.0,18.0,4048.0,495.0,656.0,2894.0,3072.0,499.0,4011.0,2024,8,5,22
28,251606,99,251607,41,3.0,0,1,144.0,3369.0,4518.0,3904.0,4565.0,553.0,457.0,3459.0,5156.0,963.0,2024,8,5,19
28,251606,99,251607,41,3.0,2,1,144.0,3369.0,4518.0,3904.0,4565.0,553.0,457.0,3459.0,5156.0,963.0,2024,8,5,19
28,251598,32,251599,186,3.0,1,0,314.0,2638.0,135.0,570.0,273.0,656.0,2894.0,3072.0,499.0,4011.0,2024,8,4,18
28,251598,32,251599,186,3.0,0,0,314.0,2638.0,135.0,570.0,273.0,656.0,2894.0,3072.0,499.0,4011.0,2024,8,4,18
28,251590,68,251591,130,3.0,1,1,65.0,2049.0,18.0,4048.0,495.0,3538.0,6142.0,3344.0,5284.0,16113.0,2024,8,4,15
28,251590,68,251591,130,3.0,8,1,65.0,2049.0,18.0,4048.0,495.0,3538.0,6142.0,3344.0,5284.0,16113.0,2024,8,4,15
28,251588,124,251589,104,3.0,5,0,3538.0,6142.0,3344.0,5284.0,16113.0,144.0,3369.0,4518.0,3904.0,4565.0,2024,8,4,12
28,251588,124,251589,104,3.0,0,0,3538.0,6142.0,3344.0,5284.0,16113.0,144.0,3369.0,4518.0,3904.0,4565.0,2024,8,4,12
28,251594,166,251595,41,3.0,0,1,656.0,2894.0,3072.0,499.0,4011.0,553.0,457.0,3459.0,5156.0,963.0,2024,7,2,21
28,251594,166,251595,41,3.0,8,0,656.0,2894.0,3072.0,499.0,4011.0,553.0,457.0,3459.0,5156.0,963.0,2024,7,2,21
28,251564,163,251565,2,3.0,3,0,25.0,2848.0,153.0,3785.0,641.0,608.0,263.0,5499.0,5777.0,39.0,2024,7,6,15
28,251564,163,251565,2,3.0,4,0,25.0,2848.0,153.0,3785.0,641.0,608.0,263.0,5499.0,5777.0,39.0,2024,7,6,15
13,251706,43,251707,128,3.0,5,0,472.0,532.0,749.0,540.0,32.0,1401.0,169.0,2179.0,1834.0,2934.0,2024,8,6,17
13,251706,43,251707,128,3.0,1,0,472.0,532.0,749.0,540.0,32.0,1401.0,169.0,2179.0,1834.0,2934.0,2024,8,6,17
13,251708,16,251709,135,3.0,3,1,11.0,3248.0,1757.0,484.0,3032.0,143.0,773.0,4080.0,3396.0,1203.0,2024,8,6,15
13,251708,16,251709,135,3.0,4,1,11.0,3248.0,1757.0,484.0,3032.0,143.0,773.0,4080.0,3396.0,1203.0,2024,8,6,15
13,251704,168,251705,128,3.0,5,0,78.0,564.0,35.0,5774.0,103.0,1401.0,169.0,2179.0,1834.0,2934.0,2024,8,5,22
13,251704,168,251705,128,3.0,1,1,78.0,564.0,35.0,5774.0,103.0,1401.0,169.0,2179.0,1834.0,2934.0,2024,8,5,22
13,251704,168,251705,128,3.0,3,1,78.0,564.0,35.0,5774.0,103.0,1401.0,169.0,2179.0,1834.0,2934.0,2024,8,5,22
13,251696,71,251697,135,3.0,0,1,26.0,2041.0,416.0,881.0,6.0,143.0,773.0,4080.0,3396.0,1203.0,2024,8,5,19
13,251696,71,251697,135,3.0,3,1,26.0,2041.0,416.0,881.0,6.0,143.0,773.0,4080.0,3396.0,1203.0,2024,8,5,19
13,251688,177,251689,19,3.0,8,0,19.0,550.0,3060.0,1549.0,1443.0,11.0,3248.0,1757.0,484.0,3032.0,2024,8,5,16
13,251688,177,251689,19,3.0,4,1,19.0,550.0,3060.0,1549.0,1443.0,11.0,3248.0,1757.0,484.0,3032.0,2024,8,5,16
13,251688,177,251689,19,3.0,5,1,19.0,550.0,3060.0,1549.0,1443.0,11.0,3248.0,1757.0,484.0,3032.0,2024,8,5,16
13,251680,175,251681,42,3.0,2,0,1003.0,295.0,3397.0,4710.0,965.0,472.0,532.0,749.0,540.0,32.0,2024,8,5,13
13,251680,175,251681,42,3.0,1,1,1003.0,295.0,3397.0,4710.0,965.0,472.0,532.0,749.0,540.0,32.0,2024,8,5,13
13,251680,175,251681,42,3.0,5,1,1003.0,295.0,3397.0,4710.0,965.0,472.0,532.0,749.0,540.0,32.0,2024,8,5,13
13,251702,122,251703,27,3.0,2,1,1401.0,169.0,2179.0,1834.0,2934.0,1958.0,164.0,465.0,1004.0,1685.0,2024,8,4,20
13,251702,122,251703,27,3.0,4,1,1401.0,169.0,2179.0,1834.0,2934.0,1958.0,164.0,465.0,1004.0,1685.0,2024,8,4,20
13,251694,63,251695,135,3.0,0,0,27.0,692.0,28.0,146.0,704.0,143.0,773.0,4080.0,3396.0,1203.0,2024,8,4,18
13,251694,63,251695,135,3.0,3,0,27.0,692.0,28.0,146.0,704.0,143.0,773.0,4080.0,3396.0,1203.0,2024,8,4,18
13,251686,16,251687,188,3.0,0,1,11.0,3248.0,1757.0,484.0,3032.0,150.0,41.0,982.0,1661.0,12.0,2024,8,4,15
13,251686,16,251687,188,3.0,2,0,11.0,3248.0,1757.0,484.0,3032.0,150.0,41.0,982.0,1661.0,12.0,2024,8,4,15
13,251686,16,251687,188,3.0,5,1,11.0,3248.0,1757.0,484.0,3032.0,150.0,41.0,982.0,1661.0,12.0,2024,8,4,15
13,251678,85,251679,42,3.0,1,0,945.0,709.0,1548.0,2611.0,981.0,472.0,532.0,749.0,540.0,32.0,2024,8,4,13
13,251678,85,251679,42,3.0,0,0,945.0,709.0,1548.0,2611.0,981.0,472.0,532.0,749.0,540.0,32.0,2024,8,4,13
13,251700,23,251701,214,3.0,0,1,1958.0,164.0,465.0,1004.0,1685.0,572.0,493.0,266.0,2785.0,163.0,2024,8,3,22
13,251700,23,251701,214,3.0,4,0,1958.0,164.0,465.0,1004.0,1685.0,572.0,493.0,266.0,2785.0,163.0,2024,8,3,22
13,251700,23,251701,214,3.0,2,1,1958.0,164.0,465.0,1004.0,1685.0,572.0,493.0,266.0,2785.0,163.0,2024,8,3,22
13,251698,122,251699,189,3.0,4,1,1401.0,169.0,2179.0,1834.0,2934.0,78.0,564.0,35.0,5774.0,103.0,2024,8,3,19
13,251698,122,251699,189,3.0,1,0,1401.0,169.0,2179.0,1834.0,2934.0,78.0,564.0,35.0,5774.0,103.0,2024,8,3,19
13,251698,122,251699,189,3.0,3,0,1401.0,169.0,2179.0,1834.0,2934.0,78.0,564.0,35.0,5774.0,103.0,2024,8,3,19
13,251692,42,251693,135,3.0,0,0,553.0,457.0,3459.0,963.0,5156.0,143.0,773.0,4080.0,3396.0,1203.0,2024,8,3,16
13,251692,42,251693,135,3.0,1,0,553.0,457.0,3459.0,963.0,5156.0,143.0,773.0,4080.0,3396.0,1203.0,2024,8,3,16
13,251692,42,251693,135,3.0,4,1,553.0,457.0,3459.0,963.0,5156.0,143.0,773.0,4080.0,3396.0,1203.0,2024,8,3,16
13,251690,63,251691,73,3.0,5,0,27.0,692.0,28.0,146.0,704.0,26.0,2041.0,416.0,881.0,6.0,2024,8,3,13
13,251690,63,251691,73,3.0,0,1,27.0,692.0,28.0,146.0,704.0,26.0,2041.0,416.0,881.0,6.0,2024,8,3,13
13,251690,63,251691,73,3.0,4,0,27.0,692.0,28.0,146.0,704.0,26.0,2041.0,416.0,881.0,6.0,2024,8,3,13
13,250814,187,250815,189,3.0,2,0,572.0,493.0,266.0,2785.0,163.0,78.0,564.0,35.0,5774.0,103.0,2024,7,2,20
13,250814,187,250815,189,3.0,0,0,572.0,493.0,266.0,2785.0,163.0,78.0,564.0,35.0,5774.0,103.0,2024,7,2,20
13,250812,122,250813,27,3.0,4,1,1401.0,169.0,2179.0,1834.0,2934.0,1958.0,164.0,465.0,1004.0,1685.0,2024,7,2,18
13,250812,122,250813,27,3.0,2,1,1401.0,169.0,2179.0,1834.0,2934.0,1958.0,164.0,465.0,1004.0,1685.0,2024,7,2,18
13,250810,71,250811,135,3.0,1,1,26.0,2041.0,416.0,881.0,6.0,143.0,773.0,4080.0,3396.0,1203.0,2024,7,2,16
13,250810,71,250811,135,3.0,3,1,26.0,2041.0,416.0,881.0,6.0,143.0,773.0,4080.0,3396.0,1203.0,2024,7,2,16
13,250808,63,250809,41,3.0,4,1,27.0,692.0,28.0,146.0,704.0,553.0,457.0,3459.0,963.0,5156.0,2024,7,2,13
13,250808,63,250809,41,3.0,3,0,27.0,692.0,28.0,146.0,704.0,553.0,457.0,3459.0,963.0,5156.0,2024,7,2,13
13,250808,63,250809,41,3.0,2,1,27.0,692.0,28.0,146.0,704.0,553.0,457.0,3459.0,963.0,5156.0,2024,7,2,13
13,251684,75,251685,188,3.0,1,0,2805.0,4421.0,5300.0,4065.0,1199.0,150.0,41.0,982.0,1661.0,12.0,2024,7,1,20
13,251684,75,251685,188,3.0,5,0,2805.0,4421.0,5300.0,4065.0,1199.0,150.0,41.0,982.0,1661.0,12.0,2024,7,1,20
13,251682,177,251683,19,3.0,2,1,19.0,550.0,3060.0,1549.0,1443.0,11.0,3248.0,1757.0,484.0,3032.0,2024,7,1,18
13,251682,177,251683,19,3.0,5,1,19.0,550.0,3060.0,1549.0,1443.0,11.0,3248.0,1757.0,484.0,3032.0,2024,7,1,18
13,251676,134,251677,42,3.0,0,0,994.0,507.0,4029.0,701.0,4825.0,472.0,532.0,749.0,540.0,32.0,2024,7,1,15
13,251676,134,251677,42,3.0,1,0,994.0,507.0,4029.0,701.0,4825.0,472.0,532.0,749.0,540.0,32.0,2024,7,1,15
13,251676,134,251677,42,3.0,8,1,994.0,507.0,4029.0,701.0,4825.0,472.0,532.0,749.0,540.0,32.0,2024,7,1,15
13,251674,175,251675,89,3.0,1,1,1003.0,295.0,3397.0,4710.0,965.0,945.0,709.0,1548.0,2611.0,981.0,2024,7,1,13
13,251674,175,251675,89,3.0,8,1,1003.0,295.0,3397.0,4710.0,965.0,945.0,709.0,1548.0,2611.0,981.0,2024,7,1,13
13,250806,16,250807,188,3.0,2,1,11.0,3248.0,1757.0,484.0,3032.0,150.0,41.0,982.0,1661.0,12.0,2024,7,0,21
13,250804,177,250805,79,3.0,4,1,19.0,550.0,3060.0,1549.0,1443.0,2805.0,4421.0,5300.0,4065.0,1199.0,2024,7,0,17
13,250804,177,250805,79,3.0,1,0,19.0,550.0,3060.0,1549.0,1443.0,2805.0,4421.0,5300.0,4065.0,1199.0,2024,7,0,17
13,250804,177,250805,79,3.0,2,1,19.0,550.0,3060.0,1549.0,1443.0,2805.0,4421.0,5300.0,4065.0,1199.0,2024,7,0,17
13,250802,43,250803,89,3.0,0,0,472.0,532.0,749.0,540.0,32.0,945.0,709.0,1548.0,2611.0,981.0,2024,7,0,14
13,250802,43,250803,89,3.0,8,0,472.0,532.0,749.0,540.0,32.0,945.0,709.0,1548.0,2611.0,981.0,2024,7,0,14
13,250800,175,250801,142,3.0,2,1,1003.0,295.0,3397.0,4710.0,965.0,994.0,507.0,4029.0,701.0,4825.0,2024,7,0,13
13,250800,175,250801,142,3.0,4,1,1003.0,295.0,3397.0,4710.0,965.0,994.0,507.0,4029.0,701.0,4825.0,2024,7,0,13
29,252032,107,252033,227,3.0,3,0,997.0,1165.0,205.0,8499.0,6735.0,690.0,3746.0,2710.0,1871.0,5620.0,2024,8,6,2
29,252032,107,252033,227,3.0,1,0,997.0,1165.0,205.0,8499.0,6735.0,690.0,3746.0,2710.0,1871.0,5620.0,2024,8,6,2
29,252028,133,252029,227,3.0,5,0,2271.0,4440.0,1455.0,2709.0,6424.0,690.0,3746.0,2710.0,1871.0,5620.0,2024,8,5,19
29,252028,133,252029,227,3.0,1,0,2271.0,4440.0,1455.0,2709.0,6424.0,690.0,3746.0,2710.0,1871.0,5620.0,2024,8,5,19
29,251948,107,251949,66,3.0,3,1,997.0,1165.0,205.0,8499.0,6735.0,998.0,4019.0,2225.0,7338.0,626.0,2024,8,5,2
29,251948,107,251949,66,3.0,5,1,997.0,1165.0,205.0,8499.0,6735.0,998.0,4019.0,2225.0,7338.0,626.0,2024,8,5,2
29,251952,110,251953,141,3.0,8,0,216.0,4498.0,4574.0,1507.0,2707.0,2271.0,4440.0,1455.0,2709.0,6424.0,2024,8,4,23
29,251760,38,251761,141,3.0,9,0,3446.0,4653.0,6090.0,2218.0,6975.0,2271.0,4440.0,1455.0,2709.0,6424.0,2024,8,4,2
29,251760,38,251761,141,3.0,9,0,3446.0,4653.0,6090.0,2218.0,6975.0,2271.0,4440.0,1455.0,2709.0,6424.0,2024,8,4,2
29,251758,200,251759,141,3.0,1,1,690.0,3746.0,2710.0,1871.0,5620.0,2271.0,4440.0,1455.0,2709.0,6424.0,2024,8,3,2
29,251758,200,251759,141,3.0,2,1,690.0,3746.0,2710.0,1871.0,5620.0,2271.0,4440.0,1455.0,2709.0,6424.0,2024,8,3,2
29,251752,200,251753,38,3.0,3,1,690.0,3746.0,2710.0,1871.0,5620.0,3446.0,4653.0,6090.0,2218.0,6975.0,2024,7,1,17
29,251752,200,251753,38,3.0,5,1,690.0,3746.0,2710.0,1871.0,5620.0,3446.0,4653.0,6090.0,2218.0,6975.0,2024,7,1,17
78,251720,200,251721,96,3.0,3,1,690.0,3746.0,2710.0,1871.0,5620.0,627.0,7944.0,3749.0,142.0,1850.0,2024,7,1,2
78,251720,200,251721,96,3.0,1,1,690.0,3746.0,2710.0,1871.0,5620.0,627.0,7944.0,3749.0,142.0,1850.0,2024,7,1,2
78,251718,90,251719,116,3.0,5,1,627.0,7944.0,3749.0,142.0,1850.0,216.0,4498.0,4574.0,1507.0,2707.0,2024,7,0,22
78,251718,90,251719,116,3.0,8,0,627.0,7944.0,3749.0,142.0,1850.0,216.0,4498.0,4574.0,1507.0,2707.0,2024,7,0,22
78,251718,90,251719,116,3.0,4,1,627.0,7944.0,3749.0,142.0,1850.0,216.0,4498.0,4574.0,1507.0,2707.0,2024,7,0,22
50,250848,122,250849,73,3.0,0,0,1401.0,169.0,2179.0,1834.0,2934.0,26.0,2041.0,416.0,881.0,6.0,2024,7,6,21
50,250848,122,250849,73,3.0,5,1,1401.0,169.0,2179.0,1834.0,2934.0,26.0,2041.0,416.0,881.0,6.0,2024,7,6,21
50,250848,122,250849,73,3.0,3,1,1401.0,169.0,2179.0,1834.0,2934.0,26.0,2041.0,416.0,881.0,6.0,2024,7,6,21
50,250844,112,250845,128,3.0,2,1,2126.0,3121.0,2726.0,2200.0,315.0,1401.0,169.0,2179.0,1834.0,2934.0,2024,7,5,21
50,250844,112,250845,128,3.0,4,0,2126.0,3121.0,2726.0,2200.0,315.0,1401.0,169.0,2179.0,1834.0,2934.0,2024,7,5,21
50,250844,112,250845,128,3.0,5,0,2126.0,3121.0,2726.0,2200.0,315.0,1401.0,169.0,2179.0,1834.0,2934.0,2024,7,5,21
50,250846,71,250847,214,3.0,0,1,26.0,2041.0,416.0,881.0,6.0,572.0,493.0,266.0,2785.0,163.0,2024,7,5,17
50,250846,71,250847,214,3.0,2,1,26.0,2041.0,416.0,881.0,6.0,572.0,493.0,266.0,2785.0,163.0,2024,7,5,17
50,250840,122,250841,63,3.0,5,1,1401.0,169.0,2179.0,1834.0,2934.0,27.0,692.0,28.0,146.0,704.0,2024,7,4,22
50,250840,122,250841,63,3.0,4,1,1401.0,169.0,2179.0,1834.0,2934.0,27.0,692.0,28.0,146.0,704.0,2024,7,4,22
50,250842,61,250843,118,3.0,4,1,625.0,628.0,1.0,204.0,983.0,2126.0,3121.0,2726.0,2200.0,315.0,2024,7,4,18
50,250842,61,250843,118,3.0,5,0,625.0,628.0,1.0,204.0,983.0,2126.0,3121.0,2726.0,2200.0,315.0,2024,7,4,18
50,250836,177,250837,214,3.0,3,0,19.0,550.0,3060.0,1549.0,1443.0,572.0,493.0,266.0,2785.0,163.0,2024,7,4,14
50,250836,177,250837,214,3.0,2,0,19.0,550.0,3060.0,1549.0,1443.0,572.0,493.0,266.0,2785.0,163.0,2024,7,4,14
50,250838,175,250839,73,3.0,5,1,1003.0,295.0,3397.0,4710.0,965.0,26.0,2041.0,416.0,881.0,6.0,2024,7,3,22
50,250838,175,250839,73,3.0,0,0,1003.0,295.0,3397.0,4710.0,965.0,26.0,2041.0,416.0,881.0,6.0,2024,7,3,22
50,250838,175,250839,73,3.0,4,0,1003.0,295.0,3397.0,4710.0,965.0,26.0,2041.0,416.0,881.0,6.0,2024,7,3,22
50,250832,181,250833,115,1.0,0,1,3020.0,3192.0,4765.0,3526.0,5827.0,845.0,1817.0,1687.0,2810.0,2113.0,2024,7,3,19
50,250830,156,250831,61,1.0,5,0,1446.0,2537.0,1689.0,2053.0,3922.0,625.0,628.0,1.0,204.0,983.0,2024,7,3,17
50,250828,181,250829,116,1.0,3,1,3020.0,3192.0,4765.0,3526.0,5827.0,216.0,4498.0,4574.0,1507.0,2707.0,2024,7,3,15
50,250826,67,250827,61,1.0,5,0,272.0,262.0,260.0,1050.0,209.0,625.0,628.0,1.0,204.0,983.0,2024,7,3,13
50,250824,98,250825,172,1.0,0,0,6836.0,4033.0,13.0,1095.0,25490.0,1446.0,2537.0,1689.0,2053.0,3922.0,2024,7,3,13
50,250264,187,250265,42,3.0,2,1,572.0,493.0,266.0,2785.0,163.0,472.0,532.0,749.0,540.0,32.0,2024,7,2,21
50,250264,187,250265,42,3.0,1,1,572.0,493.0,266.0,2785.0,163.0,472.0,532.0,749.0,540.0,32.0,2024,7,2,21
50,250260,175,250261,116,3.0,8,1,1003.0,295.0,3397.0,4710.0,965.0,216.0,4498.0,4574.0,1507.0,2707.0,2024,7,2,21
50,250260,175,250261,116,3.0,5,1,1003.0,295.0,3397.0,4710.0,965.0,216.0,4498.0,4574.0,1507.0,2707.0,2024,7,2,21
50,250262,122,250263,61,3.0,5,1,1401.0,169.0,2179.0,1834.0,2934.0,625.0,628.0,1.0,204.0,983.0,2024,7,2,17
50,250262,122,250263,61,3.0,4,1,1401.0,169.0,2179.0,1834.0,2934.0,625.0,628.0,1.0,204.0,983.0,2024,7,2,17
50,250266,177,250267,115,3.0,8,1,19.0,550.0,3060.0,1549.0,1443.0,845.0,1817.0,1687.0,2810.0,2113.0,2024,7,2,17
50,250266,177,250267,115,3.0,2,1,19.0,550.0,3060.0,1549.0,1443.0,845.0,1817.0,1687.0,2810.0,2113.0,2024,7,2,17
50,250258,112,250259,172,3.0,0,1,2126.0,3121.0,2726.0,2200.0,315.0,1446.0,2537.0,1689.0,2053.0,3922.0,2024,7,2,14
50,250258,112,250259,172,3.0,4,1,2126.0,3121.0,2726.0,2200.0,315.0,1446.0,2537.0,1689.0,2053.0,3922.0,2024,7,2,14
50,250258,112,250259,172,3.0,5,0,2126.0,3121.0,2726.0,2200.0,315.0,1446.0,2537.0,1689.0,2053.0,3922.0,2024,7,2,14
50,250270,71,250271,203,3.0,0,1,26.0,2041.0,416.0,881.0,6.0,3020.0,3192.0,4765.0,3526.0,5827.0,2024,7,2,14
50,250268,63,250269,67,3.0,1,1,27.0,692.0,28.0,146.0,704.0,272.0,262.0,260.0,1050.0,209.0,2024,7,2,14
56,249192,127,249193,68,3.0,3,1,143.0,773.0,4080.0,3396.0,1203.0,4048.0,18.0,65.0,2049.0,495.0,2024,6,6,22
56,249192,127,249193,68,3.0,0,0,143.0,773.0,4080.0,3396.0,1203.0,4048.0,18.0,65.0,2049.0,495.0,2024,6,6,22
56,249192,127,249193,68,3.0,8,0,143.0,773.0,4080.0,3396.0,1203.0,4048.0,18.0,65.0,2049.0,495.0,2024,6,6,22
56,249188,145,249189,68,3.0,8,0,3.0,1913.0,888.0,996.0,5028.0,4048.0,18.0,65.0,2049.0,495.0,2024,6,6,2
56,249188,145,249189,68,3.0,0,0,3.0,1913.0,888.0,996.0,5028.0,4048.0,18.0,65.0,2049.0,495.0,2024,6,6,2
56,249188,145,249189,68,3.0,4,1,3.0,1913.0,888.0,996.0,5028.0,4048.0,18.0,65.0,2049.0,495.0,2024,6,6,2
56,249186,68,249187,96,3.0,4,0,4048.0,18.0,65.0,2049.0,495.0,147.0,142.0,627.0,7944.0,3749.0,2024,6,5,19
56,249186,68,249187,96,3.0,3,1,4048.0,18.0,65.0,2049.0,495.0,147.0,142.0,627.0,7944.0,3749.0,2024,6,5,19
56,249186,68,249187,96,3.0,2,1,4048.0,18.0,65.0,2049.0,495.0,147.0,142.0,627.0,7944.0,3749.0,2024,6,5,19
56,249174,200,249175,135,1.0,8,0,3746.0,690.0,2710.0,1871.0,5620.0,143.0,773.0,4080.0,3396.0,1203.0,2024,6,5,2
56,249180,68,249181,156,1.0,1,0,4048.0,18.0,65.0,2049.0,495.0,3.0,1913.0,888.0,996.0,5028.0,2024,6,5,0
56,249170,21,249171,227,1.0,5,0,877.0,880.0,3357.0,5875.0,4707.0,3746.0,690.0,2710.0,1871.0,5620.0,2024,6,4,20
15,249362,122,249363,196,5.0,0,0,1401.0,169.0,2179.0,1834.0,2934.0,1003.0,295.0,3397.0,4710.0,965.0,2024,6,6,17
15,249362,122,249363,196,5.0,2,0,1401.0,169.0,2179.0,1834.0,2934.0,1003.0,295.0,3397.0,4710.0,965.0,2024,6,6,17
15,249362,122,249363,196,5.0,4,1,1401.0,169.0,2179.0,1834.0,2934.0,1003.0,295.0,3397.0,4710.0,965.0,2024,6,6,17
15,249362,122,249363,196,5.0,5,0,1401.0,169.0,2179.0,1834.0,2934.0,1003.0,295.0,3397.0,4710.0,965.0,2024,6,6,17
15,249358,187,249359,128,3.0,1,0,572.0,493.0,266.0,2785.0,163.0,1401.0,169.0,2179.0,1834.0,2934.0,2024,6,5,22
15,249358,187,249359,128,3.0,4,0,572.0,493.0,266.0,2785.0,163.0,1401.0,169.0,2179.0,1834.0,2934.0,2024,6,5,22
15,249360,175,249361,199,3.0,4,0,1003.0,295.0,3397.0,4710.0,965.0,19.0,550.0,3060.0,1549.0,1443.0,2024,6,5,18
15,249360,175,249361,199,3.0,1,1,1003.0,295.0,3397.0,4710.0,965.0,19.0,550.0,3060.0,1549.0,1443.0,2024,6,5,18
15,249360,175,249361,199,3.0,2,1,1003.0,295.0,3397.0,4710.0,965.0,19.0,550.0,3060.0,1549.0,1443.0,2024,6,5,18
15,249354,16,249355,214,3.0,3,0,11.0,3248.0,1757.0,484.0,3032.0,572.0,493.0,266.0,2785.0,163.0,2024,6,4,21
15,249354,16,249355,214,3.0,2,0,11.0,3248.0,1757.0,484.0,3032.0,572.0,493.0,266.0,2785.0,163.0,2024,6,4,21
15,249356,63,249357,199,3.0,2,0,27.0,692.0,28.0,146.0,704.0,19.0,550.0,3060.0,1549.0,1443.0,2024,6,4,18
15,249356,63,249357,199,3.0,3,1,27.0,692.0,28.0,146.0,704.0,19.0,550.0,3060.0,1549.0,1443.0,2024,6,4,18
15,249356,63,249357,199,3.0,4,0,27.0,692.0,28.0,146.0,704.0,19.0,550.0,3060.0,1549.0,1443.0,2024,6,4,18
15,248170,187,248171,196,3.0,0,0,572.0,493.0,266.0,2785.0,163.0,1003.0,295.0,3397.0,4710.0,965.0,2024,6,3,22
15,248170,187,248171,196,3.0,2,0,572.0,493.0,266.0,2785.0,163.0,1003.0,295.0,3397.0,4710.0,965.0,2024,6,3,22
15,248168,177,248169,73,3.0,1,0,19.0,550.0,3060.0,1549.0,1443.0,26.0,2041.0,416.0,736.0,273.0,2024,6,3,19
15,248168,177,248169,73,3.0,3,1,19.0,550.0,3060.0,1549.0,1443.0,26.0,2041.0,416.0,736.0,273.0,2024,6,3,19
15,248168,177,248169,73,3.0,4,1,19.0,550.0,3060.0,1549.0,1443.0,26.0,2041.0,416.0,736.0,273.0,2024,6,3,19
15,248164,63,248165,128,3.0,2,0,27.0,692.0,28.0,146.0,704.0,1401.0,169.0,2179.0,1834.0,2934.0,2024,6,3,15
15,248164,63,248165,128,3.0,5,1,27.0,692.0,28.0,146.0,704.0,1401.0,169.0,2179.0,1834.0,2934.0,2024,6,3,15
15,248164,63,248165,128,3.0,4,0,27.0,692.0,28.0,146.0,704.0,1401.0,169.0,2179.0,1834.0,2934.0,2024,6,3,15
15,248166,153,248167,19,3.0,2,0,928.0,3110.0,3517.0,3112.0,927.0,11.0,3248.0,1757.0,484.0,3032.0,2024,6,3,14
15,248166,153,248167,19,3.0,3,0,928.0,3110.0,3517.0,3112.0,927.0,11.0,3248.0,1757.0,484.0,3032.0,2024,6,3,14
15,248162,175,248163,73,3.0,0,0,1003.0,295.0,3397.0,4710.0,965.0,26.0,8.0,416.0,736.0,273.0,2024,6,2,23
15,248162,175,248163,73,3.0,1,1,1003.0,295.0,3397.0,4710.0,965.0,26.0,8.0,416.0,736.0,273.0,2024,6,2,23
15,248162,175,248163,73,3.0,2,1,1003.0,295.0,3397.0,4710.0,965.0,26.0,8.0,416.0,736.0,273.0,2024,6,2,23
15,248160,177,248161,214,3.0,1,0,19.0,550.0,3060.0,1549.0,1443.0,572.0,493.0,266.0,2785.0,163.0,2024,6,2,18
15,248160,177,248161,214,3.0,3,1,19.0,550.0,3060.0,1549.0,1443.0,572.0,493.0,266.0,2785.0,163.0,2024,6,2,18
15,248160,177,248161,214,3.0,2,0,19.0,550.0,3060.0,1549.0,1443.0,572.0,493.0,266.0,2785.0,163.0,2024,6,2,18
15,248158,122,248159,19,3.0,2,1,1401.0,169.0,2179.0,1834.0,2934.0,11.0,3248.0,1757.0,484.0,3032.0,2024,6,2,16
15,248158,122,248159,19,3.0,5,1,1401.0,169.0,2179.0,1834.0,2934.0,11.0,3248.0,1757.0,484.0,3032.0,2024,6,2,16
15,248156,63,248157,169,3.0,3,1,27.0,692.0,28.0,146.0,704.0,928.0,3110.0,3517.0,3112.0,927.0,2024,6,2,14
15,248156,63,248157,169,3.0,0,1,27.0,692.0,28.0,146.0,704.0,928.0,3110.0,3517.0,3112.0,927.0,2024,6,2,14
39,249220,167,249221,42,3.0,5,0,150.0,41.0,982.0,1661.0,12.0,472.0,532.0,749.0,540.0,32.0,2024,6,6,17
39,249220,167,249221,42,3.0,8,0,150.0,41.0,982.0,1661.0,12.0,472.0,532.0,749.0,540.0,32.0,2024,6,6,17
39,249216,50,249217,188,3.0,5,0,15.0,1627.0,789.0,607.0,5630.0,150.0,41.0,982.0,1661.0,12.0,2024,6,6,14
39,249216,50,249217,188,3.0,4,0,15.0,1627.0,789.0,607.0,5630.0,150.0,41.0,982.0,1661.0,12.0,2024,6,6,14
39,249218,17,249219,42,3.0,5,1,1008.0,1892.0,2070.0,3059.0,4543.0,472.0,532.0,749.0,540.0,32.0,2024,6,6,11
39,249218,17,249219,42,3.0,3,0,1008.0,1892.0,2070.0,3059.0,4543.0,472.0,532.0,749.0,540.0,32.0,2024,6,6,11
39,249218,17,249219,42,3.0,1,0,1008.0,1892.0,2070.0,3059.0,4543.0,472.0,532.0,749.0,540.0,32.0,2024,6,6,11
39,249214,43,249215,116,3.0,1,1,472.0,532.0,749.0,540.0,32.0,216.0,4498.0,4574.0,1507.0,2707.0,2024,6,5,13
39,249214,43,249215,116,3.0,8,1,472.0,532.0,749.0,540.0,32.0,216.0,4498.0,4574.0,1507.0,2707.0,2024,6,5,13
39,249214,43,249215,116,3.0,0,0,472.0,532.0,749.0,540.0,32.0,216.0,4498.0,4574.0,1507.0,2707.0,2024,6,5,13
39,249202,139,249203,188,3.0,5,0,1719.0,1017.0,804.0,1102.0,473.0,150.0,41.0,982.0,1661.0,12.0,2024,6,5,11
39,249202,139,249203,188,3.0,1,0,1719.0,1017.0,804.0,1102.0,473.0,150.0,41.0,982.0,1661.0,12.0,2024,6,5,11
39,249210,43,249211,50,1.0,2,0,472.0,532.0,749.0,540.0,32.0,15.0,1627.0,789.0,607.0,5630.0,2024,6,4,18
39,249200,181,249201,20,1.0,5,0,3020.0,3192.0,4765.0,3526.0,5827.0,1008.0,1892.0,2070.0,3059.0,4543.0,2024,6,4,17
39,249208,50,249209,116,1.0,5,1,15.0,1627.0,789.0,607.0,5630.0,216.0,4498.0,4574.0,1507.0,2707.0,2024,6,4,15
39,249198,17,249199,188,1.0,5,1,1008.0,1892.0,2070.0,3059.0,4543.0,150.0,41.0,982.0,1661.0,12.0,2024,6,4,12
44,249022,158,249023,186,3.0,1,0,145.0,1675.0,1673.0,2892.0,3045.0,656.0,2894.0,3072.0,499.0,4011.0,2024,6,1,21
44,249022,158,249023,186,3.0,3,0,145.0,1675.0,1673.0,2892.0,3045.0,656.0,2894.0,3072.0,499.0,4011.0,2024,6,1,21
44,249016,153,249017,186,1.0,5,0,928.0,3110.0,3517.0,3112.0,927.0,656.0,2894.0,3072.0,499.0,4011.0,2024,6,0,16
44,249010,117,249011,176,1.0,2,1,3202.0,1420.0,3168.0,58.0,413.0,145.0,1675.0,1673.0,2892.0,3045.0,2024,6,0,16
44,249012,5,249013,20,1.0,8,0,3289.0,1343.0,611.0,2068.0,1962.0,1008.0,1892.0,2070.0,3059.0,4543.0,2024,6,0,16
44,249004,5,249005,176,1.0,2,1,3289.0,1343.0,611.0,2068.0,1962.0,145.0,1675.0,1673.0,2892.0,3045.0,2024,6,0,14
44,249006,137,249007,186,1.0,8,0,1954.0,264.0,5057.0,2988.0,3405.0,656.0,2894.0,3072.0,499.0,4011.0,2024,6,0,14
44,249008,153,249009,160,1.0,8,1,928.0,3110.0,3517.0,3112.0,927.0,959.0,7526.0,7527.0,7528.0,3915.0,2024,6,0,14
44,249002,117,249003,20,1.0,4,0,3202.0,1420.0,3168.0,58.0,413.0,1008.0,1892.0,2070.0,3059.0,4543.0,2024,6,0,14
44,248996,5,248997,186,1.0,1,0,3289.0,1343.0,611.0,2068.0,1962.0,656.0,2894.0,3072.0,499.0,4011.0,2024,6,0,13
44,248998,137,248999,176,1.0,5,0,1954.0,264.0,5057.0,2988.0,3405.0,145.0,1675.0,1673.0,2892.0,3045.0,2024,6,0,13
44,249000,153,249001,20,1.0,5,1,928.0,3110.0,3517.0,3112.0,927.0,1008.0,1892.0,2070.0,3059.0,4543.0,2024,6,0,13
44,248994,117,248995,160,1.0,0,0,3202.0,1420.0,3168.0,58.0,413.0,959.0,7526.0,7527.0,7528.0,3915.0,2024,6,0,13
44,248992,153,248993,176,1.0,1,0,928.0,3110.0,3517.0,3112.0,927.0,145.0,1675.0,1673.0,2892.0,3045.0,2024,6,6,17
44,248990,137,248991,20,1.0,4,0,1954.0,264.0,5057.0,2988.0,3405.0,1008.0,1892.0,2070.0,3059.0,4543.0,2024,6,6,17
44,248986,117,248987,186,1.0,2,1,3202.0,1420.0,3168.0,58.0,413.0,656.0,2894.0,3072.0,499.0,4011.0,2024,6,6,17
44,248980,5,248981,145,1.0,2,0,3289.0,1343.0,611.0,2068.0,1962.0,1954.0,264.0,5057.0,2988.0,3405.0,2024,6,6,16
44,248982,166,248983,176,1.0,3,0,656.0,2894.0,3072.0,499.0,4011.0,145.0,1675.0,1673.0,2892.0,3045.0,2024,6,6,16
44,248984,148,248985,20,1.0,5,1,959.0,7526.0,7527.0,7528.0,3915.0,1008.0,1892.0,2070.0,3059.0,4543.0,2024,6,6,16
44,248974,166,248975,20,1.0,2,1,656.0,2894.0,3072.0,499.0,4011.0,1008.0,1892.0,2070.0,3059.0,4543.0,2024,6,6,14
44,248976,148,248977,176,1.0,0,1,959.0,7526.0,7527.0,7528.0,3915.0,145.0,1675.0,1673.0,2892.0,3045.0,2024,6,6,14
44,248972,5,248973,169,1.0,5,1,3289.0,1343.0,611.0,2068.0,1962.0,928.0,3110.0,3517.0,3112.0,927.0,2024,6,6,14
44,248970,117,248971,145,1.0,4,0,3202.0,1420.0,3168.0,58.0,413.0,1954.0,264.0,5057.0,2988.0,3405.0,2024,6,6,14
44,248968,17,248969,176,1.0,3,0,1008.0,1892.0,2070.0,3059.0,4543.0,145.0,1675.0,1673.0,2892.0,3045.0,2024,6,6,13
44,248962,117,248963,6,1.0,1,0,3202.0,1420.0,3168.0,58.0,413.0,3289.0,1343.0,611.0,2068.0,1962.0,2024,6,6,13
44,248966,166,248967,160,1.0,1,1,656.0,2894.0,3072.0,499.0,4011.0,959.0,7526.0,7527.0,7528.0,3915.0,2024,6,6,13
44,248964,137,248965,169,1.0,8,0,1954.0,264.0,5057.0,2988.0,3405.0,928.0,3110.0,3517.0,3112.0,927.0,2024,6,6,13
115,248594,130,248595,53,3.0,5,1,1696.0,1987.0,3274.0,1166.0,83.0,2517.0,2518.0,2516.0,6336.0,4242.0,2024,6,5,0
115,248594,130,248595,53,3.0,0,1,1696.0,1987.0,3274.0,1166.0,83.0,2517.0,2518.0,2516.0,6336.0,4242.0,2024,6,5,0
65,245841,71,245842,199,3.0,3,1,26.0,2041.0,416.0,273.0,141.0,19.0,550.0,3060.0,1549.0,1443.0,2024,6,6,21
65,245841,71,245842,199,3.0,1,0,26.0,2041.0,416.0,273.0,141.0,19.0,550.0,3060.0,1549.0,1443.0,2024,6,6,21
65,245841,71,245842,199,3.0,5,1,26.0,2041.0,416.0,273.0,141.0,19.0,550.0,3060.0,1549.0,1443.0,2024,6,6,21
65,245833,6,245834,73,3.0,3,0,4393.0,2846.0,3760.0,5345.0,4530.0,26.0,2041.0,416.0,273.0,141.0,2024,6,6,0
65,245833,6,245834,73,3.0,2,0,4393.0,2846.0,3760.0,5345.0,4530.0,26.0,2041.0,416.0,273.0,141.0,2024,6,6,0
65,245835,175,245836,199,3.0,2,0,1003.0,295.0,3397.0,4710.0,965.0,19.0,550.0,3060.0,1549.0,1443.0,2024,6,5,21
65,245835,175,245836,199,3.0,4,0,1003.0,295.0,3397.0,4710.0,965.0,19.0,550.0,3060.0,1549.0,1443.0,2024,6,5,21
65,245837,63,245838,73,3.0,5,0,27.0,692.0,28.0,146.0,704.0,26.0,2041.0,416.0,273.0,141.0,2024,6,5,0
65,245837,63,245838,73,3.0,2,0,27.0,692.0,28.0,146.0,704.0,26.0,2041.0,416.0,273.0,141.0,2024,6,5,0
65,245839,177,245840,89,3.0,5,1,19.0,550.0,3060.0,1549.0,1443.0,945.0,709.0,1548.0,2611.0,2152.0,2024,5,4,21
65,245839,177,245840,89,3.0,2,1,19.0,550.0,3060.0,1549.0,1443.0,945.0,709.0,1548.0,2611.0,2152.0,2024,5,4,21
65,245551,85,245552,27,3.0,5,1,945.0,709.0,1548.0,2611.0,2152.0,1958.0,164.0,1824.0,1685.0,465.0,2024,5,3,2
65,245551,85,245552,27,3.0,0,1,945.0,709.0,1548.0,2611.0,2152.0,1958.0,164.0,1824.0,1685.0,465.0,2024,5,3,2
65,245535,71,245536,189,3.0,5,1,26.0,2041.0,416.0,273.0,141.0,78.0,564.0,983.0,439.0,35.0,2024,5,3,2
65,245535,71,245536,189,3.0,2,0,26.0,2041.0,416.0,273.0,141.0,78.0,564.0,983.0,439.0,35.0,2024,5,3,2
65,245535,71,245536,189,3.0,3,1,26.0,2041.0,416.0,273.0,141.0,78.0,564.0,983.0,439.0,35.0,2024,5,3,2
65,245529,6,245530,199,3.0,1,1,4393.0,2846.0,3760.0,5345.0,4530.0,19.0,550.0,3060.0,1549.0,1443.0,2024,5,2,23
65,245529,6,245530,199,3.0,2,1,4393.0,2846.0,3760.0,5345.0,4530.0,19.0,550.0,3060.0,1549.0,1443.0,2024,5,2,23
65,245541,63,245542,196,3.0,5,0,27.0,692.0,28.0,146.0,704.0,1003.0,295.0,3397.0,4710.0,965.0,2024,5,2,23
65,245541,63,245542,196,3.0,1,0,27.0,692.0,28.0,146.0,704.0,1003.0,295.0,3397.0,4710.0,965.0,2024,5,2,23
65,245549,187,245550,27,3.0,2,0,572.0,493.0,266.0,2785.0,163.0,1958.0,164.0,1824.0,1685.0,465.0,2024,5,2,20
65,245549,187,245550,27,3.0,3,0,572.0,493.0,266.0,2785.0,163.0,1958.0,164.0,1824.0,1685.0,465.0,2024,5,2,20
65,245549,187,245550,27,3.0,0,1,572.0,493.0,266.0,2785.0,163.0,1958.0,164.0,1824.0,1685.0,465.0,2024,5,2,20
65,245547,122,245548,89,3.0,4,0,1401.0,169.0,2179.0,1834.0,2934.0,945.0,709.0,1548.0,2611.0,2152.0,2024,5,2,20
65,245547,122,245548,89,3.0,5,0,1401.0,169.0,2179.0,1834.0,2934.0,945.0,709.0,1548.0,2611.0,2152.0,2024,5,2,20
65,245531,71,245532,118,3.0,0,1,26.0,2041.0,416.0,273.0,141.0,2126.0,3121.0,2726.0,2200.0,315.0,2024,5,2,3
65,245531,71,245532,118,3.0,3,1,26.0,2041.0,416.0,273.0,141.0,2126.0,3121.0,2726.0,2200.0,315.0,2024,5,2,3
65,245531,71,245532,118,3.0,5,0,26.0,2041.0,416.0,273.0,141.0,2126.0,3121.0,2726.0,2200.0,315.0,2024,5,2,3
65,245533,168,245534,188,3.0,5,0,78.0,564.0,983.0,439.0,35.0,150.0,41.0,982.0,1661.0,12.0,2024,5,2,2
65,245533,168,245534,188,3.0,1,1,78.0,564.0,983.0,439.0,35.0,150.0,41.0,982.0,1661.0,12.0,2024,5,2,2
65,245533,168,245534,188,3.0,0,1,78.0,564.0,983.0,439.0,35.0,150.0,41.0,982.0,1661.0,12.0,2024,5,2,2
65,245545,67,245546,27,3.0,5,0,272.0,262.0,260.0,1050.0,209.0,1958.0,164.0,1824.0,1685.0,465.0,2024,5,1,23
65,245545,67,245546,27,3.0,0,0,272.0,262.0,260.0,1050.0,209.0,1958.0,164.0,1824.0,1685.0,465.0,2024,5,1,23
65,245537,63,245538,214,3.0,3,1,27.0,692.0,28.0,146.0,704.0,572.0,493.0,266.0,2785.0,163.0,2024,5,1,23
65,245537,63,245538,214,3.0,4,0,27.0,692.0,28.0,146.0,704.0,572.0,493.0,266.0,2785.0,163.0,2024,5,1,23
65,245537,63,245538,214,3.0,0,1,27.0,692.0,28.0,146.0,704.0,572.0,493.0,266.0,2785.0,163.0,2024,5,1,23
65,245539,175,245540,128,3.0,0,1,1003.0,295.0,3397.0,4710.0,965.0,1401.0,169.0,2179.0,1834.0,2934.0,2024,5,1,20
65,245539,175,245540,128,3.0,5,1,1003.0,295.0,3397.0,4710.0,965.0,1401.0,169.0,2179.0,1834.0,2934.0,2024,5,1,20
65,245543,109,245544,89,3.0,0,0,845.0,1817.0,881.0,1687.0,2810.0,945.0,709.0,1548.0,2611.0,2152.0,2024,5,1,20
65,245543,109,245544,89,3.0,4,0,845.0,1817.0,881.0,1687.0,2810.0,945.0,709.0,1548.0,2611.0,2152.0,2024,5,1,20
65,245527,112,245528,42,3.0,0,1,2126.0,3121.0,2726.0,2200.0,315.0,472.0,532.0,749.0,540.0,32.0,2024,5,1,3
65,245527,112,245528,42,3.0,5,1,2126.0,3121.0,2726.0,2200.0,315.0,472.0,532.0,749.0,540.0,32.0,2024,5,1,3
65,245527,112,245528,42,3.0,8,0,2126.0,3121.0,2726.0,2200.0,315.0,472.0,532.0,749.0,540.0,32.0,2024,5,1,3
65,245525,6,245526,189,3.0,5,1,4393.0,2846.0,3760.0,5345.0,4530.0,78.0,564.0,983.0,439.0,35.0,2024,5,1,3
65,245525,6,245526,189,3.0,2,1,4393.0,2846.0,3760.0,5345.0,4530.0,78.0,564.0,983.0,439.0,35.0,2024,5,1,3
65,245525,6,245526,189,3.0,1,0,4393.0,2846.0,3760.0,5345.0,4530.0,78.0,564.0,983.0,439.0,35.0,2024,5,1,3
65,245523,167,245524,124,3.0,2,1,150.0,41.0,982.0,1661.0,12.0,3168.0,1420.0,3202.0,58.0,413.0,2024,5,1,1
65,245523,167,245524,124,3.0,5,1,150.0,41.0,982.0,1661.0,12.0,3168.0,1420.0,3202.0,58.0,413.0,2024,5,1,1
65,245521,71,245522,199,3.0,1,0,26.0,2041.0,416.0,273.0,141.0,19.0,550.0,3060.0,1549.0,1443.0,2024,5,1,0
65,245521,71,245522,199,3.0,2,0,26.0,2041.0,416.0,273.0,141.0,19.0,550.0,3060.0,1549.0,1443.0,2024,5,1,0
65,244891,187,244892,89,1.0,0,1,572.0,493.0,266.0,2785.0,163.0,945.0,709.0,1548.0,2611.0,2152.0,2024,5,1,0
65,244893,175,244894,67,1.0,0,1,1003.0,295.0,3397.0,4710.0,965.0,272.0,262.0,260.0,1050.0,209.0,2024,5,0,23
65,244889,63,244890,115,1.0,0,1,27.0,692.0,28.0,146.0,704.0,845.0,1817.0,881.0,1687.0,2810.0,2024,5,0,23
65,244895,122,244896,27,1.0,0,1,1401.0,169.0,2179.0,1834.0,2934.0,1958.0,164.0,1824.0,1685.0,465.0,2024,5,0,22
65,244881,112,244882,8,1.0,5,0,2126.0,3121.0,2726.0,2200.0,315.0,4393.0,2846.0,3760.0,5345.0,4530.0,2024,5,0,21
65,244883,43,244884,189,1.0,2,0,472.0,532.0,749.0,540.0,32.0,78.0,564.0,983.0,439.0,35.0,2024,5,0,21
65,244887,177,244888,124,1.0,5,1,19.0,550.0,3060.0,1549.0,1443.0,3168.0,1420.0,3202.0,58.0,413.0,2024,5,0,20
65,244885,71,244886,188,1.0,1,1,26.0,2041.0,416.0,273.0,141.0,150.0,41.0,982.0,1661.0,12.0,2024,5,0,20
81,245071,32,245072,20,3.0,4,0,314.0,483.0,2638.0,135.0,570.0,1008.0,1892.0,2070.0,3059.0,4543.0,2024,6,6,7
81,245071,32,245072,20,3.0,1,1,314.0,483.0,2638.0,135.0,570.0,1008.0,1892.0,2070.0,3059.0,4543.0,2024,6,6,7
81,245071,32,245072,20,3.0,0,1,314.0,483.0,2638.0,135.0,570.0,1008.0,1892.0,2070.0,3059.0,4543.0,2024,6,6,7
81,245063,108,245064,20,3.0,1,0,1271.0,1270.0,2159.0,7709.0,1113.0,1008.0,1892.0,2070.0,3059.0,4543.0,2024,6,5,15
81,245061,17,245062,39,3.0,5,0,1008.0,1892.0,2070.0,3059.0,4543.0,256.0,1322.0,5140.0,3413.0,4134.0,2024,6,5,8
81,245061,17,245062,39,3.0,4,1,1008.0,1892.0,2070.0,3059.0,4543.0,256.0,1322.0,5140.0,3413.0,4134.0,2024,6,5,8
81,245057,41,245058,142,3.0,1,1,256.0,1322.0,5140.0,3413.0,4134.0,994.0,507.0,4029.0,3459.0,4825.0,2024,5,3,14
81,245057,41,245058,142,3.0,0,1,256.0,1322.0,5140.0,3413.0,4134.0,994.0,507.0,4029.0,3459.0,4825.0,2024,5,3,14
81,245057,41,245058,142,3.0,2,0,256.0,1322.0,5140.0,3413.0,4134.0,994.0,507.0,4029.0,3459.0,4825.0,2024,5,3,14
81,245055,108,245056,77,3.0,5,0,1271.0,1270.0,2159.0,7709.0,1113.0,3241.0,1676.0,5128.0,708.0,3457.0,2024,5,3,10
81,245055,108,245056,77,3.0,3,1,1271.0,1270.0,2159.0,7709.0,1113.0,3241.0,1676.0,5128.0,708.0,3457.0,2024,5,3,10
81,245055,108,245056,77,3.0,2,1,1271.0,1270.0,2159.0,7709.0,1113.0,3241.0,1676.0,5128.0,708.0,3457.0,2024,5,3,10
81,245053,17,245054,203,3.0,5,0,1008.0,1892.0,2070.0,3059.0,4543.0,3020.0,3192.0,4765.0,3526.0,5827.0,2024,5,2,13
81,245053,17,245054,203,3.0,3,0,1008.0,1892.0,2070.0,3059.0,4543.0,3020.0,3192.0,4765.0,3526.0,5827.0,2024,5,2,13
81,245047,181,245048,77,3.0,0,1,3020.0,3192.0,4765.0,3526.0,5827.0,3241.0,1676.0,5128.0,708.0,3457.0,2024,5,1,13
81,245047,181,245048,77,3.0,2,1,3020.0,3192.0,4765.0,3526.0,5827.0,3241.0,1676.0,5128.0,708.0,3457.0,2024,5,1,13
81,245045,17,245046,114,1.0,5,1,1008.0,1892.0,2070.0,3059.0,4543.0,1271.0,1270.0,2159.0,7709.0,1113.0,2024,5,1,10
81,245045,17,245046,114,1.0,0,1,1008.0,1892.0,2070.0,3059.0,4543.0,1271.0,1270.0,2159.0,7709.0,1113.0,2024,5,1,10
114,245221,109,245222,138,3.0,4,0,845.0,1817.0,881.0,1687.0,2810.0,1696.0,1987.0,3274.0,1166.0,83.0,2024,5,5,4
114,245221,109,245222,138,3.0,0,1,845.0,1817.0,881.0,1687.0,2810.0,1696.0,1987.0,3274.0,1166.0,83.0,2024,5,5,4
114,245221,109,245222,138,3.0,3,1,845.0,1817.0,881.0,1687.0,2810.0,1696.0,1987.0,3274.0,1166.0,83.0,2024,5,5,4
114,245219,121,245220,138,3.0,3,1,746.0,192.0,1802.0,1799.0,140.0,1696.0,1987.0,3274.0,1166.0,83.0,2024,5,4,4
114,245219,121,245220,138,3.0,4,0,746.0,192.0,1802.0,1799.0,140.0,1696.0,1987.0,3274.0,1166.0,83.0,2024,5,4,4
114,245219,121,245220,138,3.0,5,0,746.0,192.0,1802.0,1799.0,140.0,1696.0,1987.0,3274.0,1166.0,83.0,2024,5,4,4
34,245027,168,245028,57,5.0,1,0,78.0,564.0,983.0,439.0,35.0,158.0,4903.0,156.0,157.0,197.0,2024,5,3,16
34,245027,168,245028,57,5.0,5,0,78.0,564.0,983.0,439.0,35.0,158.0,4903.0,156.0,157.0,197.0,2024,5,3,16
34,245027,168,245028,57,5.0,2,1,78.0,564.0,983.0,439.0,35.0,158.0,4903.0,156.0,157.0,197.0,2024,5,3,16
34,245027,168,245028,57,5.0,3,0,78.0,564.0,983.0,439.0,35.0,158.0,4903.0,156.0,157.0,197.0,2024,5,3,16
34,245025,57,245026,79,3.0,1,1,158.0,4903.0,156.0,157.0,197.0,2805.0,6.0,4421.0,5300.0,4065.0,2024,5,2,17
34,245025,57,245026,79,3.0,4,1,158.0,4903.0,156.0,157.0,197.0,2805.0,6.0,4421.0,5300.0,4065.0,2024,5,2,17
34,245023,168,245024,19,3.0,3,1,78.0,564.0,983.0,439.0,35.0,11.0,3248.0,1757.0,484.0,3032.0,2024,5,2,13
34,245023,168,245024,19,3.0,2,1,78.0,564.0,983.0,439.0,35.0,11.0,3248.0,1757.0,484.0,3032.0,2024,5,2,13
34,245023,168,245024,19,3.0,5,0,78.0,564.0,983.0,439.0,35.0,11.0,3248.0,1757.0,484.0,3032.0,2024,5,2,13
34,245021,75,245022,10,3.0,0,1,2805.0,6.0,4421.0,5300.0,4065.0,5310.0,3464.0,1436.0,5156.0,961.0,2024,5,1,21
34,245021,75,245022,10,3.0,8,0,2805.0,6.0,4421.0,5300.0,4065.0,5310.0,3464.0,1436.0,5156.0,961.0,2024,5,1,21
34,245021,75,245022,10,3.0,5,1,2805.0,6.0,4421.0,5300.0,4065.0,5310.0,3464.0,1436.0,5156.0,961.0,2024,5,1,21
34,245017,17,245018,19,3.0,4,1,1008.0,1892.0,2070.0,3059.0,4543.0,11.0,3248.0,1757.0,484.0,3032.0,2024,5,1,15
34,245017,17,245018,19,3.0,5,0,1008.0,1892.0,2070.0,3059.0,4543.0,11.0,3248.0,1757.0,484.0,3032.0,2024,5,1,15
34,245017,17,245018,19,3.0,0,0,1008.0,1892.0,2070.0,3059.0,4543.0,11.0,3248.0,1757.0,484.0,3032.0,2024,5,1,15
34,245015,168,245016,50,3.0,5,1,78.0,564.0,983.0,439.0,35.0,696.0,15.0,948.0,1627.0,789.0,2024,5,1,13
34,245015,168,245016,50,3.0,0,1,78.0,564.0,983.0,439.0,35.0,696.0,15.0,948.0,1627.0,789.0,2024,5,1,13
34,244637,23,244638,116,3.0,1,0,1958.0,164.0,1824.0,1685.0,465.0,216.0,4498.0,4574.0,1507.0,2707.0,2024,5,0,15
34,244637,23,244638,116,3.0,8,0,1958.0,164.0,1824.0,1685.0,465.0,216.0,4498.0,4574.0,1507.0,2707.0,2024,5,0,15
34,244637,23,244638,116,3.0,0,1,1958.0,164.0,1824.0,1685.0,465.0,216.0,4498.0,4574.0,1507.0,2707.0,2024,5,0,15
34,244633,16,244634,27,3.0,5,1,11.0,3248.0,1757.0,484.0,3032.0,1958.0,164.0,1824.0,1685.0,465.0,2024,5,6,21
34,244633,16,244634,27,3.0,2,1,11.0,3248.0,1757.0,484.0,3032.0,1958.0,164.0,1824.0,1685.0,465.0,2024,5,6,21
34,244631,200,244632,10,3.0,5,0,690.0,3746.0,2710.0,1871.0,5620.0,5310.0,3464.0,1436.0,5156.0,961.0,2024,5,6,18
34,244631,200,244632,10,3.0,3,0,690.0,3746.0,2710.0,1871.0,5620.0,5310.0,3464.0,1436.0,5156.0,961.0,2024,5,6,18
34,244629,8,244630,189,3.0,3,0,5310.0,3464.0,1436.0,5156.0,961.0,78.0,564.0,983.0,439.0,35.0,2024,5,6,15
34,244627,200,244628,142,3.0,4,1,690.0,3746.0,2710.0,1871.0,5620.0,994.0,507.0,4029.0,3459.0,4825.0,2024,5,6,12
34,244627,200,244628,142,3.0,8,0,690.0,3746.0,2710.0,1871.0,5620.0,994.0,507.0,4029.0,3459.0,4825.0,2024,5,6,12
34,244627,200,244628,142,3.0,2,1,690.0,3746.0,2710.0,1871.0,5620.0,994.0,507.0,4029.0,3459.0,4825.0,2024,5,6,12
34,244625,168,244626,142,3.0,0,0,78.0,564.0,983.0,439.0,35.0,994.0,507.0,4029.0,3459.0,4825.0,2024,5,5,23
34,244625,168,244626,142,3.0,3,1,78.0,564.0,983.0,439.0,35.0,994.0,507.0,4029.0,3459.0,4825.0,2024,5,5,23
34,244625,168,244626,142,3.0,1,1,78.0,564.0,983.0,439.0,35.0,994.0,507.0,4029.0,3459.0,4825.0,2024,5,5,23
34,244623,200,244624,10,3.0,5,0,690.0,3746.0,2710.0,1871.0,5620.0,5310.0,3464.0,1436.0,5156.0,961.0,2024,5,5,20
34,244623,200,244624,10,3.0,3,0,690.0,3746.0,2710.0,1871.0,5620.0,5310.0,3464.0,1436.0,5156.0,961.0,2024,5,5,20
34,244617,50,244618,77,3.0,2,1,696.0,15.0,948.0,1627.0,789.0,3241.0,1676.0,5128.0,708.0,3457.0,2024,5,4,23
34,244617,50,244618,77,3.0,8,1,696.0,15.0,948.0,1627.0,789.0,3241.0,1676.0,5128.0,708.0,3457.0,2024,5,4,23
34,244615,74,244616,79,3.0,5,0,3241.0,1676.0,5128.0,708.0,3457.0,2805.0,6.0,4421.0,5300.0,4065.0,2024,5,4,19
34,244615,74,244616,79,3.0,2,1,3241.0,1676.0,5128.0,708.0,3457.0,2805.0,6.0,4421.0,5300.0,4065.0,2024,5,4,19
34,244611,153,244612,20,3.0,5,0,928.0,927.0,3110.0,3517.0,3112.0,1008.0,1892.0,2070.0,3059.0,4543.0,2024,5,4,12
34,244611,153,244612,20,3.0,0,0,928.0,927.0,3110.0,3517.0,3112.0,1008.0,1892.0,2070.0,3059.0,4543.0,2024,5,4,12
34,244611,153,244612,20,3.0,2,1,928.0,927.0,3110.0,3517.0,3112.0,1008.0,1892.0,2070.0,3059.0,4543.0,2024,5,4,12
34,244607,17,244608,145,3.0,5,1,1008.0,1892.0,2070.0,3059.0,4543.0,579.0,1954.0,264.0,5057.0,2988.0,2024,5,3,23
34,244609,153,244610,57,3.0,1,0,928.0,927.0,3110.0,3517.0,3112.0,158.0,4903.0,156.0,157.0,197.0,2024,5,3,20
34,244609,153,244610,57,3.0,5,0,928.0,927.0,3110.0,3517.0,3112.0,158.0,4903.0,156.0,157.0,197.0,2024,5,3,20
34,244605,57,244606,145,3.0,4,1,158.0,4903.0,156.0,157.0,197.0,579.0,1954.0,264.0,5057.0,2988.0,2024,5,3,15
34,244603,153,244604,20,3.0,2,0,928.0,927.0,3110.0,3517.0,3112.0,1008.0,1892.0,2070.0,3059.0,4543.0,2024,5,3,12
34,244603,153,244604,20,3.0,5,1,928.0,927.0,3110.0,3517.0,3112.0,1008.0,1892.0,2070.0,3059.0,4543.0,2024,5,3,12
34,244603,153,244604,20,3.0,0,1,928.0,927.0,3110.0,3517.0,3112.0,1008.0,1892.0,2070.0,3059.0,4543.0,2024,5,3,12
30,244879,112,244880,196,5.0,0,1,2126.0,3121.0,2726.0,2200.0,315.0,1003.0,295.0,3397.0,4710.0,965.0,2024,5,6,16
30,244879,112,244880,196,5.0,4,1,2126.0,3121.0,2726.0,2200.0,315.0,1003.0,295.0,3397.0,4710.0,965.0,2024,5,6,16
30,244879,112,244880,196,5.0,8,1,2126.0,3121.0,2726.0,2200.0,315.0,1003.0,295.0,3397.0,4710.0,965.0,2024,5,6,16
30,244875,112,244876,89,3.0,2,1,2126.0,3121.0,2726.0,2200.0,315.0,945.0,709.0,1548.0,1002.0,2611.0,2024,5,5,18
30,244877,175,244878,188,3.0,8,1,1003.0,295.0,3397.0,4710.0,965.0,150.0,41.0,982.0,1661.0,12.0,2024,5,5,15
30,244877,175,244878,188,3.0,9,0,1003.0,295.0,3397.0,4710.0,965.0,150.0,41.0,982.0,1661.0,12.0,2024,5,5,15
30,244379,85,244380,116,3.0,2,1,945.0,709.0,1548.0,1002.0,2611.0,216.0,4498.0,4574.0,1507.0,2707.0,2024,5,4,18
30,244379,85,244380,116,3.0,0,1,945.0,709.0,1548.0,1002.0,2611.0,216.0,4498.0,4574.0,1507.0,2707.0,2024,5,4,18
30,244379,85,244380,116,3.0,8,0,945.0,709.0,1548.0,1002.0,2611.0,216.0,4498.0,4574.0,1507.0,2707.0,2024,5,4,18
30,244373,167,244374,214,3.0,8,1,150.0,41.0,982.0,1661.0,12.0,572.0,493.0,266.0,2785.0,163.0,2024,5,4,15
30,244373,167,244374,214,3.0,0,1,150.0,41.0,982.0,1661.0,12.0,572.0,493.0,266.0,2785.0,163.0,2024,5,4,15
30,244373,167,244374,214,3.0,4,0,150.0,41.0,982.0,1661.0,12.0,572.0,493.0,266.0,2785.0,163.0,2024,5,4,15
30,244377,17,244378,116,3.0,1,0,1008.0,1892.0,2070.0,3059.0,4543.0,216.0,4498.0,4574.0,1507.0,2707.0,2024,5,3,20
30,244377,17,244378,116,3.0,5,0,1008.0,1892.0,2070.0,3059.0,4543.0,216.0,4498.0,4574.0,1507.0,2707.0,2024,5,3,20
30,244375,175,244376,89,3.0,5,1,1003.0,295.0,3397.0,4710.0,965.0,945.0,709.0,1548.0,1002.0,2611.0,2024,5,3,17
30,244375,175,244376,89,3.0,4,1,1003.0,295.0,3397.0,4710.0,965.0,945.0,709.0,1548.0,1002.0,2611.0,2024,5,3,17
30,244369,112,244370,214,3.0,9,1,2126.0,3121.0,2726.0,2200.0,315.0,572.0,493.0,266.0,2785.0,163.0,2024,5,3,13
30,244369,112,244370,214,3.0,9,0,2126.0,3121.0,2726.0,2200.0,315.0,572.0,493.0,266.0,2785.0,163.0,2024,5,3,13
30,244369,112,244370,214,3.0,9,1,2126.0,3121.0,2726.0,2200.0,315.0,572.0,493.0,266.0,2785.0,163.0,2024,5,3,13
30,244371,30,244372,188,3.0,8,0,966.0,2163.0,2936.0,1092.0,5420.0,150.0,41.0,982.0,1661.0,12.0,2024,5,2,19
30,244371,30,244372,188,3.0,9,0,966.0,2163.0,2936.0,1092.0,5420.0,150.0,41.0,982.0,1661.0,12.0,2024,5,2,19
30,244371,30,244372,188,3.0,5,0,966.0,2163.0,2936.0,1092.0,5420.0,150.0,41.0,982.0,1661.0,12.0,2024,5,2,19
30,244367,85,244368,116,3.0,0,1,945.0,709.0,1548.0,1002.0,2611.0,216.0,4498.0,4574.0,1507.0,2707.0,2024,5,2,16
30,244367,85,244368,116,3.0,2,0,945.0,709.0,1548.0,1002.0,2611.0,216.0,4498.0,4574.0,1507.0,2707.0,2024,5,2,16
30,244367,85,244368,116,3.0,1,1,945.0,709.0,1548.0,1002.0,2611.0,216.0,4498.0,4574.0,1507.0,2707.0,2024,5,2,16
30,244365,175,244366,20,3.0,2,1,1003.0,295.0,3397.0,4710.0,965.0,1008.0,1892.0,2070.0,3059.0,4543.0,2024,5,2,13
30,244365,175,244366,20,3.0,0,1,1003.0,295.0,3397.0,4710.0,965.0,1008.0,1892.0,2070.0,3059.0,4543.0,2024,5,2,13
30,244363,187,244364,188,3.0,8,1,572.0,493.0,266.0,2785.0,163.0,150.0,41.0,982.0,1661.0,12.0,2024,5,1,19
30,244363,187,244364,188,3.0,4,1,572.0,493.0,266.0,2785.0,163.0,150.0,41.0,982.0,1661.0,12.0,2024,5,1,19
42,244437,112,244438,199,5.0,3,1,3121.0,2126.0,2726.0,2200.0,315.0,19.0,550.0,3060.0,1549.0,1443.0,2024,5,6,18
42,244437,112,244438,199,5.0,4,1,3121.0,2126.0,2726.0,2200.0,315.0,19.0,550.0,3060.0,1549.0,1443.0,2024,5,6,18
42,244437,112,244438,199,5.0,5,1,3121.0,2126.0,2726.0,2200.0,315.0,19.0,550.0,3060.0,1549.0,1443.0,2024,5,6,18
42,244433,112,244434,42,3.0,8,0,3121.0,2126.0,2726.0,2200.0,315.0,472.0,532.0,749.0,540.0,32.0,2024,5,5,21
42,244433,112,244434,42,3.0,5,1,3121.0,2126.0,2726.0,2200.0,315.0,472.0,532.0,749.0,540.0,32.0,2024,5,5,21
42,244433,112,244434,42,3.0,0,1,3121.0,2126.0,2726.0,2200.0,315.0,472.0,532.0,749.0,540.0,32.0,2024,5,5,21
42,244435,16,244436,199,3.0,8,0,11.0,3248.0,484.0,1757.0,3032.0,19.0,550.0,3060.0,1549.0,1443.0,2024,5,5,17
42,244435,16,244436,199,3.0,3,0,11.0,3248.0,484.0,1757.0,3032.0,19.0,550.0,3060.0,1549.0,1443.0,2024,5,5,17
42,244435,16,244436,199,3.0,4,1,11.0,3248.0,484.0,1757.0,3032.0,19.0,550.0,3060.0,1549.0,1443.0,2024,5,5,17
42,244415,177,244416,63,3.0,5,1,19.0,550.0,3060.0,1549.0,1443.0,27.0,692.0,28.0,704.0,146.0,2024,5,4,20
42,244413,16,244414,189,3.0,3,1,11.0,3248.0,484.0,1757.0,3032.0,78.0,564.0,439.0,35.0,983.0,2024,5,4,17
42,244413,16,244414,189,3.0,6,1,11.0,3248.0,484.0,1757.0,3032.0,78.0,564.0,439.0,35.0,983.0,2024,5,4,17
42,244409,112,244410,73,3.0,8,1,3121.0,2126.0,2726.0,2200.0,315.0,26.0,2041.0,273.0,416.0,736.0,2024,5,3,20
42,244409,112,244410,73,3.0,5,1,3121.0,2126.0,2726.0,2200.0,315.0,26.0,2041.0,273.0,416.0,736.0,2024,5,3,20
42,244409,112,244410,73,3.0,3,0,3121.0,2126.0,2726.0,2200.0,315.0,26.0,2041.0,273.0,416.0,736.0,2024,5,3,20
42,244411,43,244412,214,3.0,8,1,472.0,532.0,749.0,540.0,32.0,572.0,493.0,266.0,2785.0,163.0,2024,5,3,17
42,244411,43,244412,214,3.0,0,1,472.0,532.0,749.0,540.0,32.0,572.0,493.0,266.0,2785.0,163.0,2024,5,3,17
42,244423,122,244424,63,3.0,4,0,2934.0,1401.0,169.0,2179.0,1834.0,27.0,692.0,28.0,704.0,146.0,2024,5,2,21
42,244423,122,244424,63,3.0,5,0,2934.0,1401.0,169.0,2179.0,1834.0,27.0,692.0,28.0,704.0,146.0,2024,5,2,21
42,244419,181,244420,214,3.0,6,1,3020.0,3192.0,5827.0,4765.0,3526.0,572.0,493.0,266.0,2785.0,163.0,2024,5,2,21
42,244419,181,244420,214,3.0,4,0,3020.0,3192.0,5827.0,4765.0,3526.0,572.0,493.0,266.0,2785.0,163.0,2024,5,2,21
42,244419,181,244420,214,3.0,0,0,3020.0,3192.0,5827.0,4765.0,3526.0,572.0,493.0,266.0,2785.0,163.0,2024,5,2,21
42,244421,168,244422,67,3.0,1,0,78.0,564.0,439.0,35.0,983.0,272.0,262.0,260.0,1050.0,209.0,2024,5,2,17
42,244421,168,244422,67,3.0,0,1,78.0,564.0,439.0,35.0,983.0,272.0,262.0,260.0,1050.0,209.0,2024,5,2,17
42,244421,168,244422,67,3.0,4,1,78.0,564.0,439.0,35.0,983.0,272.0,262.0,260.0,1050.0,209.0,2024,5,2,17
42,244417,166,244418,73,3.0,3,0,656.0,2894.0,3072.0,499.0,4011.0,26.0,2041.0,273.0,416.0,736.0,2024,5,2,17
42,244417,166,244418,73,3.0,5,0,656.0,2894.0,3072.0,499.0,4011.0,26.0,2041.0,273.0,416.0,736.0,2024,5,2,17
42,244417,166,244418,73,3.0,1,1,656.0,2894.0,3072.0,499.0,4011.0,26.0,2041.0,273.0,416.0,736.0,2024,5,2,17
42,244427,75,244428,214,3.0,1,0,1203.0,2805.0,6.0,4421.0,5300.0,572.0,493.0,266.0,2785.0,163.0,2024,5,1,21
42,244427,75,244428,214,3.0,4,0,1203.0,2805.0,6.0,4421.0,5300.0,572.0,493.0,266.0,2785.0,163.0,2024,5,1,21
42,244431,63,244432,124,3.0,8,1,27.0,692.0,28.0,704.0,146.0,3202.0,1420.0,3168.0,3533.0,3596.0,2024,5,1,20
42,244431,63,244432,124,3.0,4,1,27.0,692.0,28.0,704.0,146.0,3202.0,1420.0,3168.0,3533.0,3596.0,2024,5,1,20
42,244431,63,244432,124,3.0,5,0,27.0,692.0,28.0,704.0,146.0,3202.0,1420.0,3168.0,3533.0,3596.0,2024,5,1,20
42,244429,30,244430,67,3.0,4,0,966.0,2163.0,2936.0,1092.0,5420.0,272.0,262.0,260.0,1050.0,209.0,2024,5,1,17
42,244429,30,244430,67,3.0,8,1,966.0,2163.0,2936.0,1092.0,5420.0,272.0,262.0,260.0,1050.0,209.0,2024,5,1,17
42,244429,30,244430,67,3.0,1,0,966.0,2163.0,2936.0,1092.0,5420.0,272.0,262.0,260.0,1050.0,209.0,2024,5,1,17
42,244425,23,244426,73,3.0,3,0,1958.0,164.0,1824.0,465.0,1685.0,26.0,2041.0,273.0,416.0,736.0,2024,5,1,17
42,244425,23,244426,73,3.0,0,0,1958.0,164.0,1824.0,465.0,1685.0,26.0,2041.0,273.0,416.0,736.0,2024,5,1,17
42,243715,122,243716,42,3.0,0,1,2934.0,1401.0,169.0,2179.0,1834.0,472.0,532.0,749.0,540.0,32.0,2024,5,6,21
42,243715,122,243716,42,3.0,5,0,2934.0,1401.0,169.0,2179.0,1834.0,472.0,532.0,749.0,540.0,32.0,2024,5,6,21
42,243715,122,243716,42,3.0,1,0,2934.0,1401.0,169.0,2179.0,1834.0,472.0,532.0,749.0,540.0,32.0,2024,5,6,21
42,243707,117,243708,61,3.0,8,1,3202.0,1420.0,3168.0,3533.0,3596.0,3445.0,625.0,628.0,1.0,204.0,2024,5,6,17
42,243707,117,243708,61,3.0,4,0,3202.0,1420.0,3168.0,3533.0,3596.0,3445.0,625.0,628.0,1.0,204.0,2024,5,6,17
42,243707,117,243708,61,3.0,5,1,3202.0,1420.0,3168.0,3533.0,3596.0,3445.0,625.0,628.0,1.0,204.0,2024,5,6,17
42,243731,67,243732,135,3.0,0,1,272.0,262.0,260.0,1050.0,209.0,773.0,4080.0,8252.0,3396.0,5114.0,2024,5,6,14
42,243731,67,243732,135,3.0,8,1,272.0,262.0,260.0,1050.0,209.0,773.0,4080.0,8252.0,3396.0,5114.0,2024,5,6,14
42,243691,112,243692,189,3.0,5,1,3121.0,2126.0,2726.0,2200.0,315.0,78.0,564.0,439.0,35.0,983.0,2024,5,5,20
42,243691,112,243692,189,3.0,4,1,3121.0,2126.0,2726.0,2200.0,315.0,78.0,564.0,439.0,35.0,983.0,2024,5,5,20
42,243729,127,243730,89,3.0,8,0,773.0,4080.0,8252.0,3396.0,5114.0,945.0,709.0,1548.0,2152.0,2611.0,2024,5,5,18
42,243729,127,243730,89,3.0,5,1,773.0,4080.0,8252.0,3396.0,5114.0,945.0,709.0,1548.0,2152.0,2611.0,2024,5,5,18
42,243729,127,243730,89,3.0,1,1,773.0,4080.0,8252.0,3396.0,5114.0,945.0,709.0,1548.0,2152.0,2611.0,2024,5,5,18
42,243705,61,243706,50,3.0,4,1,3445.0,625.0,628.0,1.0,204.0,696.0,15.0,789.0,1627.0,948.0,2024,5,5,17
42,243705,61,243706,50,3.0,5,1,3445.0,625.0,628.0,1.0,204.0,696.0,15.0,789.0,1627.0,948.0,2024,5,5,17
42,243703,117,243704,60,3.0,0,1,3202.0,1420.0,3168.0,3533.0,3596.0,3395.0,1962.0,1867.0,932.0,166.0,2024,5,5,14
42,243703,117,243704,60,3.0,4,0,3202.0,1420.0,3168.0,3533.0,3596.0,3395.0,1962.0,1867.0,932.0,166.0,2024,5,5,14
42,243703,117,243704,60,3.0,5,1,3202.0,1420.0,3168.0,3533.0,3596.0,3395.0,1962.0,1867.0,932.0,166.0,2024,5,5,14
42,243727,141,243728,67,3.0,0,0,2244.0,1010.0,3228.0,1473.0,5007.0,272.0,262.0,260.0,1050.0,209.0,2024,5,5,14
42,243727,141,243728,67,3.0,4,1,2244.0,1010.0,3228.0,1473.0,5007.0,272.0,262.0,260.0,1050.0,209.0,2024,5,5,14
42,243727,141,243728,67,3.0,1,0,2244.0,1010.0,3228.0,1473.0,5007.0,272.0,262.0,260.0,1050.0,209.0,2024,5,5,14
42,243725,23,243726,89,3.0,5,0,1958.0,164.0,1824.0,465.0,1685.0,945.0,709.0,1548.0,2152.0,2611.0,2024,5,4,20
42,243725,23,243726,89,3.0,8,1,1958.0,164.0,1824.0,465.0,1685.0,945.0,709.0,1548.0,2152.0,2611.0,2024,5,4,20
42,243725,23,243726,89,3.0,0,1,1958.0,164.0,1824.0,465.0,1685.0,945.0,709.0,1548.0,2152.0,2611.0,2024,5,4,20
42,243733,27,243734,135,3.0,3,0,3836.0,1886.0,4567.0,805.0,1017.0,773.0,4080.0,8252.0,3396.0,5114.0,2024,5,4,20
42,243733,27,243734,135,3.0,8,1,3836.0,1886.0,4567.0,805.0,1017.0,773.0,4080.0,8252.0,3396.0,5114.0,2024,5,4,20
42,243733,27,243734,135,3.0,0,0,3836.0,1886.0,4567.0,805.0,1017.0,773.0,4080.0,8252.0,3396.0,5114.0,2024,5,4,20
42,243701,28,243702,61,3.0,4,0,1949.0,1053.0,2736.0,897.0,1977.0,3445.0,625.0,628.0,1.0,204.0,2024,5,4,17
42,243701,28,243702,61,3.0,3,0,1949.0,1053.0,2736.0,897.0,1977.0,3445.0,625.0,628.0,1.0,204.0,2024,5,4,17
42,243709,50,243710,79,3.0,6,0,696.0,15.0,789.0,1627.0,948.0,1203.0,2805.0,6.0,4421.0,5300.0,2024,5,4,17
42,243709,50,243710,79,3.0,5,0,696.0,15.0,789.0,1627.0,948.0,1203.0,2805.0,6.0,4421.0,5300.0,2024,5,4,17
42,243723,67,243724,89,3.0,0,0,272.0,262.0,260.0,1050.0,209.0,945.0,709.0,1548.0,2152.0,2611.0,2024,5,4,14
42,243723,67,243724,89,3.0,5,0,272.0,262.0,260.0,1050.0,209.0,945.0,709.0,1548.0,2152.0,2611.0,2024,5,4,14
42,243721,23,243722,150,3.0,8,1,1958.0,164.0,1824.0,465.0,1685.0,2244.0,1010.0,3228.0,1473.0,5007.0,2024,5,4,14
42,243721,23,243722,150,3.0,1,0,1958.0,164.0,1824.0,465.0,1685.0,2244.0,1010.0,3228.0,1473.0,5007.0,2024,5,4,14
42,243721,23,243722,150,3.0,0,1,1958.0,164.0,1824.0,465.0,1685.0,2244.0,1010.0,3228.0,1473.0,5007.0,2024,5,4,14
42,243697,75,243698,60,3.0,4,1,1203.0,2805.0,6.0,4421.0,5300.0,3395.0,1962.0,1867.0,932.0,166.0,2024,5,3,21
42,243697,75,243698,60,3.0,0,0,1203.0,2805.0,6.0,4421.0,5300.0,3395.0,1962.0,1867.0,932.0,166.0,2024,5,3,21
42,243697,75,243698,60,3.0,5,1,1203.0,2805.0,6.0,4421.0,5300.0,3395.0,1962.0,1867.0,932.0,166.0,2024,5,3,21
42,243699,50,243700,124,3.0,8,1,696.0,15.0,789.0,1627.0,948.0,3202.0,1420.0,3168.0,3533.0,3596.0,2024,5,3,20
42,243699,50,243700,124,3.0,5,1,696.0,15.0,789.0,1627.0,948.0,3202.0,1420.0,3168.0,3533.0,3596.0,2024,5,3,20
42,243719,43,243720,89,3.0,5,0,472.0,532.0,749.0,540.0,32.0,945.0,709.0,1548.0,2152.0,2611.0,2024,5,3,17
42,243719,43,243720,89,3.0,1,1,472.0,532.0,749.0,540.0,32.0,945.0,709.0,1548.0,2152.0,2611.0,2024,5,3,17
42,243719,43,243720,89,3.0,8,1,472.0,532.0,749.0,540.0,32.0,945.0,709.0,1548.0,2152.0,2611.0,2024,5,3,17
42,243717,141,243718,135,3.0,1,1,2244.0,1010.0,3228.0,1473.0,5007.0,773.0,4080.0,8252.0,3396.0,5114.0,2024,5,3,17
42,243717,141,243718,135,3.0,0,1,2244.0,1010.0,3228.0,1473.0,5007.0,773.0,4080.0,8252.0,3396.0,5114.0,2024,5,3,17
42,243717,141,243718,135,3.0,8,0,2244.0,1010.0,3228.0,1473.0,5007.0,773.0,4080.0,8252.0,3396.0,5114.0,2024,5,3,17
42,243713,23,243714,128,3.0,0,0,1958.0,164.0,1824.0,465.0,1685.0,2934.0,1401.0,169.0,2179.0,1834.0,2024,5,3,14
42,243713,23,243714,128,3.0,5,0,1958.0,164.0,1824.0,465.0,1685.0,2934.0,1401.0,169.0,2179.0,1834.0,2024,5,3,14
42,243713,23,243714,128,3.0,1,1,1958.0,164.0,1824.0,465.0,1685.0,2934.0,1401.0,169.0,2179.0,1834.0,2024,5,3,14
42,243711,27,243712,67,3.0,0,0,3836.0,1886.0,4567.0,805.0,1017.0,272.0,262.0,260.0,1050.0,209.0,2024,5,3,14
42,243711,27,243712,67,3.0,3,0,3836.0,1886.0,4567.0,805.0,1017.0,272.0,262.0,260.0,1050.0,209.0,2024,5,3,14
42,243689,117,243690,189,3.0,4,0,3202.0,1420.0,3168.0,3533.0,3596.0,78.0,564.0,439.0,35.0,983.0,2024,5,2,20
42,243689,117,243690,189,3.0,0,0,3202.0,1420.0,3168.0,3533.0,3596.0,78.0,564.0,439.0,35.0,983.0,2024,5,2,20
42,243695,59,243696,61,3.0,6,1,3395.0,1962.0,1867.0,932.0,166.0,3445.0,625.0,628.0,1.0,204.0,2024,5,2,20
42,243695,59,243696,61,3.0,5,1,3395.0,1962.0,1867.0,932.0,166.0,3445.0,625.0,628.0,1.0,204.0,2024,5,2,20
42,243693,28,243694,50,3.0,1,0,1949.0,1053.0,2736.0,897.0,1977.0,696.0,15.0,789.0,1627.0,948.0,2024,5,2,17
42,243693,28,243694,50,3.0,5,1,1949.0,1053.0,2736.0,897.0,1977.0,696.0,15.0,789.0,1627.0,948.0,2024,5,2,17
42,243693,28,243694,50,3.0,8,0,1949.0,1053.0,2736.0,897.0,1977.0,696.0,15.0,789.0,1627.0,948.0,2024,5,2,17
42,243687,112,243688,79,3.0,5,1,3121.0,2126.0,2726.0,2200.0,315.0,1203.0,2805.0,6.0,4421.0,5300.0,2024,5,2,17
42,243687,112,243688,79,3.0,4,1,3121.0,2126.0,2726.0,2200.0,315.0,1203.0,2805.0,6.0,4421.0,5300.0,2024,5,2,17
42,243219,23,243220,30,3.0,0,1,1958.0,164.0,1824.0,465.0,1685.0,3836.0,1886.0,4567.0,805.0,1017.0,2024,5,2,14
42,243219,23,243220,30,3.0,8,1,1958.0,164.0,1824.0,465.0,1685.0,3836.0,1886.0,4567.0,805.0,1017.0,2024,5,2,14
42,243221,67,243222,128,3.0,4,0,272.0,262.0,260.0,1050.0,209.0,2934.0,1401.0,169.0,2179.0,1834.0,2024,5,2,14
42,243213,59,243214,124,3.0,5,0,3395.0,1962.0,1867.0,932.0,166.0,3202.0,1420.0,3168.0,3533.0,3596.0,2024,4,1,20
42,243213,59,243214,124,3.0,4,0,3395.0,1962.0,1867.0,932.0,166.0,3202.0,1420.0,3168.0,3533.0,3596.0,2024,4,1,20
42,243211,61,243212,189,3.0,3,1,3445.0,625.0,628.0,1.0,204.0,78.0,564.0,439.0,35.0,983.0,2024,4,1,20
42,243211,61,243212,189,3.0,5,0,3445.0,625.0,628.0,1.0,204.0,78.0,564.0,439.0,35.0,983.0,2024,4,1,20
42,243211,61,243212,189,3.0,4,0,3445.0,625.0,628.0,1.0,204.0,78.0,564.0,439.0,35.0,983.0,2024,4,1,20
42,243215,43,243216,150,3.0,1,1,472.0,532.0,749.0,540.0,32.0,2244.0,1010.0,3228.0,1473.0,5007.0,2024,4,1,17
42,243215,43,243216,150,3.0,8,1,472.0,532.0,749.0,540.0,32.0,2244.0,1010.0,3228.0,1473.0,5007.0,2024,4,1,17
42,243217,85,243218,135,3.0,5,1,945.0,709.0,1548.0,2152.0,2611.0,773.0,4080.0,8252.0,3396.0,5114.0,2024,4,1,17
42,243217,85,243218,135,3.0,8,1,945.0,709.0,1548.0,2152.0,2611.0,773.0,4080.0,8252.0,3396.0,5114.0,2024,4,1,17
42,243207,112,243208,31,3.0,8,1,3121.0,2126.0,2726.0,2200.0,315.0,1949.0,1053.0,2736.0,897.0,1977.0,2024,4,1,14
42,243207,112,243208,31,3.0,4,1,3121.0,2126.0,2726.0,2200.0,315.0,1949.0,1053.0,2736.0,897.0,1977.0,2024,4,1,14
42,243209,75,243210,50,3.0,0,1,1203.0,2805.0,6.0,4421.0,5300.0,696.0,15.0,789.0,1627.0,948.0,2024,4,1,14
42,243209,75,243210,50,3.0,6,1,1203.0,2805.0,6.0,4421.0,5300.0,696.0,15.0,789.0,1627.0,948.0,2024,4,1,14
42,243683,71,243684,115,3.0,3,1,26.0,2041.0,273.0,416.0,736.0,845.0,1817.0,881.0,2810.0,1687.0,2024,4,6,20
42,243661,187,243662,169,3.0,6,1,572.0,493.0,266.0,2785.0,163.0,928.0,3110.0,3517.0,3112.0,927.0,2024,4,6,17
42,243661,187,243662,169,3.0,8,1,572.0,493.0,266.0,2785.0,163.0,928.0,3110.0,3517.0,3112.0,927.0,2024,4,6,17
42,243667,181,243668,199,3.0,4,0,3020.0,3192.0,5827.0,4765.0,3526.0,19.0,550.0,3060.0,1549.0,1443.0,2024,4,6,14
42,243667,181,243668,199,3.0,5,0,3020.0,3192.0,5827.0,4765.0,3526.0,19.0,550.0,3060.0,1549.0,1443.0,2024,4,6,14
42,243657,153,243658,57,3.0,5,1,928.0,3110.0,3517.0,3112.0,927.0,158.0,4903.0,156.0,157.0,197.0,2024,4,5,20
42,243657,153,243658,57,3.0,8,1,928.0,3110.0,3517.0,3112.0,927.0,158.0,4903.0,156.0,157.0,197.0,2024,4,5,20
42,243643,166,243644,19,3.0,3,0,656.0,2894.0,3072.0,499.0,4011.0,11.0,3248.0,484.0,1757.0,3032.0,2024,4,5,17
42,243643,166,243644,19,3.0,0,0,656.0,2894.0,3072.0,499.0,4011.0,11.0,3248.0,484.0,1757.0,3032.0,2024,4,5,17
42,243681,164,243682,115,3.0,6,0,4400.0,26215.0,1151.0,504.0,274.0,845.0,1817.0,881.0,2810.0,1687.0,2024,4,5,17
42,243681,164,243682,115,3.0,3,1,4400.0,26215.0,1151.0,504.0,274.0,845.0,1817.0,881.0,2810.0,1687.0,2024,4,5,17
42,243681,164,243682,115,3.0,0,0,4400.0,26215.0,1151.0,504.0,274.0,845.0,1817.0,881.0,2810.0,1687.0,2024,4,5,17
42,243679,71,243680,188,3.0,8,0,26.0,2041.0,273.0,416.0,736.0,12.0,150.0,41.0,982.0,1661.0,2024,4,5,14
42,243679,71,243680,188,3.0,1,1,26.0,2041.0,273.0,416.0,736.0,12.0,150.0,41.0,982.0,1661.0,2024,4,5,14
42,243679,71,243680,188,3.0,5,1,26.0,2041.0,273.0,416.0,736.0,12.0,150.0,41.0,982.0,1661.0,2024,4,5,14
42,243655,187,243656,68,3.0,8,1,572.0,493.0,266.0,2785.0,163.0,65.0,2049.0,18.0,4048.0,2995.0,2024,4,5,14
42,243655,187,243656,68,3.0,1,1,572.0,493.0,266.0,2785.0,163.0,65.0,2049.0,18.0,4048.0,2995.0,2024,4,5,14
42,243685,164,243686,174,3.0,3,1,4400.0,26215.0,1151.0,504.0,274.0,1743.0,2709.0,5973.0,6786.0,2269.0,2024,4,4,20
42,243685,164,243686,174,3.0,8,1,4400.0,26215.0,1151.0,504.0,274.0,1743.0,2709.0,5973.0,6786.0,2269.0,2024,4,4,20
42,243659,63,243660,57,3.0,1,0,27.0,692.0,28.0,704.0,146.0,158.0,4903.0,156.0,157.0,197.0,2024,4,4,18
42,243653,153,243654,96,3.0,5,1,928.0,3110.0,3517.0,3112.0,927.0,627.0,147.0,142.0,7944.0,3749.0,2024,4,4,17
42,243653,153,243654,96,3.0,3,1,928.0,3110.0,3517.0,3112.0,927.0,627.0,147.0,142.0,7944.0,3749.0,2024,4,4,17
42,243675,167,243676,33,3.0,5,0,12.0,150.0,41.0,982.0,1661.0,966.0,2163.0,2936.0,1092.0,5420.0,2024,4,4,14
42,243675,167,243676,33,3.0,6,0,12.0,150.0,41.0,982.0,1661.0,966.0,2163.0,2936.0,1092.0,5420.0,2024,4,4,14
42,243673,71,243674,115,3.0,0,0,26.0,2041.0,273.0,416.0,736.0,845.0,1817.0,881.0,2810.0,1687.0,2024,4,4,14
42,243673,71,243674,115,3.0,3,1,26.0,2041.0,273.0,416.0,736.0,845.0,1817.0,881.0,2810.0,1687.0,2024,4,4,14
42,243651,68,243652,57,3.0,8,0,65.0,2049.0,18.0,4048.0,2995.0,158.0,4903.0,156.0,157.0,197.0,2024,4,3,21
42,243651,68,243652,57,3.0,6,0,65.0,2049.0,18.0,4048.0,2995.0,158.0,4903.0,156.0,157.0,197.0,2024,4,3,21
42,243651,68,243652,57,3.0,3,1,65.0,2049.0,18.0,4048.0,2995.0,158.0,4903.0,156.0,157.0,197.0,2024,4,3,21
42,243649,187,243650,63,3.0,8,0,572.0,493.0,266.0,2785.0,163.0,27.0,692.0,28.0,704.0,146.0,2024,4,3,20
42,243649,187,243650,63,3.0,4,0,572.0,493.0,266.0,2785.0,163.0,27.0,692.0,28.0,704.0,146.0,2024,4,3,20
42,243669,109,243670,174,3.0,8,1,845.0,1817.0,881.0,2810.0,1687.0,1743.0,2709.0,5973.0,6786.0,2269.0,2024,4,3,18
42,243669,109,243670,174,3.0,1,1,845.0,1817.0,881.0,2810.0,1687.0,1743.0,2709.0,5973.0,6786.0,2269.0,2024,4,3,18
42,243669,109,243670,174,3.0,4,0,845.0,1817.0,881.0,2810.0,1687.0,1743.0,2709.0,5973.0,6786.0,2269.0,2024,4,3,18
42,243665,71,243666,203,3.0,0,0,26.0,2041.0,273.0,416.0,736.0,3020.0,3192.0,5827.0,4765.0,3526.0,2024,4,3,14
42,243665,71,243666,203,3.0,1,0,26.0,2041.0,273.0,416.0,736.0,3020.0,3192.0,5827.0,4765.0,3526.0,2024,4,3,14
42,243671,164,243672,188,3.0,5,0,4400.0,26215.0,1151.0,504.0,274.0,12.0,150.0,41.0,982.0,1661.0,2024,4,3,14
42,243671,164,243672,188,3.0,4,1,4400.0,26215.0,1151.0,504.0,274.0,12.0,150.0,41.0,982.0,1661.0,2024,4,3,14
42,243671,164,243672,188,3.0,8,0,4400.0,26215.0,1151.0,504.0,274.0,12.0,150.0,41.0,982.0,1661.0,2024,4,3,14
42,243639,16,243640,63,3.0,5,1,11.0,3248.0,484.0,1757.0,3032.0,27.0,692.0,28.0,704.0,146.0,2024,4,2,20
42,243639,16,243640,63,3.0,0,1,11.0,3248.0,484.0,1757.0,3032.0,27.0,692.0,28.0,704.0,146.0,2024,4,2,20
42,243645,57,243646,96,3.0,3,1,158.0,4903.0,156.0,157.0,197.0,627.0,147.0,142.0,7944.0,3749.0,2024,4,2,20
42,243645,57,243646,96,3.0,4,0,158.0,4903.0,156.0,157.0,197.0,627.0,147.0,142.0,7944.0,3749.0,2024,4,2,20
42,243645,57,243646,96,3.0,1,1,158.0,4903.0,156.0,157.0,197.0,627.0,147.0,142.0,7944.0,3749.0,2024,4,2,20
42,243641,68,243642,186,3.0,0,0,65.0,2049.0,18.0,4048.0,2995.0,656.0,2894.0,3072.0,499.0,4011.0,2024,4,2,17
42,243641,68,243642,186,3.0,1,0,65.0,2049.0,18.0,4048.0,2995.0,656.0,2894.0,3072.0,499.0,4011.0,2024,4,2,17
42,243647,187,243648,169,3.0,8,1,572.0,493.0,266.0,2785.0,163.0,928.0,3110.0,3517.0,3112.0,927.0,2024,4,2,17
42,243647,187,243648,169,3.0,6,1,572.0,493.0,266.0,2785.0,163.0,928.0,3110.0,3517.0,3112.0,927.0,2024,4,2,17
42,243205,164,243206,73,3.0,0,0,4400.0,26215.0,1151.0,504.0,274.0,26.0,2041.0,273.0,416.0,736.0,2024,4,2,14
42,243205,164,243206,73,3.0,3,0,4400.0,26215.0,1151.0,504.0,274.0,26.0,2041.0,273.0,416.0,736.0,2024,4,2,14
42,243191,63,243192,96,3.0,3,1,27.0,692.0,28.0,704.0,146.0,627.0,7944.0,3749.0,142.0,147.0,2024,4,1,20
42,243191,63,243192,96,3.0,5,1,27.0,692.0,28.0,704.0,146.0,627.0,7944.0,3749.0,142.0,147.0,2024,4,1,20
42,243193,57,243194,19,3.0,8,0,158.0,4903.0,156.0,157.0,197.0,11.0,3248.0,484.0,1757.0,3032.0,2024,4,1,18
42,243193,57,243194,19,3.0,6,0,158.0,4903.0,156.0,157.0,197.0,11.0,3248.0,484.0,1757.0,3032.0,2024,4,1,18
42,243199,177,243200,174,3.0,8,1,19.0,550.0,3060.0,1549.0,1443.0,1743.0,2709.0,5973.0,6786.0,2269.0,2024,4,1,17
42,243199,177,243200,174,3.0,4,1,19.0,550.0,3060.0,1549.0,1443.0,1743.0,2709.0,5973.0,6786.0,2269.0,2024,4,1,17
42,243195,187,243196,68,3.0,9,0,572.0,493.0,266.0,2785.0,163.0,65.0,2049.0,18.0,4048.0,2995.0,2024,4,1,14
42,243195,187,243196,68,3.0,9,1,572.0,493.0,266.0,2785.0,163.0,65.0,2049.0,18.0,4048.0,2995.0,2024,4,1,14
42,243195,187,243196,68,3.0,9,0,572.0,493.0,266.0,2785.0,163.0,65.0,2049.0,18.0,4048.0,2995.0,2024,4,1,14
42,243197,166,243198,169,3.0,3,1,656.0,2894.0,3072.0,499.0,4011.0,928.0,3110.0,3517.0,3112.0,927.0,2024,4,1,14
42,243197,166,243198,169,3.0,8,1,656.0,2894.0,3072.0,499.0,4011.0,928.0,3110.0,3517.0,3112.0,927.0,2024,4,1,14
112,243979,74,243980,35,3.0,0,0,3241.0,1676.0,5128.0,708.0,3457.0,314.0,483.0,200.0,2638.0,4383.0,2024,4,0,15
112,243979,74,243980,35,3.0,6,0,3241.0,1676.0,5128.0,708.0,3457.0,314.0,483.0,200.0,2638.0,4383.0,2024,4,0,15
112,243961,8,243962,77,3.0,6,0,5310.0,3464.0,1436.0,5156.0,961.0,3241.0,1676.0,5128.0,708.0,3457.0,2024,4,6,16
112,243961,8,243962,77,3.0,3,0,5310.0,3464.0,1436.0,5156.0,961.0,3241.0,1676.0,5128.0,708.0,3457.0,2024,4,6,16
112,243961,8,243962,77,3.0,8,1,5310.0,3464.0,1436.0,5156.0,961.0,3241.0,1676.0,5128.0,708.0,3457.0,2024,4,6,16
112,243959,23,243960,35,3.0,8,0,1958.0,164.0,1824.0,1685.0,465.0,314.0,483.0,200.0,2638.0,4383.0,2024,4,6,14
112,243605,50,243606,10,3.0,6,0,696.0,15.0,948.0,1627.0,789.0,5310.0,3464.0,1436.0,5156.0,961.0,2024,4,4,16
112,243605,50,243606,10,3.0,5,0,696.0,15.0,948.0,1627.0,789.0,5310.0,3464.0,1436.0,5156.0,961.0,2024,4,4,16
112,243553,172,243554,35,3.0,6,0,4808.0,1674.0,4281.0,1671.0,2840.0,314.0,483.0,200.0,2638.0,4383.0,2024,4,4,13
112,243553,172,243554,35,3.0,3,1,4808.0,1674.0,4281.0,1671.0,2840.0,314.0,483.0,200.0,2638.0,4383.0,2024,4,4,13
112,242789,173,242790,130,3.0,4,0,2538.0,3393.0,3246.0,617.0,1365.0,3538.0,4065.0,6142.0,5284.0,3344.0,2024,4,3,18
112,242789,173,242790,130,3.0,0,0,2538.0,3393.0,3246.0,617.0,1365.0,3538.0,4065.0,6142.0,5284.0,3344.0,2024,4,3,18
112,242781,8,242782,86,3.0,3,1,5310.0,3464.0,1436.0,5156.0,961.0,1004.0,957.0,958.0,1353.0,1355.0,2024,4,3,15
112,242781,8,242782,86,3.0,8,1,5310.0,3464.0,1436.0,5156.0,961.0,1004.0,957.0,958.0,1353.0,1355.0,2024,4,3,15
112,242781,8,242782,86,3.0,4,0,5310.0,3464.0,1436.0,5156.0,961.0,1004.0,957.0,958.0,1353.0,1355.0,2024,4,3,15
112,242895,74,242896,176,3.0,0,1,3241.0,1676.0,5128.0,708.0,3457.0,145.0,1675.0,1673.0,2190.0,1666.0,2024,4,2,12
112,242895,74,242896,176,3.0,3,1,3241.0,1676.0,5128.0,708.0,3457.0,145.0,1675.0,1673.0,2190.0,1666.0,2024,4,2,12
112,242871,153,242872,192,3.0,5,0,928.0,3110.0,3517.0,3112.0,927.0,4808.0,1674.0,4281.0,1671.0,2840.0,2024,4,1,13
112,242871,153,242872,192,3.0,1,0,928.0,3110.0,3517.0,3112.0,927.0,4808.0,1674.0,4281.0,1671.0,2840.0,2024,4,1,13
112,242871,153,242872,192,3.0,0,1,928.0,3110.0,3517.0,3112.0,927.0,4808.0,1674.0,4281.0,1671.0,2840.0,2024,4,1,13
112,242779,126,242780,176,3.0,0,1,4552.0,2991.0,1831.0,1833.0,1832.0,145.0,1675.0,1673.0,2190.0,1666.0,2024,4,4,18
112,242779,126,242780,176,3.0,5,0,4552.0,2991.0,1831.0,1833.0,1832.0,145.0,1675.0,1673.0,2190.0,1666.0,2024,4,4,18
112,242783,5,242784,193,3.0,6,0,3289.0,42.0,1343.0,611.0,2068.0,2538.0,3393.0,3246.0,617.0,1365.0,2024,4,4,15
112,242783,5,242784,193,3.0,4,0,3289.0,42.0,1343.0,611.0,2068.0,2538.0,3393.0,3246.0,617.0,1365.0,2024,4,4,15
112,242769,50,242770,21,3.0,0,1,696.0,15.0,948.0,1627.0,789.0,8054.0,8055.0,8056.0,7078.0,7080.0,2024,4,3,15
112,242769,50,242770,21,3.0,1,1,696.0,15.0,948.0,1627.0,789.0,8054.0,8055.0,8056.0,7078.0,7080.0,2024,4,3,15
112,242803,137,242804,119,3.0,1,0,579.0,3334.0,1954.0,264.0,5057.0,6470.0,6284.0,6665.0,4010.0,5309.0,2024,4,2,21
112,242803,137,242804,119,3.0,8,0,579.0,3334.0,1954.0,264.0,5057.0,6470.0,6284.0,6665.0,4010.0,5309.0,2024,4,2,21
112,242793,23,242794,52,3.0,1,1,1958.0,164.0,1824.0,1685.0,465.0,1227.0,62.0,1226.0,1264.0,196.0,2024,4,2,15
112,242793,23,242794,52,3.0,6,1,1958.0,164.0,1824.0,1685.0,465.0,1227.0,62.0,1226.0,1264.0,196.0,2024,4,2,15
112,242801,127,242802,192,3.0,6,0,143.0,773.0,5114.0,3396.0,4080.0,4808.0,1674.0,4281.0,1671.0,2840.0,2024,4,2,12
112,242801,127,242802,192,3.0,0,1,143.0,773.0,5114.0,3396.0,4080.0,4808.0,1674.0,4281.0,1671.0,2840.0,2024,4,2,12
112,242801,127,242802,192,3.0,5,0,143.0,773.0,5114.0,3396.0,4080.0,4808.0,1674.0,4281.0,1671.0,2840.0,2024,4,2,12
112,242807,32,242808,149,3.0,3,1,314.0,483.0,200.0,2638.0,4383.0,7082.0,8306.0,8305.0,8304.0,1891.0,2024,4,1,18
112,242807,32,242808,149,3.0,4,1,314.0,483.0,200.0,2638.0,4383.0,7082.0,8306.0,8305.0,8304.0,1891.0,2024,4,1,18
112,242807,32,242808,149,3.0,1,0,314.0,483.0,200.0,2638.0,4383.0,7082.0,8306.0,8305.0,8304.0,1891.0,2024,4,1,18
57,243525,90,243526,227,3.0,3,1,627.0,7944.0,3749.0,142.0,147.0,690.0,3746.0,2710.0,1871.0,6975.0,2024,4,5,23
57,243525,90,243526,227,3.0,0,0,627.0,7944.0,3749.0,142.0,147.0,690.0,3746.0,2710.0,1871.0,6975.0,2024,4,5,23
57,243525,90,243526,227,3.0,5,0,627.0,7944.0,3749.0,142.0,147.0,690.0,3746.0,2710.0,1871.0,6975.0,2024,4,5,23
57,243537,200,243538,116,3.0,8,1,690.0,3746.0,2710.0,1871.0,6975.0,216.0,4498.0,4574.0,1507.0,2707.0,2024,4,5,20
57,243537,200,243538,116,3.0,1,1,690.0,3746.0,2710.0,1871.0,6975.0,216.0,4498.0,4574.0,1507.0,2707.0,2024,4,5,20
57,243535,110,243536,142,3.0,8,0,216.0,4498.0,4574.0,1507.0,2707.0,994.0,507.0,4029.0,3459.0,4825.0,2024,4,5,16
57,243535,110,243536,142,3.0,1,1,216.0,4498.0,4574.0,1507.0,2707.0,994.0,507.0,4029.0,3459.0,4825.0,2024,4,5,16
57,243535,110,243536,142,3.0,3,1,216.0,4498.0,4574.0,1507.0,2707.0,994.0,507.0,4029.0,3459.0,4825.0,2024,4,5,16
57,243523,90,243524,227,3.0,6,1,627.0,7944.0,3749.0,142.0,147.0,690.0,3746.0,2710.0,1871.0,6975.0,2024,4,5,7
57,243523,90,243524,227,3.0,1,0,627.0,7944.0,3749.0,142.0,147.0,690.0,3746.0,2710.0,1871.0,6975.0,2024,4,5,7
57,243523,90,243524,227,3.0,5,1,627.0,7944.0,3749.0,142.0,147.0,690.0,3746.0,2710.0,1871.0,6975.0,2024,4,5,7
57,243533,6,243534,142,3.0,1,0,4393.0,2846.0,3760.0,5345.0,4530.0,994.0,507.0,4029.0,3459.0,4825.0,2024,4,5,4
57,243533,6,243534,142,3.0,6,0,4393.0,2846.0,3760.0,5345.0,4530.0,994.0,507.0,4029.0,3459.0,4825.0,2024,4,5,4
57,243531,110,243532,61,3.0,3,1,216.0,4498.0,4574.0,1507.0,2707.0,3445.0,625.0,628.0,1.0,204.0,2024,4,5,1
57,243531,110,243532,61,3.0,8,1,216.0,4498.0,4574.0,1507.0,2707.0,3445.0,625.0,628.0,1.0,204.0,2024,4,5,1
57,243529,117,243530,142,3.0,8,0,3202.0,1420.0,3168.0,3596.0,3533.0,994.0,507.0,4029.0,3459.0,4825.0,2024,4,4,22
57,243529,117,243530,142,3.0,4,0,3202.0,1420.0,3168.0,3596.0,3533.0,994.0,507.0,4029.0,3459.0,4825.0,2024,4,4,22
57,243529,117,243530,142,3.0,0,1,3202.0,1420.0,3168.0,3596.0,3533.0,994.0,507.0,4029.0,3459.0,4825.0,2024,4,4,22
57,243521,200,243522,116,1.0,8,1,690.0,3746.0,2710.0,1871.0,6975.0,216.0,4498.0,4574.0,1507.0,2707.0,2024,4,4,19
57,243527,61,243528,122,3.0,6,1,3445.0,625.0,628.0,1.0,204.0,1224.0,4275.0,568.0,1199.0,4042.0,2024,4,4,17
57,243527,61,243528,122,3.0,8,0,3445.0,625.0,628.0,1.0,204.0,1224.0,4275.0,568.0,1199.0,4042.0,2024,4,4,17
57,243527,61,243528,122,3.0,3,1,3445.0,625.0,628.0,1.0,204.0,1224.0,4275.0,568.0,1199.0,4042.0,2024,4,4,17
57,243519,6,243520,96,1.0,3,0,4393.0,2846.0,3760.0,5345.0,4530.0,627.0,7944.0,3749.0,142.0,147.0,2024,4,4,3
57,243517,110,243518,142,1.0,8,1,216.0,4498.0,4574.0,1507.0,2707.0,994.0,507.0,4029.0,3459.0,4825.0,2024,4,3,23
57,243511,61,243512,8,1.0,6,0,3445.0,625.0,628.0,1.0,204.0,4393.0,2846.0,3760.0,5345.0,4530.0,2024,4,3,21
57,243513,90,243514,122,1.0,3,1,627.0,7944.0,3749.0,142.0,147.0,1224.0,4275.0,568.0,1199.0,4042.0,2024,4,3,20
57,243515,117,243516,227,1.0,1,0,3202.0,1420.0,3168.0,3596.0,3533.0,690.0,3746.0,2710.0,1871.0,6975.0,2024,4,3,18
51,243895,67,243896,31,3.0,4,1,272.0,262.0,260.0,1050.0,209.0,1949.0,1053.0,2736.0,897.0,1977.0,2024,4,5,13
51,243895,67,243896,31,3.0,3,1,272.0,262.0,260.0,1050.0,209.0,1949.0,1053.0,2736.0,897.0,1977.0,2024,4,5,13
51,243899,152,243900,31,3.0,1,0,1069.0,901.0,1039.0,4164.0,2143.0,1949.0,1053.0,2736.0,897.0,1977.0,2024,4,5,9
51,243899,152,243900,31,3.0,9,0,1069.0,901.0,1039.0,4164.0,2143.0,1949.0,1053.0,2736.0,897.0,1977.0,2024,4,5,9
51,243899,152,243900,31,3.0,8,1,1069.0,901.0,1039.0,4164.0,2143.0,1949.0,1053.0,2736.0,897.0,1977.0,2024,4,5,9
51,243791,110,243792,227,3.0,1,1,216.0,4498.0,4574.0,1507.0,2707.0,690.0,3746.0,2710.0,1871.0,6975.0,2024,4,5,2
51,243791,110,243792,227,3.0,8,1,216.0,4498.0,4574.0,1507.0,2707.0,690.0,3746.0,2710.0,1871.0,6975.0,2024,4,5,2
51,243777,109,243778,112,3.0,4,1,845.0,1817.0,881.0,1687.0,2810.0,997.0,1165.0,205.0,8499.0,141.0,2024,4,5,0
51,243777,109,243778,112,3.0,0,1,845.0,1817.0,881.0,1687.0,2810.0,997.0,1165.0,205.0,8499.0,141.0,2024,4,5,0
51,243789,90,243790,227,3.0,5,0,627.0,7944.0,3749.0,142.0,147.0,690.0,3746.0,2710.0,1871.0,6975.0,2024,4,4,20
51,243893,67,243894,168,3.0,3,1,272.0,262.0,260.0,1050.0,209.0,1069.0,901.0,1039.0,4164.0,2143.0,2024,4,4,13
51,243893,67,243894,168,3.0,1,1,272.0,262.0,260.0,1050.0,209.0,1069.0,901.0,1039.0,4164.0,2143.0,2024,4,4,13
51,243891,152,243892,31,3.0,8,1,1069.0,901.0,1039.0,4164.0,2143.0,1949.0,1053.0,2736.0,897.0,1977.0,2024,4,4,9
51,243891,152,243892,31,3.0,1,0,1069.0,901.0,1039.0,4164.0,2143.0,1949.0,1053.0,2736.0,897.0,1977.0,2024,4,4,9
51,243891,152,243892,31,3.0,5,1,1069.0,901.0,1039.0,4164.0,2143.0,1949.0,1053.0,2736.0,897.0,1977.0,2024,4,4,9
51,243783,110,243784,227,3.0,8,1,216.0,4498.0,4574.0,1507.0,2707.0,690.0,3746.0,2710.0,1871.0,6975.0,2024,4,4,0
51,243783,110,243784,227,3.0,5,1,216.0,4498.0,4574.0,1507.0,2707.0,690.0,3746.0,2710.0,1871.0,6975.0,2024,4,4,0
51,243783,110,243784,227,3.0,1,0,216.0,4498.0,4574.0,1507.0,2707.0,690.0,3746.0,2710.0,1871.0,6975.0,2024,4,4,0
51,243771,168,243772,112,3.0,0,1,78.0,564.0,983.0,439.0,35.0,997.0,1165.0,205.0,8499.0,141.0,2024,4,4,0
51,243771,168,243772,112,3.0,4,1,78.0,564.0,983.0,439.0,35.0,997.0,1165.0,205.0,8499.0,141.0,2024,4,4,0
51,243769,109,243770,53,3.0,0,1,845.0,1817.0,881.0,1687.0,2810.0,2517.0,2518.0,2516.0,6336.0,4242.0,2024,4,4,0
51,243769,109,243770,53,3.0,8,1,845.0,1817.0,881.0,1687.0,2810.0,2517.0,2518.0,2516.0,6336.0,4242.0,2024,4,4,0
51,243781,90,243782,66,3.0,4,0,627.0,7944.0,3749.0,142.0,147.0,887.0,998.0,4019.0,203.0,2225.0,2024,4,3,23
51,243781,90,243782,66,3.0,8,1,627.0,7944.0,3749.0,142.0,147.0,887.0,998.0,4019.0,203.0,2225.0,2024,4,3,23
51,243781,90,243782,66,3.0,3,1,627.0,7944.0,3749.0,142.0,147.0,887.0,998.0,4019.0,203.0,2225.0,2024,4,3,23
52,243743,14,243744,10,1.0,6,1,570.0,135.0,1942.0,2765.0,58.0,3464.0,1436.0,5156.0,961.0,5310.0,2024,4,3,19
52,243573,110,243574,38,1.0,0,1,216.0,4498.0,4574.0,1507.0,2707.0,3446.0,218.0,5620.0,6090.0,2218.0,2024,4,3,0
59,243175,112,243176,63,3.0,6,0,2126.0,3121.0,2726.0,2200.0,315.0,27.0,692.0,28.0,146.0,704.0,2024,4,6,13
59,243175,112,243176,63,3.0,5,0,2126.0,3121.0,2726.0,2200.0,315.0,27.0,692.0,28.0,146.0,704.0,2024,4,6,13
59,243173,16,243174,63,3.0,0,1,11.0,3248.0,1757.0,484.0,3032.0,27.0,692.0,28.0,146.0,704.0,2024,4,5,13
59,243173,16,243174,63,3.0,5,0,11.0,3248.0,1757.0,484.0,3032.0,27.0,692.0,28.0,146.0,704.0,2024,4,5,13
59,243171,71,243172,118,3.0,0,1,26.0,2041.0,416.0,736.0,273.0,2126.0,3121.0,2726.0,2200.0,315.0,2024,4,5,10
59,243171,71,243172,118,3.0,6,0,26.0,2041.0,416.0,736.0,273.0,2126.0,3121.0,2726.0,2200.0,315.0,2024,4,5,10
59,243171,71,243172,118,3.0,5,0,26.0,2041.0,416.0,736.0,273.0,2126.0,3121.0,2726.0,2200.0,315.0,2024,4,5,10
59,243169,168,243170,63,3.0,1,1,78.0,564.0,983.0,439.0,35.0,27.0,692.0,28.0,146.0,704.0,2024,4,4,13
59,243169,168,243170,63,3.0,5,0,78.0,564.0,983.0,439.0,35.0,27.0,692.0,28.0,146.0,704.0,2024,4,4,13
59,243169,168,243170,63,3.0,4,0,78.0,564.0,983.0,439.0,35.0,27.0,692.0,28.0,146.0,704.0,2024,4,4,13
59,243167,187,243168,73,3.0,1,0,572.0,493.0,266.0,2785.0,178.0,26.0,2041.0,416.0,736.0,273.0,2024,4,4,10
59,243167,187,243168,73,3.0,6,0,572.0,493.0,266.0,2785.0,178.0,26.0,2041.0,416.0,736.0,273.0,2024,4,4,10
59,243141,67,243142,63,3.0,5,0,272.0,262.0,260.0,1050.0,209.0,27.0,692.0,28.0,146.0,704.0,2024,4,2,14
59,243141,67,243142,63,3.0,0,0,272.0,262.0,260.0,1050.0,209.0,27.0,692.0,28.0,146.0,704.0,2024,4,2,14
59,243125,85,243126,73,3.0,5,0,945.0,709.0,1548.0,2152.0,2611.0,26.0,2041.0,416.0,736.0,273.0,2024,4,2,14
59,243125,85,243126,73,3.0,0,0,945.0,709.0,1548.0,2152.0,2611.0,26.0,2041.0,416.0,736.0,273.0,2024,4,2,14
59,243115,168,243116,118,3.0,3,0,78.0,564.0,983.0,439.0,35.0,2126.0,3121.0,2726.0,2200.0,315.0,2024,4,2,11
59,243115,168,243116,118,3.0,4,0,78.0,564.0,983.0,439.0,35.0,2126.0,3121.0,2726.0,2200.0,315.0,2024,4,2,11
59,243131,16,243132,214,3.0,6,1,11.0,3248.0,1757.0,484.0,3032.0,572.0,493.0,266.0,2785.0,178.0,2024,4,2,11
59,243131,16,243132,214,3.0,8,1,11.0,3248.0,1757.0,484.0,3032.0,572.0,493.0,266.0,2785.0,178.0,2024,4,2,11
59,243139,63,243140,41,3.0,6,1,27.0,692.0,28.0,146.0,704.0,553.0,39.0,612.0,163.0,457.0,2024,4,2,8
59,243139,63,243140,41,3.0,5,1,27.0,692.0,28.0,146.0,704.0,553.0,39.0,612.0,163.0,457.0,2024,4,2,8
59,243137,67,243138,130,3.0,1,1,272.0,262.0,260.0,1050.0,209.0,3538.0,4065.0,6142.0,3344.0,5284.0,2024,4,2,8
59,243137,67,243138,130,3.0,3,1,272.0,262.0,260.0,1050.0,209.0,3538.0,4065.0,6142.0,3344.0,5284.0,2024,4,2,8
59,243121,61,243122,89,3.0,0,1,626.0,625.0,628.0,1.0,204.0,945.0,709.0,1548.0,2152.0,2611.0,2024,4,1,14
59,243121,61,243122,89,3.0,5,0,626.0,625.0,628.0,1.0,204.0,945.0,709.0,1548.0,2152.0,2611.0,2024,4,1,14
59,243121,61,243122,89,3.0,6,0,626.0,625.0,628.0,1.0,204.0,945.0,709.0,1548.0,2152.0,2611.0,2024,4,1,14
59,243123,71,243124,114,3.0,1,1,26.0,2041.0,416.0,736.0,273.0,1271.0,1270.0,2159.0,3062.0,7709.0,2024,4,1,14
59,243123,71,243124,114,3.0,3,1,26.0,2041.0,416.0,736.0,273.0,1271.0,1270.0,2159.0,3062.0,7709.0,2024,4,1,14
59,243127,63,243128,19,3.0,5,0,27.0,692.0,28.0,146.0,704.0,11.0,3248.0,1757.0,484.0,3032.0,2024,4,1,12
59,243127,63,243128,19,3.0,0,0,27.0,692.0,28.0,146.0,704.0,11.0,3248.0,1757.0,484.0,3032.0,2024,4,1,12
59,243133,124,243134,177,3.0,4,1,3538.0,4065.0,6142.0,3344.0,5284.0,858.0,160.0,3423.0,567.0,316.0,2024,4,1,11
59,243133,124,243134,177,3.0,0,1,3538.0,4065.0,6142.0,3344.0,5284.0,858.0,160.0,3423.0,567.0,316.0,2024,4,1,11
59,243135,42,243136,215,3.0,4,1,553.0,39.0,612.0,163.0,457.0,748.0,818.0,530.0,1778.0,34.0,2024,4,1,8
59,243135,42,243136,215,3.0,6,1,553.0,39.0,612.0,163.0,457.0,748.0,818.0,530.0,1778.0,34.0,2024,4,1,8
59,243129,67,243130,214,3.0,8,1,272.0,262.0,260.0,1050.0,209.0,572.0,493.0,266.0,2785.0,178.0,2024,4,1,8
59,243129,67,243130,214,3.0,0,0,272.0,262.0,260.0,1050.0,209.0,572.0,493.0,266.0,2785.0,178.0,2024,4,1,8
59,243129,67,243130,214,3.0,3,0,272.0,262.0,260.0,1050.0,209.0,572.0,493.0,266.0,2785.0,178.0,2024,4,1,8
59,243113,61,243114,118,3.0,8,0,626.0,625.0,628.0,1.0,204.0,2126.0,3121.0,2726.0,2200.0,315.0,2024,4,0,15
59,243113,61,243114,118,3.0,5,1,626.0,625.0,628.0,1.0,204.0,2126.0,3121.0,2726.0,2200.0,315.0,2024,4,0,15
59,243113,61,243114,118,3.0,4,0,626.0,625.0,628.0,1.0,204.0,2126.0,3121.0,2726.0,2200.0,315.0,2024,4,0,15
59,243117,6,243118,89,3.0,4,0,4393.0,2846.0,3760.0,5345.0,4530.0,945.0,709.0,1548.0,2152.0,2611.0,2024,4,0,12
59,243117,6,243118,89,3.0,5,0,4393.0,2846.0,3760.0,5345.0,4530.0,945.0,709.0,1548.0,2152.0,2611.0,2024,4,0,12
59,243111,71,243112,189,3.0,3,0,26.0,2041.0,416.0,736.0,273.0,78.0,564.0,983.0,439.0,35.0,2024,4,0,12
59,243111,71,243112,189,3.0,1,1,26.0,2041.0,416.0,736.0,273.0,78.0,564.0,983.0,439.0,35.0,2024,4,0,12
59,243111,71,243112,189,3.0,0,0,26.0,2041.0,416.0,736.0,273.0,78.0,564.0,983.0,439.0,35.0,2024,4,0,12
59,242489,63,242490,130,1.0,3,1,27.0,692.0,28.0,146.0,704.0,3538.0,4065.0,6142.0,3344.0,5284.0,2024,4,0,11
59,242495,187,242496,215,1.0,3,1,572.0,493.0,266.0,2785.0,178.0,1778.0,34.0,748.0,818.0,530.0,2024,4,0,10
59,242493,42,242494,67,1.0,0,0,553.0,39.0,612.0,163.0,457.0,272.0,262.0,260.0,1050.0,209.0,2024,4,0,9
59,242485,61,242486,114,1.0,0,1,626.0,625.0,628.0,1.0,204.0,1271.0,1270.0,2159.0,3062.0,7709.0,2024,4,0,8
59,242483,85,242484,189,1.0,0,0,945.0,709.0,1548.0,2152.0,2611.0,78.0,564.0,983.0,439.0,35.0,2024,4,0,7
59,242481,71,242482,8,1.0,5,1,26.0,2041.0,416.0,736.0,273.0,4393.0,2846.0,3760.0,5345.0,4530.0,2024,4,0,7
31,242867,8,242868,20,3.0,4,0,3464.0,1436.0,5156.0,961.0,5310.0,1008.0,1892.0,2070.0,3059.0,4543.0,2024,4,4,21
31,242867,8,242868,20,3.0,3,0,3464.0,1436.0,5156.0,961.0,5310.0,1008.0,1892.0,2070.0,3059.0,4543.0,2024,4,4,21
31,242861,14,242862,20,3.0,0,0,570.0,135.0,1942.0,2765.0,58.0,1008.0,1892.0,2070.0,3059.0,4543.0,2024,4,3,18
31,242861,14,242862,20,3.0,6,1,570.0,135.0,1942.0,2765.0,58.0,1008.0,1892.0,2070.0,3059.0,4543.0,2024,4,3,18
31,242861,14,242862,20,3.0,1,0,570.0,135.0,1942.0,2765.0,58.0,1008.0,1892.0,2070.0,3059.0,4543.0,2024,4,3,18
31,242857,8,242858,17,3.0,0,0,3464.0,1436.0,5156.0,961.0,5310.0,570.0,135.0,1942.0,2765.0,58.0,2024,4,2,21
31,242855,68,242856,17,3.0,0,0,65.0,2049.0,18.0,4048.0,2995.0,570.0,135.0,1942.0,2765.0,58.0,2024,4,1,21
31,242841,5,242842,20,3.0,0,0,3289.0,42.0,1343.0,611.0,2068.0,1008.0,1892.0,2070.0,3059.0,4543.0,2024,4,1,14
31,242841,5,242842,20,3.0,5,0,3289.0,42.0,1343.0,611.0,2068.0,1008.0,1892.0,2070.0,3059.0,4543.0,2024,4,1,14
31,242837,17,242838,122,3.0,4,1,1008.0,1892.0,2070.0,3059.0,4543.0,1224.0,4275.0,3368.0,1199.0,4042.0,2024,4,0,21
31,242837,17,242838,122,3.0,6,1,1008.0,1892.0,2070.0,3059.0,4543.0,1224.0,4275.0,3368.0,1199.0,4042.0,2024,4,0,21
31,242851,14,242852,68,3.0,0,0,570.0,135.0,1942.0,2765.0,58.0,65.0,2049.0,18.0,4048.0,2995.0,2024,4,0,21
31,242851,14,242852,68,3.0,4,0,570.0,135.0,1942.0,2765.0,58.0,65.0,2049.0,18.0,4048.0,2995.0,2024,4,0,21
31,242835,115,242836,6,1.0,0,0,1224.0,4275.0,3368.0,1199.0,4042.0,3289.0,42.0,1343.0,611.0,2068.0,2024,4,0,17
31,242831,30,242832,35,3.0,4,1,966.0,2163.0,2936.0,1092.0,5420.0,314.0,483.0,200.0,2638.0,4383.0,2024,4,4,20
31,242831,30,242832,35,3.0,1,1,966.0,2163.0,2936.0,1092.0,5420.0,314.0,483.0,200.0,2638.0,4383.0,2024,4,4,20
31,242829,32,242830,15,3.0,0,1,314.0,483.0,200.0,2638.0,4383.0,49.0,438.0,798.0,1594.0,7442.0,2024,4,4,17
31,242829,32,242830,15,3.0,3,1,314.0,483.0,200.0,2638.0,4383.0,49.0,438.0,798.0,1594.0,7442.0,2024,4,4,17
31,242821,30,242822,35,1.0,0,1,966.0,2163.0,2936.0,1092.0,5420.0,314.0,483.0,200.0,2638.0,4383.0,2024,4,3,16
31,242815,82,242816,10,3.0,3,1,1004.0,957.0,958.0,1353.0,1355.0,3464.0,1436.0,5156.0,961.0,5310.0,2024,4,2,17
31,242815,82,242816,10,3.0,6,0,1004.0,957.0,958.0,1353.0,1355.0,3464.0,1436.0,5156.0,961.0,5310.0,2024,4,2,17
31,242815,82,242816,10,3.0,4,0,1004.0,957.0,958.0,1353.0,1355.0,3464.0,1436.0,5156.0,961.0,5310.0,2024,4,2,17
32,243357,90,243358,227,3.0,9,0,627.0,7944.0,142.0,3749.0,7944.0,690.0,3746.0,2710.0,1871.0,6975.0,2024,4,3,19
32,243353,90,243354,116,3.0,5,0,627.0,7944.0,142.0,3749.0,7944.0,216.0,4498.0,4574.0,1507.0,2707.0,2024,4,2,18
32,243353,90,243354,116,3.0,8,0,627.0,7944.0,142.0,3749.0,7944.0,216.0,4498.0,4574.0,1507.0,2707.0,2024,4,2,18
32,243349,90,243350,227,3.0,5,1,627.0,7944.0,142.0,3749.0,7944.0,690.0,3746.0,2710.0,1871.0,6975.0,2024,4,1,18
32,243349,90,243350,227,3.0,3,1,627.0,7944.0,142.0,3749.0,7944.0,690.0,3746.0,2710.0,1871.0,6975.0,2024,4,1,18
32,242953,157,242954,227,3.0,5,0,1743.0,2709.0,5973.0,6786.0,2269.0,690.0,3746.0,2710.0,1871.0,6975.0,2024,4,0,21
32,242953,157,242954,227,3.0,8,0,1743.0,2709.0,5973.0,6786.0,2269.0,690.0,3746.0,2710.0,1871.0,6975.0,2024,4,0,21
32,242951,200,242952,116,3.0,1,0,690.0,3746.0,2710.0,1871.0,6975.0,216.0,4498.0,4574.0,1507.0,2707.0,2024,4,0,2
32,242951,200,242952,116,3.0,8,0,690.0,3746.0,2710.0,1871.0,6975.0,216.0,4498.0,4574.0,1507.0,2707.0,2024,4,0,2
32,242951,200,242952,116,3.0,5,1,690.0,3746.0,2710.0,1871.0,6975.0,216.0,4498.0,4574.0,1507.0,2707.0,2024,4,0,2
32,242939,66,242940,25,3.0,3,0,887.0,998.0,2225.0,203.0,4019.0,877.0,880.0,3357.0,4707.0,5875.0,2024,4,6,1
32,242939,66,242940,25,3.0,5,0,887.0,998.0,2225.0,203.0,4019.0,877.0,880.0,3357.0,4707.0,5875.0,2024,4,6,1
32,242949,157,242950,141,3.0,5,1,1743.0,2709.0,5973.0,6786.0,2269.0,2271.0,4440.0,1455.0,889.0,2257.0,2024,4,5,21
32,242949,157,242950,141,3.0,8,1,1743.0,2709.0,5973.0,6786.0,2269.0,2271.0,4440.0,1455.0,889.0,2257.0,2024,4,5,21
32,242947,110,242948,141,3.0,0,1,216.0,4498.0,4574.0,1507.0,2707.0,2271.0,4440.0,1455.0,889.0,2257.0,2024,4,4,21
32,242947,110,242948,141,3.0,5,0,216.0,4498.0,4574.0,1507.0,2707.0,2271.0,4440.0,1455.0,889.0,2257.0,2024,4,4,21
32,242947,110,242948,141,3.0,3,1,216.0,4498.0,4574.0,1507.0,2707.0,2271.0,4440.0,1455.0,889.0,2257.0,2024,4,4,21
32,242945,200,242946,174,3.0,5,1,690.0,3746.0,2710.0,1871.0,6975.0,1743.0,2709.0,5973.0,6786.0,2269.0,2024,4,4,19
32,242945,200,242946,174,3.0,1,1,690.0,3746.0,2710.0,1871.0,6975.0,1743.0,2709.0,5973.0,6786.0,2269.0,2024,4,4,19
32,242937,90,242938,25,3.0,4,1,627.0,7944.0,142.0,3749.0,7944.0,877.0,880.0,3357.0,4707.0,5875.0,2024,4,3,21
32,242937,90,242938,25,3.0,5,1,627.0,7944.0,142.0,3749.0,7944.0,877.0,880.0,3357.0,4707.0,5875.0,2024,4,3,21
32,242937,90,242938,25,3.0,1,0,627.0,7944.0,142.0,3749.0,7944.0,877.0,880.0,3357.0,4707.0,5875.0,2024,4,3,21
40,242683,17,242684,135,3.0,6,1,1008.0,1892.0,2070.0,3059.0,4543.0,143.0,773.0,3396.0,5114.0,4080.0,2024,4,3,20
40,242683,17,242684,135,3.0,3,1,1008.0,1892.0,2070.0,3059.0,4543.0,143.0,773.0,3396.0,5114.0,4080.0,2024,4,3,20
40,242691,127,242692,122,3.0,8,1,143.0,773.0,3396.0,5114.0,4080.0,1224.0,4275.0,3368.0,1199.0,4042.0,2024,4,3,16
40,242691,127,242692,122,3.0,3,1,143.0,773.0,3396.0,5114.0,4080.0,1224.0,4275.0,3368.0,1199.0,4042.0,2024,4,3,16
40,242691,127,242692,122,3.0,6,0,143.0,773.0,3396.0,5114.0,4080.0,1224.0,4275.0,3368.0,1199.0,4042.0,2024,4,3,16
40,242689,115,242690,124,3.0,8,0,1224.0,4275.0,3368.0,1199.0,4042.0,3202.0,1420.0,3168.0,3596.0,3533.0,2024,4,2,20
40,242681,17,242682,135,3.0,0,1,1008.0,1892.0,2070.0,3059.0,4543.0,143.0,773.0,3396.0,5114.0,4080.0,2024,4,2,20
40,242687,14,242688,124,3.0,0,0,570.0,135.0,1942.0,2765.0,58.0,3202.0,1420.0,3168.0,3596.0,3533.0,2024,4,2,16
40,242687,14,242688,124,3.0,4,0,570.0,135.0,1942.0,2765.0,58.0,3202.0,1420.0,3168.0,3596.0,3533.0,2024,4,2,16
40,242727,108,242728,203,3.0,0,0,1271.0,1270.0,2159.0,7709.0,3062.0,3020.0,3192.0,4765.0,3526.0,5827.0,2024,4,2,15
40,242705,110,242706,174,3.0,3,0,216.0,4498.0,4574.0,1507.0,2707.0,1743.0,2709.0,5973.0,6786.0,2269.0,2024,4,1,22
40,242705,110,242706,174,3.0,5,1,216.0,4498.0,4574.0,1507.0,2707.0,1743.0,2709.0,5973.0,6786.0,2269.0,2024,4,1,22
40,242705,110,242706,174,3.0,8,1,216.0,4498.0,4574.0,1507.0,2707.0,1743.0,2709.0,5973.0,6786.0,2269.0,2024,4,1,22
40,242707,21,242708,66,3.0,5,0,877.0,880.0,3357.0,5875.0,4707.0,887.0,998.0,2225.0,203.0,4019.0,2024,4,1,22
40,242707,21,242708,66,3.0,6,0,877.0,880.0,3357.0,5875.0,4707.0,887.0,998.0,2225.0,203.0,4019.0,2024,4,1,22
40,242675,117,242676,79,3.0,6,1,3202.0,1420.0,3168.0,3596.0,3533.0,4421.0,1203.0,2805.0,6.0,5300.0,2024,4,1,20
40,242675,117,242676,79,3.0,4,0,3202.0,1420.0,3168.0,3596.0,3533.0,4421.0,1203.0,2805.0,6.0,5300.0,2024,4,1,20
40,242675,117,242676,79,3.0,8,1,3202.0,1420.0,3168.0,3596.0,3533.0,4421.0,1203.0,2805.0,6.0,5300.0,2024,4,1,20
40,242673,18,242674,122,3.0,1,0,2109.0,6171.0,3398.0,5502.0,25509.0,1224.0,4275.0,3368.0,1199.0,4042.0,2024,4,1,20
40,242673,18,242674,122,3.0,4,0,2109.0,6171.0,3398.0,5502.0,25509.0,1224.0,4275.0,3368.0,1199.0,4042.0,2024,4,1,20
40,242677,14,242678,20,3.0,1,0,570.0,135.0,1942.0,2765.0,58.0,1008.0,1892.0,2070.0,3059.0,4543.0,2024,4,1,20
40,242677,14,242678,20,3.0,4,0,570.0,135.0,1942.0,2765.0,58.0,1008.0,1892.0,2070.0,3059.0,4543.0,2024,4,1,20
40,242667,17,242668,122,3.0,3,1,1008.0,1892.0,2070.0,3059.0,4543.0,1224.0,4275.0,3368.0,1199.0,4042.0,2024,4,1,16
40,242667,17,242668,122,3.0,6,1,1008.0,1892.0,2070.0,3059.0,4543.0,1224.0,4275.0,3368.0,1199.0,4042.0,2024,4,1,16
40,242669,117,242670,135,3.0,1,0,3202.0,1420.0,3168.0,3596.0,3533.0,143.0,773.0,5114.0,3396.0,4080.0,2024,4,1,16
40,242669,117,242670,135,3.0,0,0,3202.0,1420.0,3168.0,3596.0,3533.0,143.0,773.0,5114.0,3396.0,4080.0,2024,4,1,16
40,242669,117,242670,135,3.0,5,1,3202.0,1420.0,3168.0,3596.0,3533.0,143.0,773.0,5114.0,3396.0,4080.0,2024,4,1,16
40,242665,14,242666,22,3.0,0,1,570.0,135.0,1942.0,2765.0,58.0,2109.0,6171.0,3398.0,5502.0,25509.0,2024,4,1,16
40,242665,14,242666,22,3.0,1,1,570.0,135.0,1942.0,2765.0,58.0,2109.0,6171.0,3398.0,5502.0,25509.0,2024,4,1,16
97,242299,63,242300,128,3.0,4,1,27.0,692.0,28.0,146.0,704.0,1401.0,169.0,2179.0,1834.0,2934.0,2024,3,6,21
97,242299,63,242300,128,3.0,0,0,27.0,692.0,28.0,146.0,704.0,1401.0,169.0,2179.0,1834.0,2934.0,2024,3,6,21
97,242299,63,242300,128,3.0,3,0,27.0,692.0,28.0,146.0,704.0,1401.0,169.0,2179.0,1834.0,2934.0,2024,3,6,21
97,242303,122,242304,73,3.0,5,0,1401.0,169.0,2179.0,1834.0,2934.0,26.0,2041.0,416.0,736.0,273.0,2024,3,5,22
97,242303,122,242304,73,3.0,1,1,1401.0,169.0,2179.0,1834.0,2934.0,26.0,2041.0,416.0,736.0,273.0,2024,3,5,22
97,242303,122,242304,73,3.0,0,1,1401.0,169.0,2179.0,1834.0,2934.0,26.0,2041.0,416.0,736.0,273.0,2024,3,5,22
97,242301,63,242302,199,3.0,3,1,27.0,692.0,28.0,146.0,704.0,19.0,550.0,3060.0,1549.0,1443.0,2024,3,5,19
97,242301,63,242302,199,3.0,5,1,27.0,692.0,28.0,146.0,704.0,19.0,550.0,3060.0,1549.0,1443.0,2024,3,5,19
97,242301,63,242302,199,3.0,8,0,27.0,692.0,28.0,146.0,704.0,19.0,550.0,3060.0,1549.0,1443.0,2024,3,5,19
97,242239,71,242240,118,3.0,3,1,26.0,2041.0,416.0,736.0,273.0,2126.0,3121.0,2726.0,2200.0,315.0,2024,3,4,22
97,242239,71,242240,118,3.0,8,1,26.0,2041.0,416.0,736.0,273.0,2126.0,3121.0,2726.0,2200.0,315.0,2024,3,4,22
97,242235,57,242236,128,3.0,4,0,158.0,4903.0,156.0,157.0,197.0,1401.0,169.0,2179.0,1834.0,2934.0,2024,3,4,19
97,242235,57,242236,128,3.0,3,0,158.0,4903.0,156.0,157.0,197.0,1401.0,169.0,2179.0,1834.0,2934.0,2024,3,4,19
97,242237,175,242238,63,3.0,8,0,1003.0,295.0,3397.0,4710.0,965.0,27.0,692.0,28.0,146.0,704.0,2024,3,3,22
97,242237,175,242238,63,3.0,5,1,1003.0,295.0,3397.0,4710.0,965.0,27.0,692.0,28.0,146.0,704.0,2024,3,3,22
97,242237,175,242238,63,3.0,4,0,1003.0,295.0,3397.0,4710.0,965.0,27.0,692.0,28.0,146.0,704.0,2024,3,3,22
97,242139,177,242140,41,3.0,3,1,19.0,550.0,3060.0,1549.0,1443.0,553.0,39.0,612.0,163.0,457.0,2024,3,3,19
97,242139,177,242140,41,3.0,1,1,19.0,550.0,3060.0,1549.0,1443.0,553.0,39.0,612.0,163.0,457.0,2024,3,3,19
97,242107,122,242108,227,3.0,5,1,1401.0,169.0,2179.0,1834.0,2934.0,690.0,3746.0,2710.0,1871.0,3447.0,2024,3,6,21
97,242107,122,242108,227,3.0,4,1,1401.0,169.0,2179.0,1834.0,2934.0,690.0,3746.0,2710.0,1871.0,3447.0,2024,3,6,21
97,242093,187,242094,73,3.0,6,1,572.0,493.0,266.0,2785.0,178.0,26.0,2041.0,416.0,736.0,273.0,2024,3,6,16
97,242093,187,242094,73,3.0,1,0,572.0,493.0,266.0,2785.0,178.0,26.0,2041.0,416.0,736.0,273.0,2024,3,6,16
97,242093,187,242094,73,3.0,3,0,572.0,493.0,266.0,2785.0,178.0,26.0,2041.0,416.0,736.0,273.0,2024,3,6,16
97,242091,43,242092,63,3.0,5,0,472.0,532.0,749.0,540.0,32.0,27.0,692.0,28.0,146.0,704.0,2024,3,6,15
97,242091,43,242092,63,3.0,6,0,472.0,532.0,749.0,540.0,32.0,27.0,692.0,28.0,146.0,704.0,2024,3,6,15
97,242045,42,242046,128,3.0,6,1,553.0,39.0,612.0,163.0,457.0,1401.0,169.0,2179.0,1834.0,2934.0,2024,3,5,22
97,242045,42,242046,128,3.0,4,0,553.0,39.0,612.0,163.0,457.0,1401.0,169.0,2179.0,1834.0,2934.0,2024,3,5,22
97,242045,42,242046,128,3.0,0,1,553.0,39.0,612.0,163.0,457.0,1401.0,169.0,2179.0,1834.0,2934.0,2024,3,5,22
97,242049,85,242050,227,3.0,4,0,945.0,709.0,1548.0,2152.0,2611.0,690.0,3746.0,2710.0,1871.0,3447.0,2024,3,5,21
97,242049,85,242050,227,3.0,5,0,945.0,709.0,1548.0,2152.0,2611.0,690.0,3746.0,2710.0,1871.0,3447.0,2024,3,5,21
97,242051,49,242052,73,3.0,8,1,3241.0,1676.0,5128.0,708.0,3457.0,26.0,2041.0,416.0,736.0,273.0,2024,3,5,18
97,242051,49,242052,73,3.0,1,0,3241.0,1676.0,5128.0,708.0,3457.0,26.0,2041.0,416.0,736.0,273.0,2024,3,5,18
97,242051,49,242052,73,3.0,3,0,3241.0,1676.0,5128.0,708.0,3457.0,26.0,2041.0,416.0,736.0,273.0,2024,3,5,18
97,242043,43,242044,199,3.0,1,0,472.0,532.0,749.0,540.0,32.0,19.0,550.0,3060.0,1549.0,1443.0,2024,3,5,18
97,242043,43,242044,199,3.0,8,1,472.0,532.0,749.0,540.0,32.0,19.0,550.0,3060.0,1549.0,1443.0,2024,3,5,18
97,242043,43,242044,199,3.0,3,0,472.0,532.0,749.0,540.0,32.0,19.0,550.0,3060.0,1549.0,1443.0,2024,3,5,18
97,242047,90,242048,63,3.0,1,1,627.0,7944.0,3749.0,142.0,147.0,27.0,692.0,28.0,146.0,704.0,2024,3,5,15
97,242047,90,242048,63,3.0,5,0,627.0,7944.0,3749.0,142.0,147.0,27.0,692.0,28.0,146.0,704.0,2024,3,5,15
97,242047,90,242048,63,3.0,4,0,627.0,7944.0,3749.0,142.0,147.0,27.0,692.0,28.0,146.0,704.0,2024,3,5,15
97,242041,57,242042,214,3.0,8,1,158.0,4903.0,156.0,157.0,197.0,572.0,493.0,266.0,2785.0,178.0,2024,3,5,15
97,242041,57,242042,214,3.0,6,0,158.0,4903.0,156.0,157.0,197.0,572.0,493.0,266.0,2785.0,178.0,2024,3,5,15
97,242041,57,242042,214,3.0,3,1,158.0,4903.0,156.0,157.0,197.0,572.0,493.0,266.0,2785.0,178.0,2024,3,5,15
97,241997,49,241998,61,3.0,3,0,3241.0,1676.0,5128.0,708.0,3457.0,626.0,625.0,628.0,1.0,204.0,2024,3,4,21
97,241997,49,241998,61,3.0,0,1,3241.0,1676.0,5128.0,708.0,3457.0,626.0,625.0,628.0,1.0,204.0,2024,3,4,21
97,241997,49,241998,61,3.0,6,1,3241.0,1676.0,5128.0,708.0,3457.0,626.0,625.0,628.0,1.0,204.0,2024,3,4,21
97,242001,122,242002,196,3.0,5,1,1401.0,169.0,2179.0,1834.0,2934.0,1003.0,295.0,3397.0,4710.0,965.0,2024,3,4,19
97,242001,122,242002,196,3.0,0,0,1401.0,169.0,2179.0,1834.0,2934.0,1003.0,295.0,3397.0,4710.0,965.0,2024,3,4,19
97,242001,122,242002,196,3.0,4,0,1401.0,169.0,2179.0,1834.0,2934.0,1003.0,295.0,3397.0,4710.0,965.0,2024,3,4,19
97,241999,200,242000,203,3.0,4,0,690.0,3746.0,2710.0,1871.0,3447.0,3020.0,3192.0,4765.0,3526.0,5827.0,2024,3,4,17
97,241999,200,242000,203,3.0,5,1,690.0,3746.0,2710.0,1871.0,3447.0,3020.0,3192.0,4765.0,3526.0,5827.0,2024,3,4,17
97,241999,200,242000,203,3.0,3,1,690.0,3746.0,2710.0,1871.0,3447.0,3020.0,3192.0,4765.0,3526.0,5827.0,2024,3,4,17
97,241995,112,241996,42,3.0,6,1,2126.0,3121.0,2726.0,2200.0,315.0,472.0,532.0,749.0,540.0,32.0,2024,3,4,17
97,241995,112,241996,42,3.0,0,1,2126.0,3121.0,2726.0,2200.0,315.0,472.0,532.0,749.0,540.0,32.0,2024,3,4,17
97,242007,90,242008,199,1.0,6,0,627.0,7944.0,3749.0,142.0,147.0,19.0,550.0,3060.0,1549.0,1443.0,2024,3,4,16
97,242005,57,242006,63,1.0,6,1,158.0,4903.0,156.0,157.0,197.0,27.0,692.0,28.0,146.0,704.0,2024,3,4,16
97,242009,71,242010,41,1.0,1,0,26.0,2041.0,416.0,736.0,273.0,553.0,39.0,612.0,163.0,457.0,2024,3,4,15
97,242003,85,242004,214,1.0,0,0,945.0,709.0,1548.0,2152.0,2611.0,572.0,493.0,266.0,2785.0,178.0,2024,3,4,15
97,241935,175,241936,96,1.0,4,1,1003.0,295.0,3397.0,4710.0,965.0,627.0,7944.0,3749.0,142.0,147.0,2024,3,4,0
97,241933,63,241934,61,1.0,0,1,27.0,692.0,28.0,146.0,704.0,626.0,625.0,628.0,1.0,204.0,2024,3,3,23
97,241927,122,241928,73,1.0,5,1,1401.0,169.0,2179.0,1834.0,2934.0,26.0,2041.0,416.0,736.0,273.0,2024,3,3,23
97,241931,42,241932,49,1.0,6,1,553.0,39.0,612.0,163.0,457.0,3241.0,1676.0,5128.0,708.0,3457.0,2024,3,3,22
97,241929,187,241930,227,1.0,3,1,572.0,493.0,266.0,2785.0,178.0,690.0,3746.0,2710.0,1871.0,3447.0,2024,3,3,21
97,241925,43,241926,89,1.0,8,1,472.0,532.0,749.0,540.0,32.0,945.0,709.0,1548.0,2152.0,2611.0,2024,3,3,21
97,241921,112,241922,57,1.0,8,1,2126.0,3121.0,2726.0,2200.0,315.0,158.0,4903.0,156.0,157.0,197.0,2024,3,3,20
97,241923,177,241924,203,1.0,5,1,19.0,550.0,3060.0,1549.0,1443.0,3020.0,3192.0,4765.0,3526.0,5827.0,2024,3,3,20
97,241907,175,241908,41,1.0,0,1,1003.0,295.0,3397.0,4710.0,965.0,553.0,39.0,612.0,163.0,457.0,2024,3,3,18
97,241919,71,241920,61,1.0,3,1,26.0,2041.0,416.0,736.0,273.0,626.0,625.0,628.0,1.0,204.0,2024,3,3,18
97,241905,63,241906,89,1.0,0,0,27.0,692.0,28.0,146.0,704.0,945.0,709.0,1548.0,2152.0,2611.0,2024,3,3,17
97,241913,43,241914,227,1.0,8,1,472.0,532.0,749.0,540.0,32.0,690.0,3746.0,2710.0,1871.0,3447.0,2024,3,3,17
97,241909,177,241910,57,1.0,3,0,19.0,550.0,3060.0,1549.0,1443.0,158.0,4903.0,156.0,157.0,197.0,2024,3,3,16
97,241915,187,241916,96,1.0,3,0,572.0,493.0,266.0,2785.0,178.0,627.0,7944.0,3749.0,142.0,147.0,2024,3,3,16
97,241911,112,241912,49,1.0,6,1,2126.0,3121.0,2726.0,2200.0,315.0,3241.0,1676.0,5128.0,708.0,3457.0,2024,3,3,15
97,241917,122,241918,203,1.0,4,1,1401.0,169.0,2179.0,1834.0,2934.0,3020.0,3192.0,4765.0,3526.0,5827.0,2024,3,3,15
97,241879,153,241880,61,3.0,8,0,928.0,3110.0,3517.0,3112.0,927.0,626.0,625.0,628.0,1.0,204.0,2024,3,2,20
97,241879,153,241880,61,3.0,0,0,928.0,3110.0,3517.0,3112.0,927.0,626.0,625.0,628.0,1.0,204.0,2024,3,2,20
97,241877,90,241878,79,3.0,4,1,627.0,7944.0,3749.0,142.0,147.0,641.0,1203.0,862.0,2805.0,6.0,2024,3,2,16
97,241877,90,241878,79,3.0,5,1,627.0,7944.0,3749.0,142.0,147.0,641.0,1203.0,862.0,2805.0,6.0,2024,3,2,16
97,241877,90,241878,79,3.0,6,0,627.0,7944.0,3749.0,142.0,147.0,641.0,1203.0,862.0,2805.0,6.0,2024,3,2,16
97,241753,49,241754,96,3.0,3,0,3241.0,1676.0,5128.0,708.0,3457.0,627.0,7944.0,3749.0,142.0,147.0,2024,3,1,20
97,241753,49,241754,96,3.0,1,1,3241.0,1676.0,5128.0,708.0,3457.0,627.0,7944.0,3749.0,142.0,147.0,2024,3,1,20
97,241753,49,241754,96,3.0,8,1,3241.0,1676.0,5128.0,708.0,3457.0,627.0,7944.0,3749.0,142.0,147.0,2024,3,1,20
97,241757,50,241758,61,3.0,4,0,696.0,15.0,948.0,1627.0,789.0,626.0,625.0,628.0,1.0,204.0,2024,3,1,20
97,241757,50,241758,61,3.0,0,0,696.0,15.0,948.0,1627.0,789.0,626.0,625.0,628.0,1.0,204.0,2024,3,1,20
97,241749,153,241750,227,3.0,5,0,928.0,3110.0,3517.0,3112.0,927.0,690.0,3746.0,2710.0,1871.0,3447.0,2024,3,1,17
97,241749,153,241750,227,3.0,8,0,928.0,3110.0,3517.0,3112.0,927.0,690.0,3746.0,2710.0,1871.0,3447.0,2024,3,1,17
97,241751,107,241752,17,3.0,3,1,3.0,997.0,1165.0,205.0,8499.0,570.0,135.0,1942.0,2765.0,58.0,2024,3,1,17
97,241751,107,241752,17,3.0,0,1,3.0,997.0,1165.0,205.0,8499.0,570.0,135.0,1942.0,2765.0,58.0,2024,3,1,17
97,241747,57,241748,79,3.0,8,1,158.0,4903.0,156.0,157.0,197.0,641.0,1203.0,862.0,2805.0,6.0,2024,3,1,15
97,241747,57,241748,79,3.0,3,1,158.0,4903.0,156.0,157.0,197.0,641.0,1203.0,862.0,2805.0,6.0,2024,3,1,15
97,241747,57,241748,79,3.0,6,0,158.0,4903.0,156.0,157.0,197.0,641.0,1203.0,862.0,2805.0,6.0,2024,3,1,15
97,241745,108,241746,203,3.0,0,0,1271.0,1270.0,2159.0,7709.0,3062.0,3020.0,3192.0,4765.0,3526.0,5827.0,2024,3,1,15
97,241745,108,241746,203,3.0,1,0,1271.0,1270.0,2159.0,7709.0,3062.0,3020.0,3192.0,4765.0,3526.0,5827.0,2024,3,1,15
97,241673,42,241674,169,3.0,1,1,553.0,39.0,612.0,163.0,457.0,928.0,3110.0,3517.0,3112.0,927.0,2024,3,0,19
97,241673,42,241674,169,3.0,5,1,553.0,39.0,612.0,163.0,457.0,928.0,3110.0,3517.0,3112.0,927.0,2024,3,0,19
97,241669,85,241670,57,3.0,8,1,945.0,709.0,1548.0,2152.0,2611.0,158.0,4903.0,156.0,157.0,197.0,2024,3,0,16
97,241669,85,241670,57,3.0,4,1,945.0,709.0,1548.0,2152.0,2611.0,158.0,4903.0,156.0,157.0,197.0,2024,3,0,16
97,241671,181,241672,10,3.0,5,1,3020.0,3192.0,4765.0,3526.0,5827.0,932.0,3464.0,1436.0,5156.0,961.0,2024,3,0,16
97,241671,181,241672,10,3.0,3,1,3020.0,3192.0,4765.0,3526.0,5827.0,932.0,3464.0,1436.0,5156.0,961.0,2024,3,0,16
97,241671,181,241672,10,3.0,4,0,3020.0,3192.0,4765.0,3526.0,5827.0,932.0,3464.0,1436.0,5156.0,961.0,2024,3,0,16
97,241665,75,241666,112,1.0,8,1,641.0,1203.0,862.0,2805.0,6.0,3.0,997.0,1165.0,205.0,8499.0,2024,3,0,16
97,241667,49,241668,114,1.0,6,1,3241.0,1676.0,5128.0,708.0,3457.0,1271.0,1270.0,2159.0,7709.0,3062.0,2024,3,0,15
97,241663,200,241664,50,1.0,5,1,690.0,3746.0,2710.0,1871.0,3447.0,696.0,15.0,948.0,1627.0,789.0,2024,3,0,15
97,241661,90,241662,17,1.0,6,1,627.0,7944.0,3749.0,142.0,147.0,570.0,135.0,1942.0,2765.0,58.0,2024,3,0,15
97,241651,61,241652,114,1.0,5,0,626.0,625.0,628.0,1.0,204.0,1271.0,1270.0,2159.0,7709.0,3062.0,2024,3,0,0
97,241653,75,241654,169,1.0,8,0,641.0,1203.0,862.0,2805.0,6.0,928.0,3110.0,3517.0,3112.0,927.0,2024,3,0,0
97,241649,42,241650,112,1.0,6,1,553.0,39.0,612.0,163.0,457.0,3.0,997.0,1165.0,205.0,8499.0,2024,3,6,23
97,241645,85,241646,96,1.0,4,1,945.0,709.0,1548.0,2152.0,2611.0,627.0,7944.0,3749.0,142.0,147.0,2024,3,6,22
97,241643,14,241644,10,1.0,6,1,570.0,135.0,1942.0,2765.0,58.0,932.0,3464.0,1436.0,5156.0,961.0,2024,3,6,22
97,241639,49,241640,203,1.0,5,1,3241.0,1676.0,5128.0,708.0,3457.0,3020.0,3192.0,4765.0,3526.0,5827.0,2024,3,6,21
97,241641,200,241642,57,1.0,1,0,690.0,3746.0,2710.0,1871.0,3447.0,158.0,4903.0,156.0,157.0,197.0,2024,3,6,21
97,240553,61,240554,112,1.0,0,0,626.0,625.0,628.0,1.0,204.0,3.0,997.0,1165.0,205.0,8499.0,2024,3,6,19
97,240547,85,240548,114,1.0,5,1,945.0,709.0,1548.0,2152.0,2611.0,1271.0,1270.0,2159.0,7709.0,3062.0,2024,3,6,17
97,240543,50,240544,96,1.0,1,0,696.0,15.0,948.0,1627.0,789.0,627.0,7944.0,3749.0,142.0,147.0,2024,3,6,16
97,240545,14,240546,227,1.0,8,0,570.0,135.0,1942.0,2765.0,58.0,690.0,3746.0,2710.0,1871.0,3447.0,2024,3,6,16
97,240539,42,240540,49,1.0,0,1,553.0,39.0,612.0,163.0,457.0,3241.0,1676.0,5128.0,708.0,3457.0,2024,3,6,15
97,240541,57,240542,203,1.0,5,1,158.0,4903.0,156.0,157.0,197.0,3020.0,3192.0,4765.0,3526.0,5827.0,2024,3,6,15
41,242635,115,242636,20,3.0,0,0,1224.0,4275.0,3368.0,1199.0,4042.0,1008.0,1892.0,2070.0,3059.0,2988.0,2024,3,2,22
41,242635,115,242636,20,3.0,3,1,1224.0,4275.0,3368.0,1199.0,4042.0,1008.0,1892.0,2070.0,3059.0,2988.0,2024,3,2,22
41,242635,115,242636,20,3.0,6,0,1224.0,4275.0,3368.0,1199.0,4042.0,1008.0,1892.0,2070.0,3059.0,2988.0,2024,3,2,22
66,241165,85,241166,122,3.0,8,1,945.0,709.0,1548.0,2152.0,2611.0,1224.0,4275.0,3368.0,1199.0,4042.0,2024,3,2,17
66,241165,85,241166,122,3.0,1,1,945.0,709.0,1548.0,2152.0,2611.0,1224.0,4275.0,3368.0,1199.0,4042.0,2024,3,2,17
66,241161,187,241162,89,3.0,6,1,572.0,493.0,266.0,2785.0,178.0,945.0,709.0,1548.0,2152.0,2611.0,2024,3,1,21
66,241161,187,241162,89,3.0,4,1,572.0,493.0,266.0,2785.0,178.0,945.0,709.0,1548.0,2152.0,2611.0,2024,3,1,21
66,241159,14,241160,122,3.0,0,1,570.0,135.0,1942.0,2765.0,58.0,1224.0,4275.0,3368.0,1199.0,4042.0,2024,3,1,17
66,241159,14,241160,122,3.0,4,0,570.0,135.0,1942.0,2765.0,58.0,1224.0,4275.0,3368.0,1199.0,4042.0,2024,3,1,17
66,241159,14,241160,122,3.0,3,0,570.0,135.0,1942.0,2765.0,58.0,1224.0,4275.0,3368.0,1199.0,4042.0,2024,3,1,17
66,241157,50,241158,22,3.0,0,0,696.0,15.0,948.0,1627.0,789.0,2109.0,3396.0,3398.0,5502.0,25509.0,2024,3,1,17
66,241157,50,241158,22,3.0,4,1,696.0,15.0,948.0,1627.0,789.0,2109.0,3396.0,3398.0,5502.0,25509.0,2024,3,1,17
66,241157,50,241158,22,3.0,5,0,696.0,15.0,948.0,1627.0,789.0,2109.0,3396.0,3398.0,5502.0,25509.0,2024,3,1,17
66,241149,187,241150,17,3.0,6,1,572.0,493.0,266.0,2785.0,178.0,570.0,135.0,1942.0,2765.0,58.0,2024,3,0,22
66,241149,187,241150,17,3.0,1,0,572.0,493.0,266.0,2785.0,178.0,570.0,135.0,1942.0,2765.0,58.0,2024,3,0,22
66,241149,187,241150,17,3.0,4,1,572.0,493.0,266.0,2785.0,178.0,570.0,135.0,1942.0,2765.0,58.0,2024,3,0,22
66,241151,85,241152,50,3.0,0,1,945.0,709.0,1548.0,2152.0,2611.0,696.0,15.0,948.0,1627.0,789.0,2024,3,0,21
66,241151,85,241152,50,3.0,5,0,945.0,709.0,1548.0,2152.0,2611.0,696.0,15.0,948.0,1627.0,789.0,2024,3,0,21
66,241151,85,241152,50,3.0,6,1,945.0,709.0,1548.0,2152.0,2611.0,696.0,15.0,948.0,1627.0,789.0,2024,3,0,21
66,241155,143,241156,122,3.0,8,1,3785.0,1091.0,488.0,739.0,12.0,1224.0,4275.0,3368.0,1199.0,4042.0,2024,3,0,21
66,241155,143,241156,122,3.0,3,0,3785.0,1091.0,488.0,739.0,12.0,1224.0,4275.0,3368.0,1199.0,4042.0,2024,3,0,21
66,241155,143,241156,122,3.0,0,0,3785.0,1091.0,488.0,739.0,12.0,1224.0,4275.0,3368.0,1199.0,4042.0,2024,3,0,21
66,241003,115,241004,50,3.0,8,1,1224.0,4275.0,3368.0,1199.0,4042.0,696.0,15.0,948.0,1627.0,789.0,2024,3,0,17
66,241003,115,241004,50,3.0,5,0,1224.0,4275.0,3368.0,1199.0,4042.0,696.0,15.0,948.0,1627.0,789.0,2024,3,0,17
66,241003,115,241004,50,3.0,0,0,1224.0,4275.0,3368.0,1199.0,4042.0,696.0,15.0,948.0,1627.0,789.0,2024,3,0,17
66,240997,187,240998,22,3.0,1,1,572.0,493.0,266.0,2785.0,178.0,2109.0,3396.0,3398.0,5502.0,25509.0,2024,3,0,17
66,241001,85,241002,153,3.0,0,1,945.0,709.0,1548.0,2152.0,2611.0,3785.0,1091.0,488.0,739.0,12.0,2024,3,0,17
66,241001,85,241002,153,3.0,5,1,945.0,709.0,1548.0,2152.0,2611.0,3785.0,1091.0,488.0,739.0,12.0,2024,3,0,17
66,240593,8,240594,220,1.0,3,1,932.0,3464.0,1436.0,5156.0,961.0,1644.0,4379.0,5198.0,5271.0,700.0,2024,3,1,20
66,240417,49,240418,176,1.0,6,1,3241.0,1676.0,5128.0,708.0,3457.0,145.0,1675.0,1673.0,1666.0,2190.0,2024,3,6,20
66,240425,148,240426,122,1.0,0,0,959.0,7526.0,7527.0,7528.0,3915.0,1224.0,4275.0,3368.0,1199.0,4042.0,2024,3,6,20
17,240239,115,240240,196,3.0,8,1,1224.0,4275.0,3368.0,1199.0,4042.0,1003.0,295.0,3397.0,4710.0,965.0,2024,3,6,22
17,240239,115,240240,196,3.0,5,0,1224.0,4275.0,3368.0,1199.0,4042.0,1003.0,295.0,3397.0,4710.0,965.0,2024,3,6,22
17,240239,115,240240,196,3.0,4,0,1224.0,4275.0,3368.0,1199.0,4042.0,1003.0,295.0,3397.0,4710.0,965.0,2024,3,6,22
17,240237,153,240238,142,3.0,0,1,928.0,3110.0,3517.0,3112.0,927.0,994.0,2989.0,507.0,4029.0,2991.0,2024,3,6,20
17,240237,153,240238,142,3.0,6,1,928.0,3110.0,3517.0,3112.0,927.0,994.0,2989.0,507.0,4029.0,2991.0,2024,3,6,20
17,240235,175,240236,27,3.0,8,1,1003.0,295.0,3397.0,4710.0,965.0,1958.0,164.0,1824.0,1685.0,465.0,2024,3,5,22
17,240235,175,240236,27,3.0,1,1,1003.0,295.0,3397.0,4710.0,965.0,1958.0,164.0,1824.0,1685.0,465.0,2024,3,5,22
17,240233,115,240234,124,3.0,8,1,1224.0,4275.0,3368.0,1199.0,4042.0,3202.0,1420.0,3168.0,5458.0,607.0,2024,3,5,19
17,240233,115,240234,124,3.0,4,1,1224.0,4275.0,3368.0,1199.0,4042.0,3202.0,1420.0,3168.0,5458.0,607.0,2024,3,5,19
17,240229,42,240230,169,3.0,5,0,553.0,39.0,612.0,163.0,457.0,928.0,3110.0,3517.0,3112.0,927.0,2024,3,4,22
17,240229,42,240230,169,3.0,6,0,553.0,39.0,612.0,163.0,457.0,928.0,3110.0,3517.0,3112.0,927.0,2024,3,4,22
17,240227,75,240228,27,3.0,6,1,641.0,1203.0,862.0,2805.0,6.0,1958.0,164.0,1824.0,1685.0,465.0,2024,3,4,19
17,240227,75,240228,27,3.0,0,0,641.0,1203.0,862.0,2805.0,6.0,1958.0,164.0,1824.0,1685.0,465.0,2024,3,4,19
17,240227,75,240228,27,3.0,8,0,641.0,1203.0,862.0,2805.0,6.0,1958.0,164.0,1824.0,1685.0,465.0,2024,3,4,19
17,240225,175,240226,53,3.0,8,1,1003.0,295.0,3397.0,4710.0,965.0,2517.0,2518.0,2516.0,6336.0,4482.0,2024,3,4,17
17,240225,175,240226,53,3.0,4,1,1003.0,295.0,3397.0,4710.0,965.0,2517.0,2518.0,2516.0,6336.0,4482.0,2024,3,4,17
17,240223,117,240224,96,3.0,5,1,3202.0,1420.0,3168.0,5458.0,607.0,627.0,7944.0,3749.0,142.0,147.0,2024,3,4,0
17,240223,117,240224,96,3.0,4,1,3202.0,1420.0,3168.0,5458.0,607.0,627.0,7944.0,3749.0,142.0,147.0,2024,3,4,0
17,240219,43,240220,142,3.0,0,0,472.0,532.0,749.0,540.0,32.0,994.0,2989.0,507.0,4029.0,3459.0,2024,3,3,21
17,240219,43,240220,142,3.0,1,0,472.0,532.0,749.0,540.0,32.0,994.0,2989.0,507.0,4029.0,3459.0,2024,3,3,21
17,240219,43,240220,142,3.0,3,1,472.0,532.0,749.0,540.0,32.0,994.0,2989.0,507.0,4029.0,3459.0,2024,3,3,21
17,240215,168,240216,169,3.0,5,0,78.0,564.0,983.0,439.0,35.0,928.0,3110.0,3517.0,3112.0,927.0,2024,3,3,17
17,240215,168,240216,169,3.0,0,0,78.0,564.0,983.0,439.0,35.0,928.0,3110.0,3517.0,3112.0,927.0,2024,3,3,17
17,240215,168,240216,169,3.0,3,1,78.0,564.0,983.0,439.0,35.0,928.0,3110.0,3517.0,3112.0,927.0,2024,3,3,17
17,240221,167,240222,122,3.0,6,0,150.0,41.0,982.0,1661.0,44.0,1224.0,4275.0,3368.0,1199.0,4042.0,2024,3,2,22
17,240221,167,240222,122,3.0,8,0,150.0,41.0,982.0,1661.0,44.0,1224.0,4275.0,3368.0,1199.0,4042.0,2024,3,2,22
17,240221,167,240222,122,3.0,4,1,150.0,41.0,982.0,1661.0,44.0,1224.0,4275.0,3368.0,1199.0,4042.0,2024,3,2,22
17,240217,85,240218,135,3.0,8,1,945.0,709.0,1548.0,2152.0,2611.0,588.0,7328.0,5114.0,7292.0,4080.0,2024,3,2,19
17,240217,85,240218,135,3.0,4,1,945.0,709.0,1548.0,2152.0,2611.0,588.0,7328.0,5114.0,7292.0,4080.0,2024,3,2,19
17,240213,42,240214,161,3.0,1,1,553.0,39.0,612.0,163.0,457.0,268.0,159.0,1316.0,2127.0,1111.0,2024,3,2,17
17,240213,42,240214,161,3.0,4,1,553.0,39.0,612.0,163.0,457.0,268.0,159.0,1316.0,2127.0,1111.0,2024,3,2,17
88,240487,43,240488,189,3.0,1,1,472.0,532.0,749.0,540.0,32.0,78.0,564.0,983.0,439.0,35.0,2024,3,1,0
88,240487,43,240488,189,3.0,3,0,472.0,532.0,749.0,540.0,32.0,78.0,564.0,983.0,439.0,35.0,2024,3,1,0
88,240487,43,240488,189,3.0,6,1,472.0,532.0,749.0,540.0,32.0,78.0,564.0,983.0,439.0,35.0,2024,3,1,0
88,240483,200,240484,141,3.0,8,1,690.0,3746.0,2710.0,1871.0,3447.0,2271.0,4440.0,1455.0,889.0,2257.0,2024,3,0,19
88,240483,200,240484,141,3.0,3,1,690.0,3746.0,2710.0,1871.0,3447.0,2271.0,4440.0,1455.0,889.0,2257.0,2024,3,0,19
88,240437,107,240438,116,1.0,1,1,3.0,997.0,1165.0,205.0,8499.0,216.0,4498.0,4574.0,1507.0,2707.0,2024,3,0,0
88,240437,107,240438,116,1.0,8,1,3.0,997.0,1165.0,205.0,8499.0,216.0,4498.0,4574.0,1507.0,2707.0,2024,3,0,0
88,240435,61,240436,42,1.0,5,1,625.0,626.0,628.0,1.0,204.0,472.0,532.0,749.0,540.0,32.0,2024,3,6,22
88,240435,61,240436,42,1.0,6,1,625.0,626.0,628.0,1.0,204.0,472.0,532.0,749.0,540.0,32.0,2024,3,6,22
88,240435,61,240436,42,1.0,8,0,625.0,626.0,628.0,1.0,204.0,472.0,532.0,749.0,540.0,32.0,2024,3,6,22
88,240433,145,240434,141,1.0,1,0,629.0,5028.0,996.0,888.0,1913.0,2271.0,4440.0,1455.0,889.0,2257.0,2024,3,6,22
88,240433,145,240434,141,1.0,6,1,629.0,5028.0,996.0,888.0,1913.0,2271.0,4440.0,1455.0,889.0,2257.0,2024,3,6,22
88,240433,145,240434,141,1.0,5,0,629.0,5028.0,996.0,888.0,1913.0,2271.0,4440.0,1455.0,889.0,2257.0,2024,3,6,22
88,240431,200,240432,96,1.0,5,0,690.0,3746.0,2710.0,1871.0,3447.0,627.0,7944.0,3749.0,142.0,147.0,2024,3,6,21
88,240431,200,240432,96,1.0,4,0,690.0,3746.0,2710.0,1871.0,3447.0,627.0,7944.0,3749.0,142.0,147.0,2024,3,6,21
88,240407,130,240408,112,3.0,8,1,1696.0,1987.0,546.0,3274.0,1166.0,3.0,997.0,1165.0,205.0,8499.0,2024,3,5,23
88,240407,130,240408,112,3.0,3,0,1696.0,1987.0,546.0,3274.0,1166.0,3.0,997.0,1165.0,205.0,8499.0,2024,3,5,23
88,240407,130,240408,112,3.0,6,0,1696.0,1987.0,546.0,3274.0,1166.0,3.0,997.0,1165.0,205.0,8499.0,2024,3,5,23
88,240403,110,240404,127,3.0,3,1,216.0,4498.0,4574.0,1507.0,2707.0,746.0,82.0,192.0,1802.0,1017.0,2024,3,5,21
88,240403,110,240404,127,3.0,1,1,216.0,4498.0,4574.0,1507.0,2707.0,746.0,82.0,192.0,1802.0,1017.0,2024,3,5,21
88,240405,21,240406,215,3.0,1,0,877.0,1533.0,880.0,3357.0,5875.0,1778.0,530.0,6030.0,473.0,34.0,2024,3,5,21
88,240405,21,240406,215,3.0,4,0,877.0,1533.0,880.0,3357.0,5875.0,1778.0,530.0,6030.0,473.0,34.0,2024,3,5,21
88,240399,61,240400,189,1.0,4,1,625.0,626.0,628.0,1.0,204.0,78.0,564.0,983.0,439.0,35.0,2024,3,5,20
88,240397,200,240398,156,1.0,6,1,690.0,3746.0,2710.0,1871.0,3447.0,629.0,5028.0,996.0,888.0,1913.0,2024,3,5,19
88,240325,21,240326,189,1.0,3,0,877.0,1533.0,880.0,3357.0,5875.0,78.0,564.0,983.0,439.0,35.0,2024,3,5,1
88,240327,90,240328,127,1.0,6,1,627.0,7944.0,3749.0,142.0,147.0,746.0,82.0,192.0,1802.0,1017.0,2024,3,5,0
88,240321,200,240322,112,1.0,6,1,690.0,3746.0,2710.0,1871.0,3447.0,3.0,997.0,1165.0,205.0,8499.0,2024,3,5,0
88,240323,145,240324,215,1.0,5,1,629.0,5028.0,996.0,888.0,1913.0,1778.0,530.0,6030.0,473.0,34.0,2024,3,5,0
88,240313,61,240314,138,1.0,3,1,625.0,626.0,628.0,1.0,204.0,1696.0,1987.0,546.0,3274.0,1166.0,2024,3,4,22
89,240175,108,240176,85,3.0,1,1,1271.0,1270.0,2159.0,7709.0,3062.0,262.0,272.0,260.0,1050.0,209.0,2024,2,2,11
89,240175,108,240176,85,3.0,5,1,1271.0,1270.0,2159.0,7709.0,3062.0,262.0,272.0,260.0,1050.0,209.0,2024,2,2,11
89,240175,108,240176,85,3.0,8,0,1271.0,1270.0,2159.0,7709.0,3062.0,262.0,272.0,260.0,1050.0,209.0,2024,2,2,11
89,240163,181,240164,114,3.0,5,1,3020.0,3192.0,4765.0,3526.0,5827.0,1271.0,1270.0,2159.0,7709.0,3062.0,2024,2,2,5
89,240163,181,240164,114,3.0,0,1,3020.0,3192.0,4765.0,3526.0,5827.0,1271.0,1270.0,2159.0,7709.0,3062.0,2024,2,2,5
67,240115,61,240116,8,3.0,5,1,626.0,625.0,628.0,1.0,204.0,4393.0,2846.0,3760.0,5345.0,4530.0,2024,2,5,2
67,240115,61,240116,8,3.0,0,0,626.0,625.0,628.0,1.0,204.0,4393.0,2846.0,3760.0,5345.0,4530.0,2024,2,5,2
67,240115,61,240116,8,3.0,4,0,626.0,625.0,628.0,1.0,204.0,4393.0,2846.0,3760.0,5345.0,4530.0,2024,2,5,2
93,239951,75,239952,6,3.0,5,0,641.0,1203.0,862.0,2805.0,6.0,3289.0,42.0,1343.0,611.0,2068.0,2024,2,5,16
93,239951,75,239952,6,3.0,0,0,641.0,1203.0,862.0,2805.0,6.0,3289.0,42.0,1343.0,611.0,2068.0,2024,2,5,16
93,239951,75,239952,6,3.0,6,1,641.0,1203.0,862.0,2805.0,6.0,3289.0,42.0,1343.0,611.0,2068.0,2024,2,5,16
93,239949,75,239950,86,3.0,4,1,641.0,1203.0,862.0,2805.0,6.0,1004.0,957.0,958.0,1353.0,1355.0,2024,2,5,14
93,239949,75,239950,86,3.0,8,1,641.0,1203.0,862.0,2805.0,6.0,1004.0,957.0,958.0,1353.0,1355.0,2024,2,5,14
93,239815,68,239816,79,3.0,0,0,65.0,2049.0,18.0,4048.0,2995.0,641.0,1203.0,862.0,2805.0,6.0,2024,2,4,18
93,239815,68,239816,79,3.0,8,0,65.0,2049.0,18.0,4048.0,2995.0,641.0,1203.0,862.0,2805.0,6.0,2024,2,4,18
93,239817,82,239818,33,3.0,0,1,1004.0,957.0,958.0,1353.0,1355.0,966.0,2163.0,2936.0,1092.0,6143.0,2024,2,4,16
93,239817,82,239818,33,3.0,6,1,1004.0,957.0,958.0,1353.0,1355.0,966.0,2163.0,2936.0,1092.0,6143.0,2024,2,4,16
93,239819,5,239820,19,3.0,6,1,3289.0,42.0,1343.0,611.0,2068.0,11.0,495.0,3248.0,1757.0,484.0,2024,2,4,14
93,239819,5,239820,19,3.0,5,1,3289.0,42.0,1343.0,611.0,2068.0,11.0,495.0,3248.0,1757.0,484.0,2024,2,4,14
92,239811,85,239812,79,3.0,6,1,945.0,709.0,1548.0,2152.0,2611.0,641.0,1203.0,862.0,2805.0,6.0,2024,2,3,19
92,239811,85,239812,79,3.0,4,1,945.0,709.0,1548.0,2152.0,2611.0,641.0,1203.0,862.0,2805.0,6.0,2024,2,3,19
92,239807,50,239808,19,3.0,8,1,696.0,15.0,948.0,1627.0,789.0,11.0,495.0,3248.0,1757.0,484.0,2024,2,3,14
92,239807,50,239808,19,3.0,0,1,696.0,15.0,948.0,1627.0,789.0,11.0,495.0,3248.0,1757.0,484.0,2024,2,3,14
92,239771,175,239772,89,3.0,5,1,1003.0,295.0,3397.0,4710.0,965.0,945.0,709.0,1548.0,2152.0,2611.0,2024,2,2,19
92,239771,175,239772,89,3.0,1,1,1003.0,295.0,3397.0,4710.0,965.0,945.0,709.0,1548.0,2152.0,2611.0,2024,2,2,19
92,239773,82,239774,153,3.0,3,0,1004.0,957.0,958.0,1353.0,1355.0,3785.0,1091.0,488.0,739.0,12.0,2024,2,2,19
92,239773,82,239774,153,3.0,6,1,1004.0,957.0,958.0,1353.0,1355.0,3785.0,1091.0,488.0,739.0,12.0,2024,2,2,19
92,239767,177,239768,50,3.0,5,1,19.0,550.0,3060.0,1549.0,1443.0,696.0,15.0,948.0,1627.0,789.0,2024,2,2,17
92,239767,177,239768,50,3.0,8,1,19.0,550.0,3060.0,1549.0,1443.0,696.0,15.0,948.0,1627.0,789.0,2024,2,2,17
92,239769,134,239770,79,3.0,4,0,994.0,2989.0,507.0,4029.0,3459.0,641.0,1203.0,862.0,2805.0,6.0,2024,2,2,17
92,239769,134,239770,79,3.0,6,0,994.0,2989.0,507.0,4029.0,3459.0,641.0,1203.0,862.0,2805.0,6.0,2024,2,2,17
92,239765,117,239766,19,3.0,6,0,3202.0,1420.0,3168.0,607.0,3032.0,11.0,495.0,3248.0,1757.0,484.0,2024,2,2,14
92,239765,117,239766,19,3.0,0,0,3202.0,1420.0,3168.0,607.0,3032.0,11.0,495.0,3248.0,1757.0,484.0,2024,2,2,14
92,239765,117,239766,19,3.0,8,1,3202.0,1420.0,3168.0,607.0,3032.0,11.0,495.0,3248.0,1757.0,484.0,2024,2,2,14
92,239763,14,239764,49,3.0,1,1,570.0,135.0,1942.0,2765.0,58.0,3241.0,1676.0,5128.0,708.0,3457.0,2024,2,2,14
92,239763,14,239764,49,3.0,0,1,570.0,135.0,1942.0,2765.0,58.0,3241.0,1676.0,5128.0,708.0,3457.0,2024,2,2,14
92,239763,14,239764,49,3.0,3,0,570.0,135.0,1942.0,2765.0,58.0,3241.0,1676.0,5128.0,708.0,3457.0,2024,2,2,14
92,239747,141,239748,153,3.0,1,1,4986.0,2244.0,4435.0,1010.0,3228.0,3785.0,1091.0,488.0,739.0,12.0,2024,2,1,19
92,239747,141,239748,153,3.0,5,0,4986.0,2244.0,4435.0,1010.0,3228.0,3785.0,1091.0,488.0,739.0,12.0,2024,2,1,19
92,239747,141,239748,153,3.0,8,0,4986.0,2244.0,4435.0,1010.0,3228.0,3785.0,1091.0,488.0,739.0,12.0,2024,2,1,19
92,239749,175,239750,118,3.0,8,0,1003.0,295.0,3397.0,4710.0,965.0,2126.0,3121.0,2726.0,2200.0,315.0,2024,2,1,19
92,239749,175,239750,118,3.0,4,0,1003.0,295.0,3397.0,4710.0,965.0,2126.0,3121.0,2726.0,2200.0,315.0,2024,2,1,19
92,239745,177,239746,41,3.0,1,0,19.0,550.0,3060.0,1549.0,1443.0,553.0,39.0,612.0,163.0,457.0,2024,2,1,16
92,239745,177,239746,41,3.0,6,0,19.0,550.0,3060.0,1549.0,1443.0,553.0,39.0,612.0,163.0,457.0,2024,2,1,16
92,239745,177,239746,41,3.0,3,1,19.0,550.0,3060.0,1549.0,1443.0,553.0,39.0,612.0,163.0,457.0,2024,2,1,16
92,239741,75,239742,50,1.0,5,0,641.0,1203.0,862.0,2805.0,6.0,696.0,15.0,948.0,1627.0,789.0,2024,2,1,15
92,239739,16,239740,89,1.0,4,0,11.0,495.0,3248.0,1757.0,484.0,945.0,709.0,1548.0,2152.0,2611.0,2024,2,1,15
92,239735,49,239736,142,1.0,3,1,3241.0,1676.0,5128.0,708.0,3457.0,994.0,2989.0,507.0,4029.0,3459.0,2024,2,1,14
92,239737,14,239738,124,1.0,1,1,570.0,135.0,1942.0,2765.0,58.0,3202.0,1420.0,3168.0,607.0,3032.0,2024,2,1,14
92,239731,175,239732,19,1.0,8,1,1003.0,295.0,3397.0,4710.0,965.0,11.0,495.0,3248.0,1757.0,484.0,2024,2,0,22
92,239727,42,239728,17,1.0,4,1,553.0,39.0,612.0,163.0,457.0,570.0,135.0,1942.0,2765.0,58.0,2024,2,0,21
92,239729,112,239730,49,1.0,6,1,2126.0,3121.0,2726.0,2200.0,315.0,3241.0,1676.0,5128.0,708.0,3457.0,2024,2,0,21
92,239723,143,239724,142,1.0,8,0,3785.0,1091.0,488.0,739.0,12.0,994.0,2989.0,507.0,4029.0,3459.0,2024,2,0,20
92,239319,143,239320,89,1.0,0,0,3785.0,1091.0,488.0,739.0,12.0,945.0,709.0,1548.0,2152.0,2611.0,2024,2,0,17
92,239313,42,239314,150,1.0,1,1,553.0,39.0,612.0,163.0,457.0,4986.0,2244.0,4435.0,1010.0,3228.0,2024,2,0,16
92,239315,14,239316,142,1.0,0,1,570.0,135.0,1942.0,2765.0,58.0,994.0,2989.0,507.0,4029.0,3459.0,2024,2,0,15
92,239311,117,239312,49,1.0,1,0,3202.0,1420.0,3168.0,3596.0,3032.0,3241.0,1676.0,5128.0,708.0,3457.0,2024,2,0,15
92,239309,175,239310,50,1.0,6,1,1003.0,295.0,3397.0,4710.0,965.0,696.0,15.0,948.0,1627.0,789.0,2024,2,0,14
92,239305,177,239306,79,1.0,5,1,19.0,550.0,3060.0,1549.0,1443.0,641.0,1203.0,862.0,2805.0,6.0,2024,2,0,14
92,239307,112,239308,86,1.0,0,1,2126.0,3121.0,2726.0,2200.0,315.0,1004.0,957.0,958.0,1353.0,1355.0,2024,2,0,14
91,239663,68,239664,169,3.0,8,0,65.0,2049.0,18.0,4048.0,2995.0,928.0,3110.0,3517.0,3112.0,927.0,2024,2,5,17
91,239663,68,239664,169,3.0,6,0,65.0,2049.0,18.0,4048.0,2995.0,928.0,3110.0,3517.0,3112.0,927.0,2024,2,5,17
91,239661,5,239662,10,3.0,6,0,3289.0,42.0,1343.0,611.0,2068.0,932.0,3464.0,1436.0,5156.0,961.0,2024,2,5,14
91,239661,5,239662,10,3.0,5,0,3289.0,42.0,1343.0,611.0,2068.0,932.0,3464.0,1436.0,5156.0,961.0,2024,2,5,14
91,239661,5,239662,10,3.0,3,1,3289.0,42.0,1343.0,611.0,2068.0,932.0,3464.0,1436.0,5156.0,961.0,2024,2,5,14
91,239565,5,239566,186,3.0,0,1,3289.0,42.0,1343.0,611.0,2068.0,656.0,2894.0,3072.0,499.0,413.0,2024,2,4,17
91,239565,5,239566,186,3.0,6,1,3289.0,42.0,1343.0,611.0,2068.0,656.0,2894.0,3072.0,499.0,413.0,2024,2,4,17
91,239565,5,239566,186,3.0,5,0,3289.0,42.0,1343.0,611.0,2068.0,656.0,2894.0,3072.0,499.0,413.0,2024,2,4,17
91,239563,63,239564,57,3.0,5,1,27.0,692.0,28.0,146.0,704.0,158.0,4903.0,156.0,157.0,197.0,2024,2,4,16
91,239563,63,239564,57,3.0,6,1,27.0,692.0,28.0,146.0,704.0,158.0,4903.0,156.0,157.0,197.0,2024,2,4,16
91,239561,8,239562,188,3.0,4,1,932.0,3464.0,1436.0,5156.0,961.0,1544.0,150.0,41.0,982.0,1661.0,2024,2,4,14
91,239561,8,239562,188,3.0,0,1,932.0,3464.0,1436.0,5156.0,961.0,1544.0,150.0,41.0,982.0,1661.0,2024,2,4,14
91,239561,8,239562,188,3.0,8,0,932.0,3464.0,1436.0,5156.0,961.0,1544.0,150.0,41.0,982.0,1661.0,2024,2,4,14
91,239557,96,239558,186,3.0,0,0,1486.0,123.0,494.0,2063.0,701.0,656.0,2894.0,3072.0,499.0,413.0,2024,2,3,18
91,239557,96,239558,186,3.0,1,0,1486.0,123.0,494.0,2063.0,701.0,656.0,2894.0,3072.0,499.0,413.0,2024,2,3,18
91,239557,96,239558,186,3.0,3,1,1486.0,123.0,494.0,2063.0,701.0,656.0,2894.0,3072.0,499.0,413.0,2024,2,3,18
91,239555,187,239556,128,3.0,0,1,572.0,493.0,266.0,2785.0,178.0,1401.0,169.0,2179.0,1834.0,2934.0,2024,2,3,18
91,239555,187,239556,128,3.0,1,1,572.0,493.0,266.0,2785.0,178.0,1401.0,169.0,2179.0,1834.0,2934.0,2024,2,3,18
91,239553,153,239554,135,3.0,0,1,928.0,3110.0,3517.0,3112.0,927.0,2799.0,143.0,22.0,152.0,773.0,2024,2,3,16
91,239553,153,239554,135,3.0,5,1,928.0,3110.0,3517.0,3112.0,927.0,2799.0,143.0,22.0,152.0,773.0,2024,2,3,16
91,239551,63,239552,73,3.0,1,0,27.0,692.0,28.0,146.0,704.0,26.0,2041.0,416.0,736.0,273.0,2024,2,3,16
91,239551,63,239552,73,3.0,0,0,27.0,692.0,28.0,146.0,704.0,26.0,2041.0,416.0,736.0,273.0,2024,2,3,16
91,239545,68,239546,10,1.0,6,1,65.0,2049.0,18.0,4048.0,2995.0,932.0,3464.0,1436.0,5156.0,961.0,2024,2,3,14
91,239537,57,239538,188,1.0,5,1,158.0,4903.0,156.0,157.0,197.0,1544.0,150.0,41.0,982.0,1661.0,2024,2,3,14
91,239531,187,239532,68,1.0,0,1,572.0,493.0,266.0,2785.0,178.0,65.0,2049.0,18.0,4048.0,2995.0,2024,2,2,22
91,239535,71,239536,57,1.0,5,1,26.0,2041.0,416.0,736.0,273.0,158.0,4903.0,156.0,157.0,197.0,2024,2,2,21
91,239529,63,239530,188,1.0,5,1,27.0,692.0,28.0,146.0,704.0,1544.0,150.0,41.0,982.0,1661.0,2024,2,2,20
91,239523,153,239524,6,1.0,1,0,928.0,3110.0,3517.0,3112.0,927.0,3289.0,42.0,1343.0,611.0,2068.0,2024,2,2,19
91,239521,127,239522,10,1.0,6,0,2799.0,143.0,22.0,152.0,773.0,932.0,3464.0,1436.0,5156.0,961.0,2024,2,2,19
91,239199,166,239200,188,1.0,5,0,656.0,2894.0,3072.0,499.0,413.0,1544.0,150.0,41.0,982.0,1661.0,2024,2,2,17
91,239193,57,239194,135,1.0,6,1,158.0,4903.0,156.0,157.0,197.0,2799.0,143.0,22.0,152.0,773.0,2024,2,2,16
91,239191,71,239192,101,1.0,1,1,26.0,2041.0,416.0,736.0,273.0,1486.0,123.0,494.0,2063.0,701.0,2024,2,2,15
91,239187,187,239188,169,1.0,0,1,572.0,493.0,266.0,2785.0,178.0,928.0,3110.0,3517.0,3112.0,927.0,2024,2,2,14
91,239185,63,239186,6,1.0,4,1,27.0,692.0,28.0,146.0,704.0,3289.0,42.0,1343.0,611.0,2068.0,2024,2,2,14
70,239183,175,239184,63,5.0,4,1,1003.0,295.0,3397.0,4710.0,965.0,27.0,692.0,28.0,146.0,704.0,2024,2,6,19
70,239183,175,239184,63,5.0,6,1,1003.0,295.0,3397.0,4710.0,965.0,27.0,692.0,28.0,146.0,704.0,2024,2,6,19
70,239183,175,239184,63,5.0,5,1,1003.0,295.0,3397.0,4710.0,965.0,27.0,692.0,28.0,146.0,704.0,2024,2,6,19
70,239149,175,239150,188,3.0,1,1,1003.0,295.0,3397.0,4710.0,965.0,1544.0,150.0,41.0,982.0,1661.0,2024,2,5,21
70,239149,175,239150,188,3.0,0,1,1003.0,295.0,3397.0,4710.0,965.0,1544.0,150.0,41.0,982.0,1661.0,2024,2,5,21
70,239181,112,239182,63,3.0,0,0,315.0,2126.0,3121.0,2726.0,2200.0,27.0,692.0,28.0,146.0,704.0,2024,2,5,18
70,239181,112,239182,63,3.0,5,0,315.0,2126.0,3121.0,2726.0,2200.0,27.0,692.0,28.0,146.0,704.0,2024,2,5,18
70,239153,50,239154,188,3.0,4,0,696.0,15.0,948.0,1627.0,789.0,1544.0,150.0,41.0,982.0,1661.0,2024,2,4,21
70,239153,50,239154,188,3.0,5,0,696.0,15.0,948.0,1627.0,789.0,1544.0,150.0,41.0,982.0,1661.0,2024,2,4,21
70,239153,50,239154,188,3.0,6,1,696.0,15.0,948.0,1627.0,789.0,1544.0,150.0,41.0,982.0,1661.0,2024,2,4,21
70,239151,63,239152,73,3.0,0,1,27.0,692.0,28.0,146.0,704.0,26.0,2041.0,273.0,416.0,736.0,2024,2,4,18
70,239151,63,239152,73,3.0,3,1,27.0,692.0,28.0,146.0,704.0,26.0,2041.0,273.0,416.0,736.0,2024,2,4,18
70,239009,50,239010,118,3.0,0,0,696.0,15.0,948.0,1627.0,789.0,315.0,2126.0,3121.0,2726.0,2200.0,2024,2,1,21
70,239009,50,239010,118,3.0,8,0,696.0,15.0,948.0,1627.0,789.0,315.0,2126.0,3121.0,2726.0,2200.0,2024,2,1,21
70,239015,85,239016,73,3.0,8,0,945.0,709.0,1548.0,2152.0,2611.0,26.0,2041.0,273.0,416.0,736.0,2024,2,1,21
70,239015,85,239016,73,3.0,5,0,945.0,709.0,1548.0,2152.0,2611.0,26.0,2041.0,273.0,416.0,736.0,2024,2,1,21
70,238999,167,239000,128,3.0,0,1,1544.0,150.0,41.0,982.0,1661.0,1401.0,169.0,2179.0,1834.0,2934.0,2024,2,1,18
70,238999,167,239000,128,3.0,4,1,1544.0,150.0,41.0,982.0,1661.0,1401.0,169.0,2179.0,1834.0,2934.0,2024,2,1,18
70,238997,63,238998,196,3.0,4,0,27.0,692.0,28.0,146.0,704.0,1003.0,295.0,3397.0,4710.0,965.0,2024,2,1,18
70,238997,63,238998,196,3.0,5,0,27.0,692.0,28.0,146.0,704.0,1003.0,295.0,3397.0,4710.0,965.0,2024,2,1,18
70,239013,71,239014,124,3.0,5,1,26.0,2041.0,273.0,416.0,736.0,3202.0,1420.0,3168.0,607.0,3032.0,2024,2,1,15
70,239013,71,239014,124,3.0,8,0,26.0,2041.0,273.0,416.0,736.0,3202.0,1420.0,3168.0,607.0,3032.0,2024,2,1,15
70,239013,71,239014,124,3.0,1,1,26.0,2041.0,273.0,416.0,736.0,3202.0,1420.0,3168.0,607.0,3032.0,2024,2,1,15
70,239011,75,239012,89,3.0,9,0,641.0,1203.0,862.0,2805.0,6.0,945.0,709.0,1548.0,2152.0,2611.0,2024,2,1,15
70,239011,75,239012,89,3.0,6,1,641.0,1203.0,862.0,2805.0,6.0,945.0,709.0,1548.0,2152.0,2611.0,2024,2,1,15
70,239011,75,239012,89,3.0,5,0,641.0,1203.0,862.0,2805.0,6.0,945.0,709.0,1548.0,2152.0,2611.0,2024,2,1,15
70,238995,57,238996,128,3.0,5,1,158.0,4903.0,156.0,157.0,197.0,1401.0,169.0,2179.0,1834.0,2934.0,2024,2,0,21
70,238995,57,238996,128,3.0,4,0,158.0,4903.0,156.0,157.0,197.0,1401.0,169.0,2179.0,1834.0,2934.0,2024,2,0,21
70,238995,57,238996,128,3.0,1,0,158.0,4903.0,156.0,157.0,197.0,1401.0,169.0,2179.0,1834.0,2934.0,2024,2,0,21
70,238993,43,238994,188,3.0,9,0,472.0,532.0,749.0,540.0,32.0,1544.0,150.0,41.0,982.0,1661.0,2024,2,0,21
70,238993,43,238994,188,3.0,0,1,472.0,532.0,749.0,540.0,32.0,1544.0,150.0,41.0,982.0,1661.0,2024,2,0,21
70,238993,43,238994,188,3.0,1,0,472.0,532.0,749.0,540.0,32.0,1544.0,150.0,41.0,982.0,1661.0,2024,2,0,21
70,239005,50,239006,73,3.0,1,1,696.0,15.0,948.0,1627.0,789.0,26.0,2041.0,273.0,416.0,736.0,2024,2,0,19
70,239005,50,239006,73,3.0,4,1,696.0,15.0,948.0,1627.0,789.0,26.0,2041.0,273.0,416.0,736.0,2024,2,0,19
70,239007,75,239008,118,3.0,9,0,641.0,1203.0,862.0,2805.0,6.0,315.0,2126.0,3121.0,2726.0,2200.0,2024,2,0,18
70,239007,75,239008,118,3.0,0,0,641.0,1203.0,862.0,2805.0,6.0,315.0,2126.0,3121.0,2726.0,2200.0,2024,2,0,18
70,239003,117,239004,41,3.0,4,1,3202.0,1420.0,3168.0,607.0,3032.0,553.0,39.0,612.0,163.0,457.0,2024,2,0,15
70,239003,117,239004,41,3.0,6,1,3202.0,1420.0,3168.0,607.0,3032.0,553.0,39.0,612.0,163.0,457.0,2024,2,0,15
70,239001,177,239002,89,3.0,1,1,19.0,550.0,3060.0,1549.0,1443.0,945.0,709.0,1548.0,2152.0,2611.0,2024,2,0,15
70,239001,177,239002,89,3.0,4,0,19.0,550.0,3060.0,1549.0,1443.0,945.0,709.0,1548.0,2152.0,2611.0,2024,2,0,15
70,239001,177,239002,89,3.0,8,0,19.0,550.0,3060.0,1549.0,1443.0,945.0,709.0,1548.0,2152.0,2611.0,2024,2,0,15
70,238989,63,238990,57,3.0,1,0,27.0,692.0,28.0,146.0,704.0,158.0,4903.0,156.0,157.0,197.0,2024,2,6,23
70,238989,63,238990,57,3.0,5,1,27.0,692.0,28.0,146.0,704.0,158.0,4903.0,156.0,157.0,197.0,2024,2,6,23
70,238989,63,238990,57,3.0,3,1,27.0,692.0,28.0,146.0,704.0,158.0,4903.0,156.0,157.0,197.0,2024,2,6,23
70,238987,122,238988,17,3.0,0,1,1401.0,169.0,2179.0,1834.0,2934.0,570.0,135.0,1942.0,2765.0,58.0,2024,2,6,19
70,238987,122,238988,17,3.0,4,1,1401.0,169.0,2179.0,1834.0,2934.0,570.0,135.0,1942.0,2765.0,58.0,2024,2,6,19
70,238987,122,238988,17,3.0,1,0,1401.0,169.0,2179.0,1834.0,2934.0,570.0,135.0,1942.0,2765.0,58.0,2024,2,6,19
70,238991,175,238992,42,3.0,6,1,1003.0,295.0,3397.0,4710.0,965.0,472.0,532.0,749.0,540.0,32.0,2024,2,6,18
70,238991,175,238992,42,3.0,9,0,1003.0,295.0,3397.0,4710.0,965.0,472.0,532.0,749.0,540.0,32.0,2024,2,6,18
70,237929,112,237930,41,3.0,6,0,315.0,2126.0,3121.0,2726.0,2200.0,553.0,39.0,612.0,163.0,457.0,2024,2,6,15
70,237929,112,237930,41,3.0,4,1,315.0,2126.0,3121.0,2726.0,2200.0,553.0,39.0,612.0,163.0,457.0,2024,2,6,15
70,237927,117,237928,79,3.0,0,0,3202.0,1420.0,3168.0,607.0,3032.0,641.0,1203.0,862.0,2805.0,6.0,2024,2,6,15
70,237927,117,237928,79,3.0,6,0,3202.0,1420.0,3168.0,607.0,3032.0,641.0,1203.0,862.0,2805.0,6.0,2024,2,6,15
70,237923,177,237924,50,3.0,8,0,19.0,550.0,3060.0,1549.0,1443.0,696.0,15.0,948.0,1627.0,789.0,2024,2,5,23
70,237923,177,237924,50,3.0,1,1,19.0,550.0,3060.0,1549.0,1443.0,696.0,15.0,948.0,1627.0,789.0,2024,2,5,23
70,237923,177,237924,50,3.0,5,0,19.0,550.0,3060.0,1549.0,1443.0,696.0,15.0,948.0,1627.0,789.0,2024,2,5,23
70,237921,43,237922,17,3.0,6,1,472.0,532.0,749.0,540.0,32.0,570.0,135.0,1942.0,2765.0,58.0,2024,2,5,21
70,237921,43,237922,17,3.0,8,1,472.0,532.0,749.0,540.0,32.0,570.0,135.0,1942.0,2765.0,58.0,2024,2,5,21
70,237919,122,237920,196,3.0,1,1,1401.0,169.0,2179.0,1834.0,2934.0,1003.0,295.0,3397.0,4710.0,965.0,2024,2,5,19
70,237919,122,237920,196,3.0,4,0,1401.0,169.0,2179.0,1834.0,2934.0,1003.0,295.0,3397.0,4710.0,965.0,2024,2,5,19
70,237919,122,237920,196,3.0,0,0,1401.0,169.0,2179.0,1834.0,2934.0,1003.0,295.0,3397.0,4710.0,965.0,2024,2,5,19
70,237925,71,237926,89,3.0,1,0,26.0,2041.0,273.0,416.0,736.0,945.0,709.0,1548.0,2152.0,2611.0,2024,2,5,15
70,237925,71,237926,89,3.0,5,1,26.0,2041.0,273.0,416.0,736.0,945.0,709.0,1548.0,2152.0,2611.0,2024,2,5,15
70,237925,71,237926,89,3.0,6,1,26.0,2041.0,273.0,416.0,736.0,945.0,709.0,1548.0,2152.0,2611.0,2024,2,5,15
70,237917,167,237918,57,3.0,8,0,1544.0,150.0,41.0,982.0,1661.0,158.0,4903.0,156.0,157.0,197.0,2024,2,5,15
70,237917,167,237918,57,3.0,5,0,1544.0,150.0,41.0,982.0,1661.0,158.0,4903.0,156.0,157.0,197.0,2024,2,5,15
70,238887,23,238888,17,3.0,8,0,1958.0,164.0,1575.0,2810.0,1824.0,570.0,135.0,1942.0,2765.0,58.0,2024,2,4,22
70,238887,23,238888,17,3.0,0,0,1958.0,164.0,1575.0,2810.0,1824.0,570.0,135.0,1942.0,2765.0,58.0,2024,2,4,22
70,238887,23,238888,17,3.0,3,1,1958.0,164.0,1575.0,2810.0,1824.0,570.0,135.0,1942.0,2765.0,58.0,2024,2,4,22
70,238883,187,238884,41,3.0,0,0,572.0,493.0,266.0,2785.0,178.0,553.0,39.0,612.0,163.0,457.0,2024,2,4,18
70,238883,187,238884,41,3.0,1,1,572.0,493.0,266.0,2785.0,178.0,553.0,39.0,612.0,163.0,457.0,2024,2,4,18
70,238883,187,238884,41,3.0,6,0,572.0,493.0,266.0,2785.0,178.0,553.0,39.0,612.0,163.0,457.0,2024,2,4,18
70,238885,181,238886,50,3.0,5,1,3020.0,3192.0,5827.0,4765.0,3526.0,696.0,15.0,948.0,1627.0,789.0,2024,2,4,18
70,238885,181,238886,50,3.0,4,0,3020.0,3192.0,5827.0,4765.0,3526.0,696.0,15.0,948.0,1627.0,789.0,2024,2,4,18
70,238885,181,238886,50,3.0,1,0,3020.0,3192.0,5827.0,4765.0,3526.0,696.0,15.0,948.0,1627.0,789.0,2024,2,4,18
70,238877,16,238878,50,3.0,8,0,11.0,495.0,3248.0,1757.0,484.0,696.0,15.0,948.0,1627.0,789.0,2024,2,3,22
70,238877,16,238878,50,3.0,0,0,11.0,495.0,3248.0,1757.0,484.0,696.0,15.0,948.0,1627.0,789.0,2024,2,3,22
70,238879,61,238880,17,3.0,0,0,626.0,625.0,628.0,1.0,204.0,570.0,135.0,1942.0,2765.0,58.0,2024,2,3,21
70,238879,61,238880,17,3.0,4,1,626.0,625.0,628.0,1.0,204.0,570.0,135.0,1942.0,2765.0,58.0,2024,2,3,21
70,238879,61,238880,17,3.0,3,0,626.0,625.0,628.0,1.0,204.0,570.0,135.0,1942.0,2765.0,58.0,2024,2,3,21
70,238881,109,238882,168,3.0,8,1,845.0,1817.0,881.0,6420.0,1687.0,901.0,1083.0,1039.0,1069.0,4164.0,2024,2,3,18
70,238881,109,238882,168,3.0,3,1,845.0,1817.0,881.0,6420.0,1687.0,901.0,1083.0,1039.0,1069.0,4164.0,2024,2,3,18
70,238873,75,238874,214,3.0,8,1,641.0,1203.0,862.0,2805.0,6.0,572.0,493.0,266.0,2785.0,178.0,2024,2,3,15
70,238873,75,238874,214,3.0,6,1,641.0,1203.0,862.0,2805.0,6.0,572.0,493.0,266.0,2785.0,178.0,2024,2,3,15
70,238873,75,238874,214,3.0,3,0,641.0,1203.0,862.0,2805.0,6.0,572.0,493.0,266.0,2785.0,178.0,2024,2,3,15
70,238871,181,238872,196,3.0,4,0,3020.0,3192.0,5827.0,4765.0,3526.0,1003.0,295.0,3397.0,4710.0,965.0,2024,2,3,15
70,238871,181,238872,196,3.0,0,0,3020.0,3192.0,5827.0,4765.0,3526.0,1003.0,295.0,3397.0,4710.0,965.0,2024,2,3,15
70,238869,85,238870,27,3.0,5,1,945.0,709.0,1548.0,2152.0,2611.0,1958.0,164.0,1575.0,2810.0,1824.0,2024,1,2,22
70,238869,85,238870,27,3.0,1,1,945.0,709.0,1548.0,2152.0,2611.0,1958.0,164.0,1575.0,2810.0,1824.0,2024,1,2,22
70,238869,85,238870,27,3.0,8,0,945.0,709.0,1548.0,2152.0,2611.0,1958.0,164.0,1575.0,2810.0,1824.0,2024,1,2,22
70,237913,152,237914,214,1.0,3,0,901.0,1083.0,1039.0,1069.0,4164.0,572.0,493.0,266.0,2785.0,178.0,2024,1,2,21
70,237907,61,237908,203,1.0,4,0,626.0,625.0,628.0,1.0,204.0,3020.0,3192.0,5827.0,4765.0,3526.0,2024,1,2,20
70,237911,75,237912,115,1.0,5,1,641.0,1203.0,862.0,2805.0,6.0,845.0,1817.0,881.0,6420.0,1687.0,2024,1,2,20
70,237909,175,237910,17,1.0,0,1,1003.0,295.0,3397.0,4710.0,965.0,570.0,135.0,1942.0,2765.0,58.0,2024,1,2,19
70,237905,50,237906,27,1.0,0,0,696.0,15.0,948.0,1627.0,789.0,1958.0,164.0,1575.0,2810.0,1824.0,2024,1,2,18
70,237903,85,237904,19,1.0,4,1,945.0,709.0,1548.0,2152.0,2611.0,11.0,495.0,3248.0,1757.0,484.0,2024,1,2,17
61,237533,121,237534,32,1.0,6,1,746.0,82.0,192.0,1802.0,1017.0,2517.0,2518.0,2516.0,6336.0,4242.0,2024,1,4,2
90,237991,145,237992,141,3.0,5,0,629.0,5028.0,996.0,888.0,1913.0,2271.0,4440.0,1455.0,889.0,2257.0,2024,1,6,23
90,237991,145,237992,141,3.0,0,0,629.0,5028.0,996.0,888.0,1913.0,2271.0,4440.0,1455.0,889.0,2257.0,2024,1,6,23
90,237991,145,237992,141,3.0,6,1,629.0,5028.0,996.0,888.0,1913.0,2271.0,4440.0,1455.0,889.0,2257.0,2024,1,6,23
90,237987,200,237988,96,3.0,1,0,690.0,3746.0,2710.0,1871.0,3447.0,627.0,7944.0,3749.0,142.0,147.0,2024,1,6,23
90,237979,166,237980,153,3.0,5,0,656.0,2894.0,3072.0,499.0,413.0,3785.0,1091.0,488.0,12.0,739.0,2024,1,6,16
90,237015,164,237016,161,3.0,6,0,274.0,504.0,1151.0,4400.0,277.0,159.0,268.0,1111.0,2127.0,1316.0,2024,1,6,14
90,237015,164,237016,161,3.0,3,1,274.0,504.0,1151.0,4400.0,277.0,159.0,268.0,1111.0,2127.0,1316.0,2024,1,6,14
90,237015,164,237016,161,3.0,4,1,274.0,504.0,1151.0,4400.0,277.0,159.0,268.0,1111.0,2127.0,1316.0,2024,1,6,14
90,237789,180,237790,55,3.0,4,1,1912.0,2302.0,257.0,2276.0,2298.0,5140.0,3157.0,3283.0,1322.0,2275.0,2024,1,6,12
90,237789,180,237790,55,3.0,0,1,1912.0,2302.0,257.0,2276.0,2298.0,5140.0,3157.0,3283.0,1322.0,2275.0,2024,1,6,12
90,237777,28,237778,85,3.0,8,0,1949.0,1053.0,2736.0,897.0,259.0,262.0,272.0,260.0,1050.0,209.0,2024,1,6,12
90,237777,28,237778,85,3.0,1,0,1949.0,1053.0,2736.0,897.0,259.0,262.0,272.0,260.0,1050.0,209.0,2024,1,6,12
90,237011,108,237012,183,3.0,1,1,1271.0,1270.0,2159.0,7709.0,3062.0,274.0,504.0,1151.0,4400.0,277.0,2024,1,6,8
90,237011,108,237012,183,3.0,5,1,1271.0,1270.0,2159.0,7709.0,3062.0,274.0,504.0,1151.0,4400.0,277.0,2024,1,6,8
90,237935,49,237936,68,3.0,0,0,3241.0,1676.0,5128.0,708.0,3457.0,65.0,2049.0,18.0,4048.0,2995.0,2024,1,5,21
90,237933,134,237934,133,3.0,0,1,994.0,2989.0,507.0,4029.0,3459.0,4552.0,2991.0,1831.0,1833.0,1832.0,2024,1,5,21
90,237933,134,237934,133,3.0,4,1,994.0,2989.0,507.0,4029.0,3459.0,4552.0,2991.0,1831.0,1833.0,1832.0,2024,1,5,21
90,237931,5,237932,186,3.0,3,1,3289.0,42.0,1343.0,611.0,2068.0,656.0,2894.0,3072.0,499.0,413.0,2024,1,5,21
90,237887,187,237888,68,3.0,0,1,572.0,493.0,266.0,2785.0,178.0,65.0,2049.0,18.0,4048.0,2995.0,2024,1,5,18
90,237887,187,237888,68,3.0,6,1,572.0,493.0,266.0,2785.0,178.0,65.0,2049.0,18.0,4048.0,2995.0,2024,1,5,18
90,237891,5,237892,169,3.0,6,0,3289.0,42.0,1343.0,611.0,2068.0,928.0,3110.0,3517.0,3112.0,927.0,2024,1,5,18
90,237891,5,237892,169,3.0,5,0,3289.0,42.0,1343.0,611.0,2068.0,928.0,3110.0,3517.0,3112.0,927.0,2024,1,5,18
90,237897,112,237898,196,3.0,4,0,2126.0,3121.0,2726.0,2200.0,315.0,1003.0,295.0,3397.0,4710.0,965.0,2024,1,5,18
90,237897,112,237898,196,3.0,0,0,2126.0,3121.0,2726.0,2200.0,315.0,1003.0,295.0,3397.0,4710.0,965.0,2024,1,5,18
90,237893,16,237894,150,3.0,8,1,11.0,495.0,3248.0,1757.0,484.0,4986.0,2244.0,4435.0,1010.0,3228.0,2024,1,5,18
90,237893,16,237894,150,3.0,5,1,11.0,495.0,3248.0,1757.0,484.0,4986.0,2244.0,4435.0,1010.0,3228.0,2024,1,5,18
90,237879,166,237880,220,3.0,3,1,656.0,2894.0,3072.0,499.0,413.0,1644.0,4379.0,5198.0,5271.0,700.0,2024,1,5,15
90,237879,166,237880,220,3.0,1,1,656.0,2894.0,3072.0,499.0,413.0,1644.0,4379.0,5198.0,5271.0,700.0,2024,1,5,15
90,237877,23,237878,133,3.0,0,0,1958.0,164.0,1575.0,2810.0,1824.0,4552.0,2991.0,1831.0,1833.0,1832.0,2024,1,5,15
90,237877,23,237878,133,3.0,8,0,1958.0,164.0,1575.0,2810.0,1824.0,4552.0,2991.0,1831.0,1833.0,1832.0,2024,1,5,15
90,237875,49,237876,151,3.0,6,1,3241.0,1676.0,5128.0,708.0,3457.0,3201.0,466.0,3235.0,714.0,4493.0,2024,1,5,15
90,237875,49,237876,151,3.0,1,1,3241.0,1676.0,5128.0,708.0,3457.0,3201.0,466.0,3235.0,714.0,4493.0,2024,1,5,15
90,237881,88,237882,89,3.0,6,0,5298.0,258.0,1404.0,50.0,3802.0,945.0,709.0,1548.0,2152.0,2611.0,2024,1,5,15
90,237881,88,237882,89,3.0,5,0,5298.0,258.0,1404.0,50.0,3802.0,945.0,709.0,1548.0,2152.0,2611.0,2024,1,5,15
90,237883,143,237884,60,3.0,3,1,3785.0,1091.0,488.0,12.0,739.0,3395.0,1962.0,4543.0,5138.0,7081.0,2024,1,5,15
90,237883,143,237884,60,3.0,1,1,3785.0,1091.0,488.0,12.0,739.0,3395.0,1962.0,4543.0,5138.0,7081.0,2024,1,5,15
90,237883,143,237884,60,3.0,5,0,3785.0,1091.0,488.0,12.0,739.0,3395.0,1962.0,4543.0,5138.0,7081.0,2024,1,5,15
90,237781,169,237782,202,3.0,4,0,212.0,3413.0,2299.0,8337.0,1388.0,1912.0,2302.0,257.0,2276.0,2298.0,2024,1,5,11
90,237781,169,237782,202,3.0,5,0,212.0,3413.0,2299.0,8337.0,1388.0,1912.0,2302.0,257.0,2276.0,2298.0,2024,1,5,11
90,237781,169,237782,202,3.0,0,1,212.0,3413.0,2299.0,8337.0,1388.0,1912.0,2302.0,257.0,2276.0,2298.0,2024,1,5,11
90,237721,142,237722,102,3.0,6,1,3201.0,466.0,3235.0,714.0,4493.0,66.0,3260.0,2203.0,992.0,168.0,2024,1,4,22
90,237721,142,237722,102,3.0,0,1,3201.0,466.0,3235.0,714.0,4493.0,66.0,3260.0,2203.0,992.0,168.0,2024,1,4,22
90,237719,158,237720,133,3.0,4,0,1675.0,145.0,1673.0,2190.0,1666.0,4552.0,2991.0,1831.0,1833.0,1832.0,2024,1,4,22
90,237719,158,237720,133,3.0,3,0,1675.0,145.0,1673.0,2190.0,1666.0,4552.0,2991.0,1831.0,1833.0,1832.0,2024,1,4,22
90,237743,52,237744,54,3.0,0,0,1227.0,62.0,1226.0,3435.0,1264.0,165.0,1328.0,1487.0,2787.0,4236.0,2024,1,4,22
90,237743,52,237744,54,3.0,3,0,1227.0,62.0,1226.0,3435.0,1264.0,165.0,1328.0,1487.0,2787.0,4236.0,2024,1,4,22
90,237745,17,237746,60,3.0,4,0,1008.0,1892.0,2070.0,1867.0,3059.0,3395.0,1962.0,4543.0,5138.0,7081.0,2024,1,4,22
90,237745,17,237746,60,3.0,6,0,1008.0,1892.0,2070.0,1867.0,3059.0,3395.0,1962.0,4543.0,5138.0,7081.0,2024,1,4,22
90,237745,17,237746,60,3.0,4,0,1008.0,1892.0,2070.0,1867.0,3059.0,3395.0,1962.0,4543.0,5138.0,7081.0,2024,1,4,22
90,237745,17,237746,60,3.0,6,0,1008.0,1892.0,2070.0,1867.0,3059.0,3395.0,1962.0,4543.0,5138.0,7081.0,2024,1,4,22
90,237743,52,237744,54,3.0,0,0,1227.0,62.0,1226.0,3435.0,1264.0,165.0,1328.0,1487.0,2787.0,4236.0,2024,1,4,22
90,237743,52,237744,54,3.0,3,0,1227.0,62.0,1226.0,3435.0,1264.0,165.0,1328.0,1487.0,2787.0,4236.0,2024,1,4,22
90,237739,57,237740,118,3.0,8,0,158.0,4903.0,156.0,157.0,197.0,2126.0,3121.0,2726.0,2200.0,315.0,2024,1,4,19
90,237739,57,237740,118,3.0,3,1,158.0,4903.0,156.0,157.0,197.0,2126.0,3121.0,2726.0,2200.0,315.0,2024,1,4,19
90,237739,57,237740,118,3.0,5,1,158.0,4903.0,156.0,157.0,197.0,2126.0,3121.0,2726.0,2200.0,315.0,2024,1,4,19
90,237741,8,237742,19,3.0,4,1,932.0,3464.0,1436.0,5156.0,961.0,11.0,495.0,3248.0,1757.0,484.0,2024,1,4,19
90,237741,8,237742,19,3.0,5,1,932.0,3464.0,1436.0,5156.0,961.0,11.0,495.0,3248.0,1757.0,484.0,2024,1,4,19
90,237741,8,237742,19,3.0,3,0,932.0,3464.0,1436.0,5156.0,961.0,11.0,495.0,3248.0,1757.0,484.0,2024,1,4,19
90,237715,122,237716,214,3.0,1,1,1401.0,169.0,2179.0,1834.0,2934.0,572.0,493.0,266.0,2785.0,178.0,2024,1,4,19
90,237715,122,237716,214,3.0,6,1,1401.0,169.0,2179.0,1834.0,2934.0,572.0,493.0,266.0,2785.0,178.0,2024,1,4,19
90,237729,153,237730,220,1.0,5,1,928.0,3110.0,3517.0,3112.0,927.0,1644.0,4379.0,5198.0,5271.0,700.0,2024,1,4,18
90,237733,143,237734,196,1.0,5,0,3785.0,1091.0,488.0,12.0,739.0,1003.0,295.0,3397.0,4710.0,965.0,2024,1,4,18
90,237725,166,237726,142,1.0,0,0,656.0,2894.0,3072.0,499.0,413.0,994.0,2989.0,507.0,4029.0,3459.0,2024,1,4,18
90,237727,23,237728,68,1.0,0,0,1958.0,164.0,1575.0,2810.0,1824.0,65.0,2049.0,18.0,4048.0,2995.0,2024,1,4,18
90,237713,142,237714,220,1.0,8,0,3201.0,466.0,3235.0,714.0,4493.0,1644.0,4379.0,5198.0,5271.0,700.0,2024,1,3,22
90,237697,52,237698,150,1.0,4,0,1227.0,62.0,1226.0,3435.0,1264.0,4986.0,2244.0,4435.0,1010.0,3228.0,2024,1,3,22
90,237691,175,237692,54,1.0,4,1,1003.0,295.0,3397.0,4710.0,965.0,165.0,1328.0,1487.0,2787.0,4236.0,2024,1,3,22
90,237707,158,237708,68,1.0,0,0,1675.0,145.0,1673.0,2190.0,1666.0,65.0,2049.0,18.0,4048.0,2995.0,2024,1,3,22
90,237711,134,237712,102,1.0,4,1,994.0,2989.0,507.0,4029.0,3459.0,66.0,3260.0,2203.0,992.0,168.0,2024,1,3,22
90,237447,166,237448,102,1.0,3,1,656.0,2894.0,3072.0,499.0,413.0,66.0,3260.0,2203.0,992.0,168.0,2024,1,3,19
90,237467,59,237468,89,1.0,1,0,3395.0,1962.0,4543.0,5138.0,7081.0,945.0,709.0,1548.0,2152.0,2611.0,2024,1,3,19
90,236775,188,236776,229,1.0,6,1,1778.0,34.0,473.0,6030.0,530.0,837.0,805.0,6183.0,3138.0,2260.0,2024,1,5,6
90,236765,130,236766,189,1.0,5,0,1696.0,1987.0,546.0,3274.0,1166.0,78.0,564.0,983.0,439.0,35.0,2024,1,5,5
90,236767,29,236768,127,1.0,0,0,2517.0,2518.0,2516.0,6336.0,4242.0,746.0,82.0,192.0,1802.0,1017.0,2024,1,5,5
16,238681,71,238682,189,3.0,6,1,26.0,2041.0,416.0,736.0,273.0,78.0,564.0,983.0,439.0,35.0,2024,1,6,20
16,238681,71,238682,189,3.0,1,1,26.0,2041.0,416.0,736.0,273.0,78.0,564.0,983.0,439.0,35.0,2024,1,6,20
16,238679,16,238680,27,3.0,8,0,11.0,495.0,3248.0,1757.0,484.0,1958.0,164.0,1575.0,2810.0,1824.0,2024,1,6,16
16,238679,16,238680,27,3.0,6,1,11.0,495.0,3248.0,1757.0,484.0,1958.0,164.0,1575.0,2810.0,1824.0,2024,1,6,16
16,238679,16,238680,27,3.0,0,1,11.0,495.0,3248.0,1757.0,484.0,1958.0,164.0,1575.0,2810.0,1824.0,2024,1,6,16
16,237075,187,237076,27,3.0,1,1,572.0,493.0,266.0,2785.0,178.0,1958.0,164.0,1575.0,2810.0,1824.0,2024,1,5,21
16,237075,187,237076,27,3.0,6,1,572.0,493.0,266.0,2785.0,178.0,1958.0,164.0,1575.0,2810.0,1824.0,2024,1,5,21
16,237051,168,237052,63,3.0,5,0,78.0,564.0,983.0,439.0,35.0,27.0,692.0,28.0,146.0,704.0,2024,1,5,19
16,237051,168,237052,63,3.0,4,0,78.0,564.0,983.0,439.0,35.0,27.0,692.0,28.0,146.0,704.0,2024,1,5,19
16,237063,122,237064,73,3.0,3,1,1401.0,169.0,2179.0,1834.0,2934.0,26.0,2041.0,416.0,736.0,273.0,2024,1,5,17
16,237063,122,237064,73,3.0,4,1,1401.0,169.0,2179.0,1834.0,2934.0,26.0,2041.0,416.0,736.0,273.0,2024,1,5,17
16,237039,16,237040,199,3.0,3,1,11.0,495.0,3248.0,1757.0,484.0,19.0,550.0,3060.0,1549.0,1443.0,2024,1,5,14
16,237039,16,237040,199,3.0,4,0,11.0,495.0,3248.0,1757.0,484.0,19.0,550.0,3060.0,1549.0,1443.0,2024,1,5,14
16,237039,16,237040,199,3.0,5,0,11.0,495.0,3248.0,1757.0,484.0,19.0,550.0,3060.0,1549.0,1443.0,2024,1,5,14
16,237073,42,237074,27,3.0,0,0,553.0,39.0,612.0,163.0,457.0,1958.0,164.0,1575.0,2810.0,1824.0,2024,1,4,23
16,237073,42,237074,27,3.0,1,0,553.0,39.0,612.0,163.0,457.0,1958.0,164.0,1575.0,2810.0,1824.0,2024,1,4,23
16,237049,75,237050,63,3.0,0,0,641.0,1203.0,862.0,2805.0,6.0,27.0,692.0,28.0,146.0,704.0,2024,1,4,19
16,237049,75,237050,63,3.0,6,1,641.0,1203.0,862.0,2805.0,6.0,27.0,692.0,28.0,146.0,704.0,2024,1,4,19
16,237049,75,237050,63,3.0,3,0,641.0,1203.0,862.0,2805.0,6.0,27.0,692.0,28.0,146.0,704.0,2024,1,4,19
16,237061,71,237062,135,3.0,8,1,26.0,2041.0,416.0,736.0,273.0,2799.0,143.0,22.0,152.0,773.0,2024,1,4,17
16,237061,71,237062,135,3.0,1,1,26.0,2041.0,416.0,736.0,273.0,2799.0,143.0,22.0,152.0,773.0,2024,1,4,17
16,237037,177,237038,188,3.0,8,1,19.0,550.0,3060.0,1549.0,1443.0,1544.0,150.0,41.0,982.0,1661.0,2024,1,4,14
16,237037,177,237038,188,3.0,5,0,19.0,550.0,3060.0,1549.0,1443.0,1544.0,150.0,41.0,982.0,1661.0,2024,1,4,14
16,237037,177,237038,188,3.0,1,1,19.0,550.0,3060.0,1549.0,1443.0,1544.0,150.0,41.0,982.0,1661.0,2024,1,4,14
16,237071,23,237072,89,3.0,1,1,1958.0,164.0,1575.0,2810.0,1824.0,945.0,709.0,1548.0,2152.0,2611.0,2024,1,3,22
16,237071,23,237072,89,3.0,8,0,1958.0,164.0,1575.0,2810.0,1824.0,945.0,709.0,1548.0,2152.0,2611.0,2024,1,3,22
16,237071,23,237072,89,3.0,5,1,1958.0,164.0,1575.0,2810.0,1824.0,945.0,709.0,1548.0,2152.0,2611.0,2024,1,3,22
16,237069,187,237070,41,3.0,1,0,572.0,493.0,266.0,2785.0,178.0,553.0,39.0,612.0,163.0,457.0,2024,1,3,18
16,237069,187,237070,41,3.0,3,1,572.0,493.0,266.0,2785.0,178.0,553.0,39.0,612.0,163.0,457.0,2024,1,3,18
16,237069,187,237070,41,3.0,6,1,572.0,493.0,266.0,2785.0,178.0,553.0,39.0,612.0,163.0,457.0,2024,1,3,18
16,237047,63,237048,196,3.0,1,1,27.0,692.0,28.0,146.0,704.0,295.0,3397.0,965.0,3155.0,6171.0,2024,1,3,16
16,237047,63,237048,196,3.0,5,1,27.0,692.0,28.0,146.0,704.0,295.0,3397.0,965.0,3155.0,6171.0,2024,1,3,16
16,237045,75,237046,189,3.0,6,0,641.0,1203.0,862.0,2805.0,6.0,78.0,564.0,983.0,439.0,35.0,2024,1,3,14
16,237045,75,237046,189,3.0,4,0,641.0,1203.0,862.0,2805.0,6.0,78.0,564.0,983.0,439.0,35.0,2024,1,3,14
16,237067,42,237068,89,3.0,1,1,553.0,39.0,612.0,163.0,457.0,945.0,709.0,1548.0,2152.0,2611.0,2024,1,2,22
16,237067,42,237068,89,3.0,4,1,553.0,39.0,612.0,163.0,457.0,945.0,709.0,1548.0,2152.0,2611.0,2024,1,2,22
16,237065,187,237066,27,3.0,6,1,572.0,493.0,266.0,2785.0,178.0,1958.0,164.0,1575.0,2810.0,1824.0,2024,1,2,20
16,237065,187,237066,27,3.0,8,1,572.0,493.0,266.0,2785.0,178.0,1958.0,164.0,1575.0,2810.0,1824.0,2024,1,2,20
16,237043,175,237044,189,3.0,1,1,295.0,3397.0,965.0,3155.0,6171.0,78.0,564.0,983.0,439.0,35.0,2024,1,2,16
16,237043,175,237044,189,3.0,0,0,295.0,3397.0,965.0,3155.0,6171.0,78.0,564.0,983.0,439.0,35.0,2024,1,2,16
16,237043,175,237044,189,3.0,5,0,295.0,3397.0,965.0,3155.0,6171.0,78.0,564.0,983.0,439.0,35.0,2024,1,2,16
16,237041,63,237042,79,3.0,6,0,27.0,692.0,28.0,146.0,704.0,641.0,1203.0,862.0,2805.0,6.0,2024,1,2,14
16,237041,63,237042,79,3.0,0,0,27.0,692.0,28.0,146.0,704.0,641.0,1203.0,862.0,2805.0,6.0,2024,1,2,14
16,237035,134,237036,188,3.0,0,0,994.0,2989.0,507.0,4029.0,3459.0,1544.0,150.0,41.0,982.0,1661.0,2024,1,1,22
16,237035,134,237036,188,3.0,8,0,994.0,2989.0,507.0,4029.0,3459.0,1544.0,150.0,41.0,982.0,1661.0,2024,1,1,22
16,237033,177,237034,19,3.0,4,0,19.0,550.0,3060.0,1549.0,1443.0,11.0,495.0,3248.0,1757.0,484.0,2024,1,1,19
16,237033,177,237034,19,3.0,6,0,19.0,550.0,3060.0,1549.0,1443.0,11.0,495.0,3248.0,1757.0,484.0,2024,1,1,19
16,237033,177,237034,19,3.0,8,1,19.0,550.0,3060.0,1549.0,1443.0,11.0,495.0,3248.0,1757.0,484.0,2024,1,1,19
16,237059,127,237060,42,3.0,8,1,2799.0,143.0,22.0,152.0,773.0,472.0,532.0,749.0,540.0,32.0,2024,1,1,17
16,237059,127,237060,42,3.0,0,1,2799.0,143.0,22.0,152.0,773.0,472.0,532.0,749.0,540.0,32.0,2024,1,1,17
16,237057,71,237058,128,3.0,6,0,26.0,2041.0,416.0,736.0,273.0,1401.0,169.0,2179.0,1834.0,2934.0,2024,1,1,14
16,237057,71,237058,128,3.0,1,0,26.0,2041.0,416.0,736.0,273.0,1401.0,169.0,2179.0,1834.0,2934.0,2024,1,1,14
16,237057,71,237058,128,3.0,3,1,26.0,2041.0,416.0,736.0,273.0,1401.0,169.0,2179.0,1834.0,2934.0,2024,1,1,14
16,237031,16,237032,188,3.0,0,1,11.0,495.0,3248.0,1757.0,484.0,1544.0,150.0,41.0,982.0,1661.0,2024,1,0,20
16,237031,16,237032,188,3.0,9,0,11.0,495.0,3248.0,1757.0,484.0,1544.0,150.0,41.0,982.0,1661.0,2024,1,0,20
16,237029,177,237030,142,3.0,4,1,19.0,550.0,3060.0,1549.0,1443.0,994.0,2989.0,507.0,4029.0,3459.0,2024,1,0,18
16,237029,177,237030,142,3.0,3,1,19.0,550.0,3060.0,1549.0,1443.0,994.0,2989.0,507.0,4029.0,3459.0,2024,1,0,18
16,237055,122,237056,42,3.0,1,1,1401.0,169.0,2179.0,1834.0,2934.0,472.0,532.0,749.0,540.0,32.0,2024,1,0,15
16,237055,122,237056,42,3.0,6,1,1401.0,169.0,2179.0,1834.0,2934.0,472.0,532.0,749.0,540.0,32.0,2024,1,0,15
16,237053,71,237054,135,3.0,8,1,26.0,2041.0,416.0,736.0,273.0,2799.0,143.0,22.0,152.0,773.0,2024,1,0,14
16,237053,71,237054,135,3.0,1,1,26.0,2041.0,416.0,736.0,273.0,2799.0,143.0,22.0,152.0,773.0,2024,1,0,14
94,236459,85,236460,87,1.0,4,1,945.0,709.0,1548.0,2152.0,2611.0,731.0,613.0,1119.0,4111.0,3637.0,2024,1,3,18
94,236469,88,236470,1,1.0,0,1,5298.0,258.0,1404.0,50.0,3802.0,2050.0,1685.0,465.0,719.0,4383.0,2024,1,3,18
94,236471,142,236472,150,1.0,5,0,3201.0,466.0,3235.0,714.0,4493.0,4435.0,4986.0,1010.0,3228.0,2244.0,2024,1,3,18
37,235721,14,235722,214,3.0,0,0,570.0,135.0,2611.0,1942.0,2765.0,572.0,493.0,266.0,2785.0,178.0,2023,12,0,0
37,235721,14,235722,214,3.0,3,0,570.0,135.0,2611.0,1942.0,2765.0,572.0,493.0,266.0,2785.0,178.0,2023,12,0,0
37,235717,14,235718,124,3.0,4,1,570.0,135.0,2611.0,1942.0,2765.0,3202.0,1420.0,3168.0,607.0,3032.0,2023,12,6,19
37,235717,14,235718,124,3.0,0,1,570.0,135.0,2611.0,1942.0,2765.0,3202.0,1420.0,3168.0,607.0,3032.0,2023,12,6,19
37,235717,14,235718,124,3.0,1,0,570.0,135.0,2611.0,1942.0,2765.0,3202.0,1420.0,3168.0,607.0,3032.0,2023,12,6,19
37,235719,187,235720,203,3.0,3,1,572.0,493.0,266.0,2785.0,178.0,3020.0,3192.0,5827.0,4765.0,3526.0,2023,12,6,17
37,235719,187,235720,203,3.0,6,1,572.0,493.0,266.0,2785.0,178.0,3020.0,3192.0,5827.0,4765.0,3526.0,2023,12,6,17
37,235715,117,235716,25,3.0,0,1,3202.0,1420.0,3168.0,607.0,3032.0,877.0,1533.0,880.0,557.0,879.0,2023,12,5,23
37,235715,117,235716,25,3.0,1,1,3202.0,1420.0,3168.0,607.0,3032.0,877.0,1533.0,880.0,557.0,879.0,2023,12,5,23
37,235709,181,235710,42,3.0,3,1,3020.0,3192.0,5827.0,4765.0,3526.0,472.0,532.0,749.0,540.0,32.0,2023,12,5,20
37,235709,181,235710,42,3.0,6,1,3020.0,3192.0,5827.0,4765.0,3526.0,472.0,532.0,749.0,540.0,32.0,2023,12,5,20
37,235713,21,235714,115,3.0,9,0,877.0,1533.0,880.0,557.0,879.0,845.0,1817.0,1687.0,881.0,6420.0,2023,12,5,18
37,235713,21,235714,115,3.0,1,1,877.0,1533.0,880.0,557.0,879.0,845.0,1817.0,1687.0,881.0,6420.0,2023,12,5,18
37,235711,117,235712,214,1.0,4,0,3202.0,1420.0,3168.0,607.0,3032.0,572.0,493.0,266.0,2785.0,178.0,2023,12,5,0
37,235409,43,235410,203,1.0,0,0,472.0,532.0,749.0,540.0,32.0,3020.0,3192.0,5827.0,4765.0,3526.0,2023,12,4,22
37,235411,14,235412,79,1.0,4,1,570.0,135.0,2611.0,1942.0,2765.0,641.0,1203.0,862.0,5300.0,6.0,2023,12,4,21
37,235415,109,235416,214,1.0,0,0,845.0,1817.0,1687.0,881.0,6420.0,572.0,493.0,266.0,2785.0,178.0,2023,12,4,19
37,235413,117,235414,25,1.0,0,1,3202.0,1420.0,3168.0,607.0,3032.0,877.0,1533.0,880.0,557.0,879.0,2023,12,4,18
18,235703,177,235704,63,3.0,5,1,19.0,550.0,3060.0,1443.0,1549.0,27.0,692.0,28.0,704.0,146.0,2023,12,6,17
18,235703,177,235704,63,3.0,3,1,19.0,550.0,3060.0,1443.0,1549.0,27.0,692.0,28.0,704.0,146.0,2023,12,6,17
18,235699,177,235700,128,3.0,3,1,19.0,550.0,3060.0,1443.0,1549.0,2934.0,1401.0,169.0,2179.0,1834.0,2023,12,5,17
18,235699,177,235700,128,3.0,1,1,19.0,550.0,3060.0,1443.0,1549.0,2934.0,1401.0,169.0,2179.0,1834.0,2023,12,5,17
18,235701,63,235702,118,3.0,4,1,27.0,692.0,28.0,704.0,146.0,2126.0,3121.0,2726.0,2200.0,315.0,2023,12,5,14
18,235701,63,235702,118,3.0,6,1,27.0,692.0,28.0,704.0,146.0,2126.0,3121.0,2726.0,2200.0,315.0,2023,12,5,14
18,235695,71,235696,128,3.0,3,0,26.0,2041.0,273.0,416.0,736.0,2934.0,1401.0,169.0,2179.0,1834.0,2023,12,4,14
18,235695,71,235696,128,3.0,5,0,26.0,2041.0,273.0,416.0,736.0,2934.0,1401.0,169.0,2179.0,1834.0,2023,12,4,14
18,235695,71,235696,128,3.0,1,1,26.0,2041.0,273.0,416.0,736.0,2934.0,1401.0,169.0,2179.0,1834.0,2023,12,4,14
18,235697,42,235698,118,3.0,4,0,553.0,39.0,612.0,163.0,457.0,2126.0,3121.0,2726.0,2200.0,315.0,2023,12,4,12
18,235697,42,235698,118,3.0,0,0,553.0,39.0,612.0,163.0,457.0,2126.0,3121.0,2726.0,2200.0,315.0,2023,12,4,12
18,235305,63,235306,73,3.0,1,1,27.0,692.0,28.0,704.0,146.0,26.0,2041.0,273.0,416.0,736.0,2023,12,3,16
18,235305,63,235306,73,3.0,5,1,27.0,692.0,28.0,704.0,146.0,26.0,2041.0,273.0,416.0,736.0,2023,12,3,16
18,235305,63,235306,73,3.0,3,0,27.0,692.0,28.0,704.0,146.0,26.0,2041.0,273.0,416.0,736.0,2023,12,3,16
18,235303,85,235304,118,3.0,4,0,945.0,709.0,12.0,2848.0,5128.0,2126.0,3121.0,2726.0,2200.0,315.0,2023,12,3,14
18,235303,85,235304,118,3.0,5,0,945.0,709.0,12.0,2848.0,5128.0,2126.0,3121.0,2726.0,2200.0,315.0,2023,12,3,14
18,235297,42,235298,199,3.0,1,0,553.0,39.0,612.0,163.0,457.0,19.0,550.0,3060.0,1443.0,1549.0,2023,12,3,12
18,235297,42,235298,199,3.0,3,0,553.0,39.0,612.0,163.0,457.0,19.0,550.0,3060.0,1443.0,1549.0,2023,12,3,12
18,235295,50,235296,128,3.0,1,0,15.0,982.0,696.0,1661.0,1548.0,2934.0,1401.0,169.0,2179.0,1834.0,2023,12,3,9
18,235295,50,235296,128,3.0,0,1,15.0,982.0,696.0,1661.0,1548.0,2934.0,1401.0,169.0,2179.0,1834.0,2023,12,3,9
18,235295,50,235296,128,3.0,5,0,15.0,982.0,696.0,1661.0,1548.0,2934.0,1401.0,169.0,2179.0,1834.0,2023,12,3,9
18,235301,112,235302,73,3.0,0,0,2126.0,3121.0,2726.0,2200.0,315.0,26.0,2041.0,273.0,416.0,736.0,2023,12,2,16
18,235301,112,235302,73,3.0,8,0,2126.0,3121.0,2726.0,2200.0,315.0,26.0,2041.0,273.0,416.0,736.0,2023,12,2,16
18,235299,63,235300,89,3.0,0,1,27.0,692.0,28.0,704.0,146.0,945.0,709.0,12.0,2848.0,5128.0,2023,12,2,13
18,235299,63,235300,89,3.0,6,1,27.0,692.0,28.0,704.0,146.0,945.0,709.0,12.0,2848.0,5128.0,2023,12,2,13
18,235293,177,235294,128,3.0,1,1,19.0,550.0,3060.0,1443.0,1549.0,2934.0,1401.0,169.0,2179.0,1834.0,2023,12,2,11
18,235293,177,235294,128,3.0,6,1,19.0,550.0,3060.0,1443.0,1549.0,2934.0,1401.0,169.0,2179.0,1834.0,2023,12,2,11
18,235291,42,235292,50,3.0,6,1,553.0,39.0,612.0,163.0,457.0,15.0,982.0,696.0,1661.0,1548.0,2023,12,2,9
18,235291,42,235292,50,3.0,0,1,553.0,39.0,612.0,163.0,457.0,15.0,982.0,696.0,1661.0,1548.0,2023,12,2,9
26,235483,175,235484,214,5.0,4,1,1003.0,295.0,5057.0,3397.0,4710.0,572.0,493.0,266.0,2785.0,178.0,2023,12,6,13
26,235483,175,235484,214,5.0,1,1,1003.0,295.0,5057.0,3397.0,4710.0,572.0,493.0,266.0,2785.0,178.0,2023,12,6,13
26,235483,175,235484,214,5.0,0,0,1003.0,295.0,5057.0,3397.0,4710.0,572.0,493.0,266.0,2785.0,178.0,2023,12,6,13
26,235483,175,235484,214,5.0,8,1,1003.0,295.0,5057.0,3397.0,4710.0,572.0,493.0,266.0,2785.0,178.0,2023,12,6,13
26,235483,175,235484,214,5.0,6,0,1003.0,295.0,5057.0,3397.0,4710.0,572.0,493.0,266.0,2785.0,178.0,2023,12,6,13
26,235479,110,235480,196,3.0,4,0,216.0,4498.0,4574.0,1507.0,2707.0,1003.0,295.0,5057.0,3397.0,4710.0,2023,12,5,16
26,235479,110,235480,196,3.0,1,0,216.0,4498.0,4574.0,1507.0,2707.0,1003.0,295.0,5057.0,3397.0,4710.0,2023,12,5,16
26,235255,175,235256,61,3.0,4,1,1003.0,295.0,5057.0,3397.0,4710.0,626.0,625.0,628.0,1.0,204.0,2023,12,4,16
26,235255,175,235256,61,3.0,0,1,1003.0,295.0,5057.0,3397.0,4710.0,626.0,625.0,628.0,1.0,204.0,2023,12,4,16
26,235251,16,235252,61,3.0,4,0,11.0,495.0,3248.0,484.0,1757.0,626.0,625.0,628.0,1.0,204.0,2023,12,3,20
26,235251,16,235252,61,3.0,5,0,11.0,495.0,3248.0,484.0,1757.0,626.0,625.0,628.0,1.0,204.0,2023,12,3,20
26,235241,42,235242,116,3.0,1,1,553.0,39.0,612.0,163.0,457.0,216.0,4498.0,4574.0,1507.0,2707.0,2023,12,3,16
26,235241,42,235242,116,3.0,4,0,553.0,39.0,612.0,163.0,457.0,216.0,4498.0,4574.0,1507.0,2707.0,2023,12,3,16
26,235241,42,235242,116,3.0,3,0,553.0,39.0,612.0,163.0,457.0,216.0,4498.0,4574.0,1507.0,2707.0,2023,12,3,16
26,235253,187,235254,196,3.0,6,1,572.0,493.0,266.0,2785.0,178.0,1003.0,295.0,5057.0,3397.0,4710.0,2023,12,3,12
26,235253,187,235254,196,3.0,0,1,572.0,493.0,266.0,2785.0,178.0,1003.0,295.0,5057.0,3397.0,4710.0,2023,12,3,12
26,235249,61,235250,196,3.0,5,0,626.0,625.0,628.0,1.0,204.0,1003.0,295.0,5057.0,3397.0,4710.0,2023,12,2,17
26,235249,61,235250,196,3.0,4,0,626.0,625.0,628.0,1.0,204.0,1003.0,295.0,5057.0,3397.0,4710.0,2023,12,2,17
26,235247,16,235248,214,3.0,3,0,11.0,495.0,3248.0,484.0,1757.0,572.0,493.0,266.0,2785.0,178.0,2023,12,2,12
26,235247,16,235248,214,3.0,4,1,11.0,495.0,3248.0,484.0,1757.0,572.0,493.0,266.0,2785.0,178.0,2023,12,2,12
26,235247,16,235248,214,3.0,6,0,11.0,495.0,3248.0,484.0,1757.0,572.0,493.0,266.0,2785.0,178.0,2023,12,2,12
26,235239,110,235240,33,3.0,5,1,216.0,4498.0,4574.0,1507.0,2707.0,966.0,2163.0,2936.0,1092.0,6143.0,2023,12,1,17
26,235239,110,235240,33,3.0,0,1,216.0,4498.0,4574.0,1507.0,2707.0,966.0,2163.0,2936.0,1092.0,6143.0,2023,12,1,17
26,235237,75,235238,41,3.0,6,0,641.0,1203.0,862.0,2805.0,6.0,553.0,39.0,612.0,163.0,457.0,2023,12,1,14
26,235237,75,235238,41,3.0,4,0,641.0,1203.0,862.0,2805.0,6.0,553.0,39.0,612.0,163.0,457.0,2023,12,1,14
49,235289,61,235290,17,5.0,3,1,626.0,625.0,628.0,1.0,204.0,570.0,135.0,2611.0,1942.0,2765.0,2023,12,6,18
49,235289,61,235290,17,5.0,4,1,626.0,625.0,628.0,1.0,204.0,570.0,135.0,2611.0,1942.0,2765.0,2023,12,6,18
49,235289,61,235290,17,5.0,8,1,626.0,625.0,628.0,1.0,204.0,570.0,135.0,2611.0,1942.0,2765.0,2023,12,6,18
49,235289,61,235290,17,5.0,0,0,626.0,625.0,628.0,1.0,204.0,570.0,135.0,2611.0,1942.0,2765.0,2023,12,6,18
49,235285,83,235286,61,3.0,5,0,3637.0,613.0,4111.0,731.0,1119.0,626.0,625.0,628.0,1.0,204.0,2023,12,5,20
49,235285,83,235286,61,3.0,4,0,3637.0,613.0,4111.0,731.0,1119.0,626.0,625.0,628.0,1.0,204.0,2023,12,5,20
49,235287,50,235288,17,3.0,1,0,15.0,982.0,696.0,1661.0,1548.0,570.0,135.0,2611.0,1942.0,2765.0,2023,12,5,17
49,235287,50,235288,17,3.0,8,0,15.0,982.0,696.0,1661.0,1548.0,570.0,135.0,2611.0,1942.0,2765.0,2023,12,5,17
49,234911,61,234912,118,3.0,0,1,626.0,625.0,628.0,1.0,204.0,704.0,2126.0,3121.0,2726.0,2200.0,2023,12,4,20
49,234911,61,234912,118,3.0,4,1,626.0,625.0,628.0,1.0,204.0,704.0,2126.0,3121.0,2726.0,2200.0,2023,12,4,20
49,234901,75,234902,50,3.0,5,0,641.0,1203.0,862.0,2805.0,6.0,15.0,982.0,696.0,1661.0,1548.0,2023,12,4,17
49,234901,75,234902,50,3.0,6,1,641.0,1203.0,862.0,2805.0,6.0,15.0,982.0,696.0,1661.0,1548.0,2023,12,4,17
49,234901,75,234902,50,3.0,0,0,641.0,1203.0,862.0,2805.0,6.0,15.0,982.0,696.0,1661.0,1548.0,2023,12,4,17
49,234909,112,234910,42,3.0,0,1,704.0,2126.0,3121.0,2726.0,2200.0,472.0,532.0,749.0,540.0,32.0,2023,11,3,20
49,234909,112,234910,42,3.0,6,0,704.0,2126.0,3121.0,2726.0,2200.0,472.0,532.0,749.0,540.0,32.0,2023,11,3,20
49,234909,112,234910,42,3.0,3,1,704.0,2126.0,3121.0,2726.0,2200.0,472.0,532.0,749.0,540.0,32.0,2023,11,3,20
49,234907,14,234908,61,3.0,8,1,570.0,135.0,2611.0,1942.0,2765.0,626.0,625.0,628.0,1.0,204.0,2023,11,3,18
49,234907,14,234908,61,3.0,3,1,570.0,135.0,2611.0,1942.0,2765.0,626.0,625.0,628.0,1.0,204.0,2023,11,3,18
49,234905,43,234906,61,1.0,0,0,472.0,532.0,749.0,540.0,32.0,626.0,625.0,628.0,1.0,204.0,2023,11,3,16
49,234903,112,234904,17,1.0,3,0,704.0,2126.0,3121.0,2726.0,2200.0,570.0,135.0,2611.0,1942.0,2765.0,2023,11,3,14
49,234899,50,234900,68,3.0,6,1,15.0,982.0,696.0,1661.0,1548.0,65.0,2049.0,18.0,4048.0,2995.0,2023,11,2,21
49,234899,50,234900,68,3.0,1,0,15.0,982.0,696.0,1661.0,1548.0,65.0,2049.0,18.0,4048.0,2995.0,2023,11,2,21
49,234899,50,234900,68,3.0,8,1,15.0,982.0,696.0,1661.0,1548.0,65.0,2049.0,18.0,4048.0,2995.0,2023,11,2,21
49,234897,83,234898,79,3.0,6,0,3637.0,613.0,4111.0,731.0,1119.0,641.0,1203.0,862.0,2805.0,6.0,2023,11,2,18
49,234897,83,234898,79,3.0,5,1,3637.0,613.0,4111.0,731.0,1119.0,641.0,1203.0,862.0,2805.0,6.0,2023,11,2,18
49,234897,83,234898,79,3.0,0,1,3637.0,613.0,4111.0,731.0,1119.0,641.0,1203.0,862.0,2805.0,6.0,2023,11,2,18
49,234895,75,234896,68,1.0,8,1,641.0,1203.0,862.0,2805.0,6.0,65.0,2049.0,18.0,4048.0,2995.0,2023,11,2,15
49,234893,50,234894,87,1.0,5,0,15.0,982.0,696.0,1661.0,1548.0,3637.0,613.0,4111.0,731.0,1119.0,2023,11,2,14
11,235085,63,235086,199,3.0,5,0,27.0,692.0,28.0,35.0,146.0,19.0,550.0,3060.0,1443.0,1549.0,2023,11,6,19
11,235085,63,235086,199,3.0,8,0,27.0,692.0,28.0,35.0,146.0,19.0,550.0,3060.0,1443.0,1549.0,2023,11,6,19
11,235081,63,235082,42,3.0,1,1,27.0,692.0,28.0,35.0,146.0,472.0,532.0,749.0,540.0,32.0,2023,11,5,21
11,235081,63,235082,42,3.0,5,0,27.0,692.0,28.0,35.0,146.0,472.0,532.0,749.0,540.0,32.0,2023,11,5,21
11,235081,63,235082,42,3.0,0,1,27.0,692.0,28.0,35.0,146.0,472.0,532.0,749.0,540.0,32.0,2023,11,5,21
11,235083,177,235084,41,3.0,4,1,19.0,550.0,3060.0,1443.0,1549.0,457.0,553.0,39.0,612.0,163.0,2023,11,5,17
11,235083,177,235084,41,3.0,5,0,19.0,550.0,3060.0,1443.0,1549.0,457.0,553.0,39.0,612.0,163.0,2023,11,5,17
11,235083,177,235084,41,3.0,3,1,19.0,550.0,3060.0,1443.0,1549.0,457.0,553.0,39.0,612.0,163.0,2023,11,5,17
11,235077,43,235078,128,3.0,1,0,472.0,532.0,749.0,540.0,32.0,2934.0,1401.0,169.0,2179.0,1834.0,2023,11,4,20
11,235077,43,235078,128,3.0,6,1,472.0,532.0,749.0,540.0,32.0,2934.0,1401.0,169.0,2179.0,1834.0,2023,11,4,20
11,235077,43,235078,128,3.0,5,1,472.0,532.0,749.0,540.0,32.0,2934.0,1401.0,169.0,2179.0,1834.0,2023,11,4,20
11,235079,42,235080,89,3.0,3,1,457.0,553.0,39.0,612.0,163.0,945.0,709.0,12.0,439.0,2848.0,2023,11,4,17
11,235079,42,235080,89,3.0,5,1,457.0,553.0,39.0,612.0,163.0,945.0,709.0,12.0,439.0,2848.0,2023,11,4,17
11,234127,177,234128,42,3.0,3,1,19.0,550.0,3060.0,1443.0,1549.0,472.0,532.0,749.0,540.0,32.0,2023,11,3,20
11,234127,177,234128,42,3.0,5,0,19.0,550.0,3060.0,1443.0,1549.0,472.0,532.0,749.0,540.0,32.0,2023,11,3,20
11,234127,177,234128,42,3.0,1,1,19.0,550.0,3060.0,1443.0,1549.0,472.0,532.0,749.0,540.0,32.0,2023,11,3,20
11,234125,85,234126,19,3.0,8,1,945.0,709.0,12.0,439.0,2848.0,11.0,495.0,4600.0,3248.0,640.0,2023,11,3,18
11,234125,85,234126,19,3.0,6,1,945.0,709.0,12.0,439.0,2848.0,11.0,495.0,4600.0,3248.0,640.0,2023,11,3,18
11,234123,63,234124,41,3.0,0,1,27.0,692.0,28.0,35.0,146.0,457.0,553.0,39.0,612.0,163.0,2023,11,3,14
11,234123,63,234124,41,3.0,1,1,27.0,692.0,28.0,35.0,146.0,457.0,553.0,39.0,612.0,163.0,2023,11,3,14
11,234123,63,234124,41,3.0,6,0,27.0,692.0,28.0,35.0,146.0,457.0,553.0,39.0,612.0,163.0,2023,11,3,14
11,234121,127,234122,128,3.0,6,0,143.0,2799.0,22.0,152.0,773.0,2934.0,1401.0,169.0,2179.0,1834.0,2023,11,3,12
11,234121,127,234122,128,3.0,4,0,143.0,2799.0,22.0,152.0,773.0,2934.0,1401.0,169.0,2179.0,1834.0,2023,11,3,12
11,234119,43,234120,19,3.0,0,1,472.0,532.0,749.0,540.0,32.0,11.0,495.0,4600.0,3248.0,640.0,2023,11,2,19
11,234119,43,234120,19,3.0,6,1,472.0,532.0,749.0,540.0,32.0,11.0,495.0,4600.0,3248.0,640.0,2023,11,2,19
11,234117,177,234118,89,3.0,3,1,19.0,550.0,3060.0,1443.0,1549.0,945.0,709.0,12.0,439.0,2848.0,2023,11,2,17
11,234117,177,234118,89,3.0,5,1,19.0,550.0,3060.0,1443.0,1549.0,945.0,709.0,12.0,439.0,2848.0,2023,11,2,17
11,234115,42,234116,128,3.0,1,1,457.0,553.0,39.0,612.0,163.0,2934.0,1401.0,169.0,2179.0,1834.0,2023,11,2,14
11,234115,42,234116,128,3.0,3,1,457.0,553.0,39.0,612.0,163.0,2934.0,1401.0,169.0,2179.0,1834.0,2023,11,2,14
11,234115,42,234116,128,3.0,0,0,457.0,553.0,39.0,612.0,163.0,2934.0,1401.0,169.0,2179.0,1834.0,2023,11,2,14
11,234113,63,234114,135,3.0,8,1,27.0,692.0,28.0,35.0,146.0,143.0,2799.0,22.0,152.0,773.0,2023,11,2,12
11,234113,63,234114,135,3.0,5,1,27.0,692.0,28.0,35.0,146.0,143.0,2799.0,22.0,152.0,773.0,2023,11,2,12
33,234335,175,234336,5,3.0,4,1,1003.0,295.0,5057.0,3397.0,4710.0,789.0,1626.0,1627.0,948.0,6715.0,2023,11,1,17
33,234335,175,234336,5,3.0,1,1,1003.0,295.0,5057.0,3397.0,4710.0,789.0,1626.0,1627.0,948.0,6715.0,2023,11,1,17
33,234333,17,234334,116,3.0,1,0,1008.0,1892.0,3059.0,2070.0,1867.0,216.0,4498.0,4574.0,1507.0,2707.0,2023,11,0,20
33,234333,17,234334,116,3.0,3,0,1008.0,1892.0,3059.0,2070.0,1867.0,216.0,4498.0,4574.0,1507.0,2707.0,2023,11,0,20
33,234331,110,234332,27,3.0,1,1,216.0,4498.0,4574.0,1507.0,2707.0,1958.0,164.0,1575.0,2810.0,1824.0,2023,11,0,14
33,234331,110,234332,27,3.0,0,1,216.0,4498.0,4574.0,1507.0,2707.0,1958.0,164.0,1575.0,2810.0,1824.0,2023,11,0,14
33,234161,57,234162,27,3.0,1,0,158.0,4903.0,156.0,157.0,197.0,1958.0,164.0,1575.0,2810.0,1824.0,2023,11,1,14
33,234161,57,234162,27,3.0,8,0,158.0,4903.0,156.0,157.0,197.0,1958.0,164.0,1575.0,2810.0,1824.0,2023,11,1,14
33,234159,17,234160,17,3.0,3,1,1008.0,1892.0,3059.0,2070.0,1867.0,58.0,135.0,2611.0,1942.0,2765.0,2023,11,0,17
33,234157,14,234158,27,3.0,3,1,570.0,135.0,2611.0,1942.0,2765.0,1958.0,164.0,1575.0,2810.0,1824.0,2023,11,6,17
33,234157,14,234158,27,3.0,8,0,570.0,135.0,2611.0,1942.0,2765.0,1958.0,164.0,1575.0,2810.0,1824.0,2023,11,6,17
33,234155,17,234156,57,3.0,1,1,1008.0,1892.0,3059.0,2070.0,1867.0,158.0,4903.0,156.0,157.0,197.0,2023,11,5,17
33,234155,17,234156,57,3.0,0,1,1008.0,1892.0,3059.0,2070.0,1867.0,158.0,4903.0,156.0,157.0,197.0,2023,11,5,17
38,234669,59,234670,17,3.0,3,0,1962.0,961.0,4543.0,3395.0,5138.0,570.0,135.0,2611.0,1942.0,2765.0,2023,11,5,22
38,234679,118,234680,17,3.0,0,0,1394.0,772.0,4530.0,940.0,1882.0,570.0,135.0,2611.0,1942.0,2765.0,2023,11,4,22
38,234677,141,234678,17,3.0,1,1,4986.0,2244.0,4435.0,1010.0,3228.0,570.0,135.0,2611.0,1942.0,2765.0,2023,11,4,17
38,234677,141,234678,17,3.0,6,0,4986.0,2244.0,4435.0,1010.0,3228.0,570.0,135.0,2611.0,1942.0,2765.0,2023,11,4,17
38,234675,17,234676,125,3.0,1,0,1008.0,1892.0,2070.0,1867.0,3059.0,1394.0,772.0,4530.0,940.0,1882.0,2023,11,4,17
38,234675,17,234676,125,3.0,5,1,1008.0,1892.0,2070.0,1867.0,3059.0,1394.0,772.0,4530.0,940.0,1882.0,2023,11,4,17
38,234675,17,234676,125,3.0,6,0,1008.0,1892.0,2070.0,1867.0,3059.0,1394.0,772.0,4530.0,940.0,1882.0,2023,11,4,17
38,234687,181,234688,183,3.0,6,1,3020.0,3192.0,5827.0,4765.0,3526.0,4400.0,6146.0,1151.0,504.0,274.0,2023,11,4,15
38,234687,181,234688,183,3.0,4,1,3020.0,3192.0,5827.0,4765.0,3526.0,4400.0,6146.0,1151.0,504.0,274.0,2023,11,4,15
38,234653,139,234654,115,3.0,6,0,1719.0,2191.0,805.0,804.0,2932.0,845.0,1817.0,1687.0,881.0,1677.0,2023,11,3,23
38,234663,141,234664,60,3.0,0,0,4986.0,2244.0,4435.0,1010.0,3228.0,1962.0,961.0,4543.0,3395.0,5138.0,2023,11,3,22
38,234663,141,234664,60,3.0,3,0,4986.0,2244.0,4435.0,1010.0,3228.0,1962.0,961.0,4543.0,3395.0,5138.0,2023,11,3,22
35,234105,112,234106,63,3.0,5,0,704.0,2126.0,3121.0,2726.0,2200.0,27.0,692.0,28.0,35.0,146.0,2023,11,6,16
35,234105,112,234106,63,3.0,4,0,704.0,2126.0,3121.0,2726.0,2200.0,27.0,692.0,28.0,35.0,146.0,2023,11,6,16
35,234103,63,234104,50,3.0,1,1,27.0,692.0,28.0,35.0,146.0,150.0,982.0,4383.0,1661.0,1548.0,2023,11,6,10
35,234103,63,234104,50,3.0,5,0,27.0,692.0,28.0,35.0,146.0,150.0,982.0,4383.0,1661.0,1548.0,2023,11,6,10
35,234103,63,234104,50,3.0,0,1,27.0,692.0,28.0,35.0,146.0,150.0,982.0,4383.0,1661.0,1548.0,2023,11,6,10
35,234097,16,234098,118,3.0,6,0,11.0,495.0,4600.0,3248.0,640.0,704.0,2126.0,3121.0,2726.0,2200.0,2023,11,6,7
35,234097,16,234098,118,3.0,8,0,11.0,495.0,4600.0,3248.0,640.0,704.0,2126.0,3121.0,2726.0,2200.0,2023,11,6,7
35,234097,16,234098,118,3.0,4,1,11.0,495.0,4600.0,3248.0,640.0,704.0,2126.0,3121.0,2726.0,2200.0,2023,11,6,7
35,234099,50,234100,135,3.0,5,1,150.0,982.0,4383.0,1661.0,1548.0,2799.0,152.0,143.0,22.0,4080.0,2023,11,5,10
35,234099,50,234100,135,3.0,0,1,150.0,982.0,4383.0,1661.0,1548.0,2799.0,152.0,143.0,22.0,4080.0,2023,11,5,10
35,234099,50,234100,135,3.0,6,0,150.0,982.0,4383.0,1661.0,1548.0,2799.0,152.0,143.0,22.0,4080.0,2023,11,5,10
35,234107,112,234108,114,3.0,6,1,704.0,2126.0,3121.0,2726.0,2200.0,1271.0,1270.0,2159.0,7709.0,3062.0,2023,11,5,7
35,234107,112,234108,114,3.0,3,1,704.0,2126.0,3121.0,2726.0,2200.0,1271.0,1270.0,2159.0,7709.0,3062.0,2023,11,5,7
35,233813,189,233814,135,3.0,0,0,1156.0,1273.0,1730.0,1113.0,1153.0,2799.0,152.0,143.0,22.0,4080.0,2023,11,3,16
35,233813,189,233814,135,3.0,6,0,1156.0,1273.0,1730.0,1113.0,1153.0,2799.0,152.0,143.0,22.0,4080.0,2023,11,3,16
35,233811,112,233812,63,3.0,6,0,704.0,2126.0,3121.0,2726.0,2200.0,27.0,692.0,28.0,35.0,146.0,2023,11,3,12
35,233811,112,233812,63,3.0,4,1,704.0,2126.0,3121.0,2726.0,2200.0,27.0,692.0,28.0,35.0,146.0,2023,11,3,12
35,233811,112,233812,63,3.0,5,0,704.0,2126.0,3121.0,2726.0,2200.0,27.0,692.0,28.0,35.0,146.0,2023,11,3,12
35,233809,63,233810,135,1.0,0,1,27.0,692.0,28.0,35.0,146.0,2799.0,152.0,143.0,22.0,4080.0,2023,11,3,8
35,233807,112,233808,216,1.0,3,1,704.0,2126.0,3121.0,2726.0,2200.0,1156.0,1273.0,1730.0,1113.0,1153.0,2023,11,3,7
35,233805,164,233806,114,3.0,9,0,4400.0,6146.0,1151.0,504.0,274.0,1271.0,1270.0,2159.0,7709.0,3062.0,2023,11,2,15
35,233803,50,233804,19,3.0,6,0,150.0,982.0,4383.0,1661.0,1548.0,11.0,495.0,4600.0,3248.0,640.0,2023,11,2,11
35,233803,50,233804,19,3.0,0,0,150.0,982.0,4383.0,1661.0,1548.0,11.0,495.0,4600.0,3248.0,640.0,2023,11,2,11
35,233803,50,233804,19,3.0,8,1,150.0,982.0,4383.0,1661.0,1548.0,11.0,495.0,4600.0,3248.0,640.0,2023,11,2,11
35,233801,16,233802,114,1.0,0,1,11.0,495.0,4600.0,3248.0,640.0,1271.0,1270.0,2159.0,7709.0,3062.0,2023,11,2,8
60,239253,124,239254,56,3.0,5,1,3538.0,4065.0,6142.0,3344.0,5284.0,1446.0,1689.0,2053.0,2537.0,3922.0,2024,2,5,23
60,239251,8,239252,56,3.0,4,0,932.0,3464.0,1436.0,5156.0,961.0,1446.0,1689.0,2053.0,2537.0,3922.0,2024,2,5,17
60,239251,8,239252,56,3.0,3,1,932.0,3464.0,1436.0,5156.0,961.0,1446.0,1689.0,2053.0,2537.0,3922.0,2024,2,5,17
60,239249,124,239250,10,3.0,8,1,3538.0,4065.0,6142.0,3344.0,5284.0,932.0,3464.0,1436.0,5156.0,961.0,2024,2,4,21
60,239239,124,239240,56,3.0,5,0,3538.0,4065.0,6142.0,3344.0,5284.0,1446.0,1689.0,2053.0,2537.0,3922.0,2024,2,3,21
110,233863,63,233864,214,3.0,0,1,27.0,692.0,28.0,35.0,146.0,572.0,493.0,266.0,2785.0,178.0,2023,11,6,21
110,233863,63,233864,214,3.0,8,1,27.0,692.0,28.0,35.0,146.0,572.0,493.0,266.0,2785.0,178.0,2023,11,6,21
110,233921,117,233922,214,3.0,6,1,3202.0,1420.0,3168.0,607.0,3032.0,572.0,493.0,266.0,2785.0,178.0,2023,11,5,21
110,233921,117,233922,214,3.0,4,0,3202.0,1420.0,3168.0,607.0,3032.0,572.0,493.0,266.0,2785.0,178.0,2023,11,5,21
110,233921,117,233922,214,3.0,1,0,3202.0,1420.0,3168.0,607.0,3032.0,572.0,493.0,266.0,2785.0,178.0,2023,11,5,21
110,233947,42,233948,63,3.0,1,0,553.0,39.0,612.0,163.0,457.0,27.0,692.0,28.0,35.0,146.0,2023,11,5,18
110,233947,42,233948,63,3.0,0,0,553.0,39.0,612.0,163.0,457.0,27.0,692.0,28.0,35.0,146.0,2023,11,5,18
110,233947,42,233948,63,3.0,6,1,553.0,39.0,612.0,163.0,457.0,27.0,692.0,28.0,35.0,146.0,2023,11,5,18
110,233861,85,233862,214,3.0,6,0,6470.0,945.0,709.0,6665.0,12.0,572.0,493.0,266.0,2785.0,178.0,2023,11,5,15
110,233861,85,233862,214,3.0,8,0,6470.0,945.0,709.0,6665.0,12.0,572.0,493.0,266.0,2785.0,178.0,2023,11,5,15
110,233857,63,233858,118,3.0,0,1,27.0,692.0,28.0,35.0,146.0,704.0,2126.0,3121.0,2726.0,2200.0,2023,11,4,21
110,233857,63,233858,118,3.0,5,1,27.0,692.0,28.0,35.0,146.0,704.0,2126.0,3121.0,2726.0,2200.0,2023,11,4,21
110,233857,63,233858,118,3.0,8,0,27.0,692.0,28.0,35.0,146.0,704.0,2126.0,3121.0,2726.0,2200.0,2023,11,4,21
110,233855,42,233856,27,3.0,3,1,553.0,39.0,612.0,163.0,457.0,1958.0,164.0,1575.0,2810.0,1824.0,2023,11,4,18
110,233855,42,233856,27,3.0,5,1,553.0,39.0,612.0,163.0,457.0,1958.0,164.0,1575.0,2810.0,1824.0,2023,11,4,18
110,233859,175,233860,124,3.0,5,0,1003.0,295.0,5057.0,3397.0,4710.0,3202.0,1420.0,3168.0,607.0,3032.0,2023,11,4,12
110,233859,175,233860,124,3.0,8,0,1003.0,295.0,5057.0,3397.0,4710.0,3202.0,1420.0,3168.0,607.0,3032.0,2023,11,4,12
110,233659,61,233660,27,3.0,8,0,626.0,625.0,628.0,1.0,204.0,1958.0,164.0,1575.0,2810.0,1824.0,2023,10,1,21
110,233659,61,233660,27,3.0,0,0,626.0,625.0,628.0,1.0,204.0,1958.0,164.0,1575.0,2810.0,1824.0,2023,10,1,21
110,233659,61,233660,27,3.0,6,1,626.0,625.0,628.0,1.0,204.0,1958.0,164.0,1575.0,2810.0,1824.0,2023,10,1,21
110,233649,43,233650,118,3.0,9,0,472.0,532.0,749.0,540.0,32.0,704.0,2126.0,3121.0,2726.0,2200.0,2023,10,1,18
110,233657,85,233658,27,3.0,0,0,6470.0,945.0,709.0,6665.0,12.0,1958.0,164.0,1575.0,2810.0,1824.0,2023,10,1,15
110,233657,85,233658,27,3.0,5,1,6470.0,945.0,709.0,6665.0,12.0,1958.0,164.0,1575.0,2810.0,1824.0,2023,10,1,15
110,233657,85,233658,27,3.0,8,1,6470.0,945.0,709.0,6665.0,12.0,1958.0,164.0,1575.0,2810.0,1824.0,2023,10,1,15
110,233655,130,233656,61,3.0,8,0,1018.0,1696.0,1987.0,546.0,1812.0,626.0,625.0,628.0,1.0,204.0,2023,10,1,12
110,233655,130,233656,61,3.0,4,0,1018.0,1696.0,1987.0,546.0,1812.0,626.0,625.0,628.0,1.0,204.0,2023,10,1,12
110,233647,175,233648,118,3.0,0,1,1003.0,295.0,5057.0,3397.0,4710.0,704.0,2126.0,3121.0,2726.0,2200.0,2023,10,0,21
110,233647,175,233648,118,3.0,4,1,1003.0,295.0,5057.0,3397.0,4710.0,704.0,2126.0,3121.0,2726.0,2200.0,2023,10,0,21
110,233653,61,233654,27,3.0,5,0,626.0,625.0,628.0,1.0,204.0,1958.0,164.0,1575.0,2810.0,1824.0,2023,10,0,18
110,233653,61,233654,27,3.0,0,0,626.0,625.0,628.0,1.0,204.0,1958.0,164.0,1575.0,2810.0,1824.0,2023,10,0,18
110,233645,43,233646,115,3.0,6,1,472.0,532.0,749.0,540.0,32.0,845.0,1817.0,1102.0,881.0,1677.0,2023,10,0,15
110,233645,43,233646,115,3.0,8,1,472.0,532.0,749.0,540.0,32.0,845.0,1817.0,1102.0,881.0,1677.0,2023,10,0,15
110,233651,85,233652,138,3.0,8,1,6470.0,945.0,709.0,6665.0,12.0,1018.0,1696.0,1987.0,546.0,1812.0,2023,10,0,12
110,233651,85,233652,138,3.0,5,1,6470.0,945.0,709.0,6665.0,12.0,1018.0,1696.0,1987.0,546.0,1812.0,2023,10,0,12
110,233651,85,233652,138,3.0,4,0,6470.0,945.0,709.0,6665.0,12.0,1018.0,1696.0,1987.0,546.0,1812.0,2023,10,0,12
110,233639,117,233640,169,3.0,1,1,3202.0,1420.0,3168.0,607.0,3032.0,928.0,3110.0,3517.0,3112.0,927.0,2023,10,6,21
110,233639,117,233640,169,3.0,8,1,3202.0,1420.0,3168.0,607.0,3032.0,928.0,3110.0,3517.0,3112.0,927.0,2023,10,6,21
110,233643,112,233644,115,3.0,8,1,704.0,2126.0,3121.0,2726.0,2200.0,845.0,1817.0,1102.0,881.0,1677.0,2023,10,6,18
110,233643,112,233644,115,3.0,0,1,704.0,2126.0,3121.0,2726.0,2200.0,845.0,1817.0,1102.0,881.0,1677.0,2023,10,6,18
110,233629,68,233630,214,3.0,6,0,739.0,1443.0,65.0,2049.0,209.0,572.0,493.0,266.0,2785.0,178.0,2023,10,6,12
110,233629,68,233630,214,3.0,3,1,739.0,1443.0,65.0,2049.0,209.0,572.0,493.0,266.0,2785.0,178.0,2023,10,6,12
110,233629,68,233630,214,3.0,0,0,739.0,1443.0,65.0,2049.0,209.0,572.0,493.0,266.0,2785.0,178.0,2023,10,6,12
110,233637,63,233638,124,3.0,4,1,27.0,692.0,28.0,35.0,146.0,3202.0,1420.0,3168.0,607.0,3032.0,2023,10,5,20
110,233637,63,233638,124,3.0,5,1,27.0,692.0,28.0,35.0,146.0,3202.0,1420.0,3168.0,607.0,3032.0,2023,10,5,20
110,233635,188,233636,169,3.0,0,0,3836.0,1886.0,2588.0,1778.0,4567.0,928.0,3110.0,3517.0,3112.0,927.0,2023,10,5,17
110,233635,188,233636,169,3.0,1,1,3836.0,1886.0,2588.0,1778.0,4567.0,928.0,3110.0,3517.0,3112.0,927.0,2023,10,5,17
110,233635,188,233636,169,3.0,5,0,3836.0,1886.0,2588.0,1778.0,4567.0,928.0,3110.0,3517.0,3112.0,927.0,2023,10,5,17
110,233627,42,233628,214,3.0,1,1,553.0,39.0,612.0,163.0,457.0,572.0,493.0,266.0,2785.0,178.0,2023,10,5,14
110,233627,42,233628,214,3.0,8,0,553.0,39.0,612.0,163.0,457.0,572.0,493.0,266.0,2785.0,178.0,2023,10,5,14
110,233627,42,233628,214,3.0,0,1,553.0,39.0,612.0,163.0,457.0,572.0,493.0,266.0,2785.0,178.0,2023,10,5,14
110,233633,63,233634,169,3.0,1,1,27.0,692.0,28.0,35.0,146.0,928.0,3110.0,3517.0,3112.0,927.0,2023,10,4,21
110,233633,63,233634,169,3.0,5,1,27.0,692.0,28.0,35.0,146.0,928.0,3110.0,3517.0,3112.0,927.0,2023,10,4,21
110,233623,127,233624,214,3.0,3,0,2799.0,152.0,143.0,22.0,4080.0,572.0,493.0,266.0,2785.0,178.0,2023,10,4,17
110,233623,127,233624,214,3.0,6,1,2799.0,152.0,143.0,22.0,4080.0,572.0,493.0,266.0,2785.0,178.0,2023,10,4,17
110,233623,127,233624,214,3.0,0,0,2799.0,152.0,143.0,22.0,4080.0,572.0,493.0,266.0,2785.0,178.0,2023,10,4,17
110,233631,117,233632,215,3.0,1,1,3202.0,1420.0,3168.0,607.0,3032.0,3836.0,1886.0,2588.0,1778.0,4567.0,2023,10,4,14
110,233631,117,233632,215,3.0,6,1,3202.0,1420.0,3168.0,607.0,3032.0,3836.0,1886.0,2588.0,1778.0,4567.0,2023,10,4,14
110,233621,42,233622,68,3.0,6,0,553.0,39.0,612.0,163.0,457.0,739.0,1443.0,65.0,2049.0,209.0,2023,10,4,11
110,233621,42,233622,68,3.0,3,1,553.0,39.0,612.0,163.0,457.0,739.0,1443.0,65.0,2049.0,209.0,2023,10,4,11
110,233621,42,233622,68,3.0,0,1,553.0,39.0,612.0,163.0,457.0,739.0,1443.0,65.0,2049.0,209.0,2023,10,4,11
