,team_id,team_name
0,288898,Natus Vincere
1,288894,PARIVISION
2,288896,Team Vitality
3,288890,PARIVISION
4,288892,Aurora Gaming
5,288486,Team Spirit
6,288476,Team Vitality
7,288470,Team Falcons
8,288460,Aurora Gaming
9,288482,Team Spirit
10,288484,The Mongolz
11,288468,FURIA Esports
12,288466,Team Falcons
13,288472,Team Vitality
14,288474,Team Spirit
15,288478,9z Team
16,288480,Team Liquid
17,288458,FURIA Esports
18,288456,Natus Vincere
19,288462,TYLOO
20,288464,B8 Esports
21,288448,Team Vitality
22,288450,The Mongolz
23,288452,Team Spirit
24,288454,Ninjas in Pyjamas
25,288440,FURIA Esports
26,288442,Aurora Gaming
27,288444,Natus Vincere
28,288446,NRG Esports
29,288328,Aurora Gaming
30,288330,Astralis
31,288324,Astralis
32,288326,Natus Vincere
33,288316,Astralis
34,288322,MOUZ
35,288318,Legacy
36,288320,The Mongolz
37,288208,FURIA Esports
38,288206,G2 Esports
39,288204,Natus Vincere
40,288166,G2 Esports
41,288172,FURIA Esports
42,288170,Astralis
43,288164,Natus Vincere
44,288162,The Mongolz
45,288168,FUT Esports
46,288080,Team Spirit
47,288092,FURIA Esports
48,288078,MOUZ
49,288088,Legacy
50,288084,Natus Vincere
51,288086,FUT Esports
52,288082,paiN Gaming
53,288090,FaZe Clan
54,288054,Team Spirit
55,288056,FURIA Esports
56,288052,FUT Esports
57,288050,MOUZ
58,288048,Legacy
59,288046,Natus Vincere
60,288042,The Mongolz
61,288044,FaZe Clan
62,287798,FURIA Esports
63,287802,MOUZ
64,287806,The Mongolz
65,287812,G2 Esports
66,287800,Team Spirit
67,287808,Aurora Gaming
68,287804,Natus Vincere
69,287810,FUT Esports
70,287748,Team 3DMAX
71,287746,G2 Esports
72,287744,PARIVISION
73,287652,Team Liquid
74,287646,G2 Esports
75,287648,Heroic
76,287650,Ninjas in Pyjamas
77,287642,PARIVISION
78,287644,Team 3DMAX
79,287582,Ninjas in Pyjamas
80,287584,G2 Esports
81,287578,Team 3DMAX
82,287576,Team Liquid
83,287574,PARIVISION
84,287570,FUT Esports
85,287572,Heroic
86,287562,G2 Esports
87,287560,Team Liquid
88,287556,Passion UA
89,287558,Ninjas in Pyjamas
90,287552,PARIVISION
91,287554,Team 3DMAX
92,287550,NRG Esports
93,287548,Heroic
94,287470,Team Liquid
95,287472,Team 3DMAX
96,287466,FUT Esports
97,287474,Ninjas in Pyjamas
98,287464,G2 Esports
99,287468,Astralis
100,287462,PARIVISION
101,287476,Heroic
102,287446,FOKUS
103,287438,9INE
104,287426,BetBoom Team
105,287148,PARIVISION
106,287146,MOUZ
107,287144,Team Vitality
108,287142,PARIVISION
109,287136,The Mongolz
110,287134,Team Vitality
111,287138,MOUZ
112,287140,PARIVISION
113,287112,Natus Vincere
114,287108,FUT Esports
115,287106,Aurora Gaming
116,287078,FURIA Esports
117,287080,G2 Esports
118,287074,Natus Vincere
119,287076,B8 Esports
120,287072,FaZe Clan
121,287070,MOUZ
122,286996,FURIA Esports
123,286998,G2 Esports
124,286992,MOUZ
125,286994,Team 3DMAX
126,286988,The Mongolz
127,286990,FUT Esports
128,286984,Natus Vincere
129,286986,FaZe Clan
130,286976,Team Vitality
131,286978,B8 Esports
132,286972,FURIA Esports
133,286974,Aurora Gaming
134,286968,Team Falcons
135,286970,G2 Esports
136,286966,Team 3DMAX
137,286964,Natus Vincere
138,286356,FURIA Esports
139,286358,The Mongolz
140,286352,Team Vitality
141,286354,Team Falcons
142,286350,FaZe Clan
143,286348,MOUZ
144,286344,Natus Vincere
145,286346,Aurora Gaming
146,286664,BetBoom Team
147,286660,BetBoom Team
148,286674,Inner Circle
149,286680,ENCE
150,286678,Alliance
151,286676,K27
152,286670,OG
153,286656,Fnatic
154,286646,BetBoom Team
155,286640,Team Nemesis
156,286642,Inner Circle
157,286638,Fnatic
158,286644,BET-M 33
159,286630,BetBoom Team
160,286634,Alliance
161,286636,Nuclear TigeRES
162,286632,ENCE
163,286294,FURIA Esports
164,286296,Team Spirit
165,286292,Team Vitality
166,286290,Team Spirit
167,286288,G2 Esports
168,286286,Aurora Gaming
169,286028,MOUZ
170,286030,Team Vitality
171,286008,G2 Esports
172,286010,FURIA Esports
173,286024,MOUZ
174,286026,Team 3DMAX
175,286014,FUT Esports
176,286012,Natus Vincere
177,286020,BCGame
178,286022,NRG Esports
179,286016,Team Vitality
180,286018,MOUZ
181,286006,Natus Vincere
182,286004,PARIVISION
183,286002,FURIA Esports
184,286000,FUT Esports
185,284614,Aurora Gaming
186,284612,MOUZ
187,284608,Team Vitality
188,284610,Team 3DMAX
189,284606,Astralis
190,284600,FURIA Esports
191,284604,Natus Vincere
192,284602,G2 Esports
193,285752,Aurora Gaming
194,285748,BCGame
195,285738,Astralis
196,285730,GamerLegion
197,285742,Legacy
198,285734,Team Liquid
199,285736,BCGame
200,285740,Ninjas in Pyjamas
201,285728,Aurora Gaming
202,285744,paiN Gaming
203,284566,Passion UA
204,284564,Team Liquid
205,284570,FUT Esports
206,284568,Legacy
207,284574,NRG Esports
208,284572,Astralis
209,284560,Aurora Gaming
210,284562,Heroic
211,284214,Team Falcons
212,285258,PARIVISION
213,285256,Team Vitality
214,284742,Team Spirit
215,284740,Team Vitality
216,284736,FURIA Esports
217,284738,Team Falcons
218,284822,BetBoom Team
219,284818,HOTU
220,284814,9INE
221,284816,Ursa
222,284812,Gentle Mates
223,284810,EYEBALLERS
224,284798,9INE
225,284800,BetBoom Team
226,284802,EYEBALLERS
227,284804,KOLESIE
228,284806,Gentle Mates
229,284808,BIG Academy
230,284788,Team Nemesis
231,284786,GenOne
232,284796,EYEBALLERS
233,284790,BIG Academy
234,284792,HOTU
235,284794,BetBoom Team
236,284782,FUT Esports
237,284784,Sangal Esports
238,284778,EYEBALLERS
239,284776,KOLESIE
240,284774,BetBoom Team
241,284780,Ursa
242,284766,FUT Esports
243,284768,9INE
244,284770,HOTU
245,284772,Nuclear TigeRES
246,284272,FURIA Esports
247,284270,EYEBALLERS
248,284268,Inner Circle
249,284266,PARIVISION
250,284264,Monte
251,284262,GamerLegion
252,284260,Gentle Mates
253,284258,paiN Gaming
254,283610,FURIA Esports
255,283630,paiN Gaming
256,283618,Team Spirit
257,283634,PARIVISION
258,283612,Team Falcons
259,283620,Team Liquid
260,283628,Team 3DMAX
261,283636,Gentle Mates
262,283614,Team Vitality
263,283622,Natus Vincere
264,283626,Heroic
265,283638,GamerLegion
266,283616,Aurora Gaming
267,283624,Astralis
268,283632,FaZe Clan
269,283640,FUT Esports
270,284586,Virtus.pro
271,281078,Team Vitality
272,282882,Natus Vincere
273,282880,Team Spirit
274,282876,FURIA Esports
275,282878,MOUZ
276,282874,Team Vitality
277,282872,Team Spirit
278,282812,G2 Esports
279,282810,FaZe Clan
280,282808,B8 Esports
281,282778,G2 Esports
282,282780,Team 3DMAX
283,282776,Passion UA
284,282774,MOUZ
285,282770,Natus Vincere
286,282772,B8 Esports
287,282764,FURIA Esports
288,282766,Team 3DMAX
289,282760,MOUZ
290,282762,Passion UA
291,282678,PARIVISION
292,282676,FURIA Esports
293,282674,Team Liquid
294,282672,MOUZ
295,282668,FaZe Clan
296,282670,Passion UA
297,282666,Team 3DMAX
298,282664,paiN Gaming
299,282662,FURIA Esports
300,282660,B8 Esports
301,282658,Team Vitality
302,282654,Passion UA
303,282652,Team Spirit
304,282650,Imperial Esports
305,282648,MOUZ
306,282474,Ninjas in Pyjamas
307,282472,Team Liquid
308,282470,Passion UA
309,282462,B8 Esports
310,282468,Team Liquid
311,282460,Imperial Esports
312,282466,Aurora Gaming
313,282458,PARIVISION
314,282464,Fnatic
315,282446,Natus Vincere
316,282444,MIBR
317,282448,FlyQuest
318,282442,FaZe Clan
319,282440,Fnatic
320,282438,PARIVISION
321,282436,TYLOO
322,282434,Passion UA
323,282420,Team Liquid
324,282416,B8 Esports
325,282422,MIBR
326,282410,Aurora Gaming
327,282424,Astralis
328,282412,Natus Vincere
329,282418,Team 3DMAX
330,282414,TYLOO
331,282234,MIBR
332,282226,Team Liquid
333,282224,Natus Vincere
334,282222,Aurora Gaming
335,282236,Passion UA
336,282232,TYLOO
337,282180,PARIVISION
338,282178,NRG Esports
339,282176,Fluxo
340,282160,PARIVISION
341,282156,Imperial Esports
342,282152,NRG Esports
343,282158,RED Canids
344,282150,Fluxo
345,282154,B8 Esports
346,282146,The Huns Esports
347,282148,M80
348,282144,FlyQuest
349,282142,GamerLegion
350,282138,Fnatic
351,282140,FaZe Clan
352,282134,Legacy
353,282136,B8 Esports
354,281800,FaZe Clan
355,281804,Fnatic
356,281806,Ninjas in Pyjamas
357,281802,GamerLegion
358,281796,PARIVISION
359,281798,B8 Esports
360,281792,Imperial Esports
361,281794,Legacy
362,281146,Fnatic
363,281140,FaZe Clan
364,281144,GamerLegion
365,281150,Ninjas in Pyjamas
366,281148,PARIVISION
367,281138,Legacy
368,281152,Imperial Esports
369,281142,B8 Esports
370,281480,FURIA Esports
371,281478,Team Falcons
372,281476,FURIA Esports
373,281474,Team Vitality
374,281472,Passion UA
375,281470,FURIA Esports
376,281468,paiN Gaming
377,281466,Passion UA
378,281464,The Mongolz
379,280636,Team Vitality
380,280634,FURIA Esports
381,280632,Team Spirit
382,280630,The Mongolz
383,281088,FURIA Esports
384,281090,MOUZ
385,281084,Team Falcons
386,281086,MOUZ
387,281080,FURIA Esports
388,281082,Astralis
389,280954,Team Spirit
390,280948,Astralis
391,280970,Team Vitality
392,280968,FURIA Esports
393,280952,The Mongolz
394,280950,Team Spirit
395,280962,Team Vitality
396,280964,G2 Esports
397,280940,Team Falcons
398,280942,TYLOO
399,280944,The Mongolz
400,280946,Heroic
401,280966,MOUZ
402,280960,FaZe Clan
403,280956,FURIA Esports
404,280958,Lynn Vision Gaming
405,280556,paiN Gaming
406,280554,Astralis
407,280564,G2 Esports
408,280552,The Mongolz
409,280560,MOUZ
410,280562,Team Vitality
411,280550,TYLOO
412,280558,FURIA Esports
413,280800,Aurora Gaming
414,280798,GamerLegion
415,280796,Legacy
416,280790,paiN Gaming
417,280792,SAW
418,280786,B8 Esports
419,280788,GamerLegion
420,280706,Aurora Gaming
421,280704,Legacy
422,280702,GamerLegion
423,280684,B8 Esports
424,280686,GamerLegion
425,280680,Team Liquid
426,280682,BetBoom Team
427,280678,Team 3DMAX
428,280676,Aurora Gaming
429,280652,Fnatic
430,280648,Ninjas in Pyjamas
431,280650,B8 Esports
432,280646,Aurora Gaming
433,280644,Team 3DMAX
434,280642,Astralis
435,280640,GamerLegion
436,280638,Team Liquid
437,280602,Team 3DMAX
438,280616,Astralis
439,280614,Fnatic
440,280608,Aurora Gaming
441,280606,Heroic
442,280612,SAW
443,280514,Aurora Gaming
444,280516,Astralis
445,280512,BetBoom Team
446,280508,GamerLegion
447,280506,Heroic
448,280504,Legacy
449,280502,paiN Gaming
450,279928,Team 3DMAX
451,279930,Team Liquid
452,279926,Heroic
453,279924,Team Liquid
454,279922,Legacy
455,279920,Team 3DMAX
456,279900,FUT Esports
457,279916,Virtus.pro
458,279906,Legacy
459,279890,Fnatic
460,279896,FUT Esports
461,279898,TYLOO
462,279914,Team 3DMAX
463,279912,MIBR
464,279886,TYLOO
465,279888,Heroic
466,279892,Fluxo
467,279894,B8 Esports
468,279904,Team Liquid
469,279902,Team 3DMAX
470,279908,The Huns Esports
471,279910,GamerLegion
472,279882,Heroic
473,279884,FUT Esports
474,279878,TYLOO
475,279880,Fnatic
476,279876,Lynn Vision Gaming
477,279874,GamerLegion
478,279870,The Huns Esports
479,279872,Virtus.pro
480,279624,FURIA Esports
481,279626,Aurora Gaming
482,279622,Natus Vincere
483,279620,FURIA Esports
484,279608,The Mongolz
485,279616,Imperial Esports
486,279614,Natus Vincere
487,279606,OG
488,279604,FURIA Esports
489,279612,Aurora Gaming
490,279610,Natus Vincere
491,279602,The Mongolz
492,279600,FURIA Esports
493,260092,Team Vitality
494,279568,FaZe Clan
495,279564,FaZe Clan
496,279566,MOUZ
497,279558,FURIA Esports
498,279556,Team Spirit
499,279560,MOUZ
500,279562,Team 3DMAX
501,279520,Aurora Gaming
502,279518,G2 Esports
503,279516,The Mongolz
504,279500,FaZe Clan
505,279498,Team Vitality
506,279494,Team 3DMAX
507,279496,The Mongolz
508,279492,Natus Vincere
509,279490,FURIA Esports
510,279426,MOUZ
511,279428,Team Spirit
512,279430,The Mongolz
513,279432,Astralis
514,279438,Team 3DMAX
515,279440,Inner Circle
516,279434,Team Vitality
517,279436,Gentle Mates
518,279286,FaZe Clan
519,279278,FURIA Esports
520,279284,Team Vitality
521,279276,Team Spirit
522,279282,Aurora Gaming
523,279274,MOUZ
524,279280,The Mongolz
525,279272,Team Falcons
526,279268,FURIA Esports
527,279264,Team Vitality
528,279266,Aurora Gaming
529,279260,The Mongolz
530,279262,Team Falcons
531,279258,MOUZ
532,279256,Team Spirit
533,279216,FURIA Esports
534,279214,Astralis
535,279212,G2 Esports
536,279190,Legacy
537,279196,FURIA Esports
538,279188,Team 3DMAX
539,279194,Astralis
540,279186,GamerLegion
541,279192,G2 Esports
542,279008,Heroic
543,279010,FURIA Esports
544,279014,NRG Esports
545,279006,Astralis
546,279004,G2 Esports
547,279002,Inner Circle
548,279012,M80
549,279000,HOTU
550,278920,FURIA Esports
551,278912,G2 Esports
552,278918,Legacy
553,278916,M80
554,278908,Astralis
555,278910,GamerLegion
556,278914,Team 3DMAX
557,278906,B8 Esports
558,278570,M80
559,278562,Heroic
560,278572,FURIA Esports
561,278568,Legacy
562,278574,GamerLegion
563,278564,Team 3DMAX
564,278560,G2 Esports
565,278566,Astralis
566,260088,The Mongolz
567,277880,FURIA Esports
568,277878,Team Liquid
569,277876,paiN Gaming
570,277874,FURIA Esports
571,277870,Aurora Gaming
572,277872,The Mongolz
573,277396,paiN Gaming
574,277394,Astralis
575,277392,FaZe Clan
576,277390,Astralis
577,277384,FURIA Esports
578,277388,TYLOO
579,277382,FaZe Clan
580,277386,Team 3DMAX
581,277380,G2 Esports
582,277366,Aurora Gaming
583,277370,Astralis
584,277364,Team Falcons
585,277372,Legacy
586,277374,Team 3DMAX
587,277376,Team Liquid
588,277378,Virtus.pro
589,277368,TYLOO
590,277354,FURIA Esports
591,277362,Heroic
592,277352,Aurora Gaming
593,277360,GamerLegion
594,277350,Team Falcons
595,277358,Virtus.pro
596,277348,Team 3DMAX
597,277356,The Mongolz
598,277236,FURIA Esports
599,277234,FaZe Clan
600,277232,G2 Esports
601,277230,Heroic
602,277228,Aurora Gaming
603,277226,Team Falcons
604,277224,The Mongolz
605,277222,GamerLegion
606,277826,Natus Vincere
607,277828,Ninjas in Pyjamas
608,277824,Gentle Mates
609,277822,Natus Vincere
610,277820,Passion UA
611,277818,PARIVISION
612,277810,Natus Vincere
613,277812,PARIVISION
614,277814,9INE
615,277816,B8 Esports
616,277164,Natus Vincere
617,277166,Gentle Mates
618,277170,OG
619,277168,B8 Esports
620,277514,Ninjas in Pyjamas
621,277520,OG
622,277518,BetBoom Team
623,277510,Legacy
624,260086,Team Vitality
625,277006,FURIA Esports
626,277004,Team Vitality
627,277002,FaZe Clan
628,276550,Team Spirit
629,276540,MOUZ
630,276534,M80
631,276524,Team Vitality
632,276548,G2 Esports
633,276546,Team Spirit
634,276530,Natus Vincere
635,276532,GamerLegion
636,276538,FURIA Esports
637,276536,MOUZ
638,276544,Legacy
639,276542,Imperial Esports
640,276522,Natus Vincere
641,276520,Team Vitality
642,276526,M80
643,276528,Fnatic
644,276516,FURIA Esports
645,276518,FlyQuest
646,276514,Team Liquid
647,276512,MOUZ
648,276508,Natus Vincere
649,276510,ECSTATIC
650,276506,Virtus.pro
651,276504,Team Vitality
652,276280,The Mongolz
653,276278,Team Vitality
654,276498,Team Falcons
655,276496,Team Vitality
656,276492,MOUZ
657,276494,Aurora Gaming
658,276490,Team Vitality
659,276488,Team 3DMAX
660,275406,Virtus.pro
661,275408,G2 Esports
662,275410,FaZe Clan
663,275412,Team Spirit
664,275398,Team Vitality
665,275400,TYLOO
666,275402,Natus Vincere
667,275404,GamerLegion
668,276138,Team Spirit
669,276134,Team Vitality
670,276136,MOUZ
671,276044,Team Spirit
672,276040,Team Vitality
673,276046,The Mongolz
674,276042,MOUZ
675,276216,Iberian Soul
676,276214,PARIVISION
677,276218,OG
678,276002,ENCE
679,276000,BetBoom Team
680,276020,Nemiga Gaming
681,276016,FUT Esports
682,276006,ECSTATIC
683,276014,Nemiga Gaming
684,276004,TEAM NEXT LEVEL
685,275996,Fnatic
686,275986,Ninjas in Pyjamas
687,275994,ENCE
688,275984,BIG
689,275420,Team Vitality
690,275384,MOUZ
691,275388,The Mongolz
692,275394,FURIA Esports
693,275386,Team Spirit
694,275390,FaZe Clan
695,275392,Natus Vincere
696,274546,Team Vitality
697,274554,Aurora Gaming
698,274552,The Mongolz
699,274576,Legacy
700,274548,MOUZ
701,274560,FURIA Esports
702,274568,Astralis
703,274550,Team Spirit
704,274558,Natus Vincere
705,274566,Virtus.pro
706,274556,FaZe Clan
707,274284,MOUZ
708,274280,Team Vitality
709,274282,Team Spirit
710,274276,MOUZ
711,274278,The Mongolz
712,274266,FURIA Esports
713,274274,FaZe Clan
714,274260,Team Vitality
715,274268,MOUZ
716,274272,Natus Vincere
717,274270,Aurora Gaming
718,274262,Team Falcons
719,274264,G2 Esports
720,274140,Team Liquid
721,274134,Aurora Gaming
722,274136,Ninjas in Pyjamas
723,274138,MOUZ
724,274132,Astralis
725,274130,Team Vitality
726,274126,Team Falcons
727,274128,GamerLegion
728,273616,Team Spirit
729,273610,MOUZ
730,273612,Natus Vincere
731,273614,Aurora Gaming
732,273602,Team Vitality
733,273608,The Mongolz
734,273606,Team Falcons
735,273604,G2 Esports
736,274116,Team 3DMAX
737,274114,Astralis
738,274112,Virtus.pro
739,274118,Team Liquid
740,274074,BIG
741,274064,Astralis
742,274070,MIBR
743,274072,FaZe Clan
744,274068,Team 3DMAX
745,274066,B8 Esports
746,274060,GamerLegion
747,274062,Complexity
748,273588,Team Liquid
749,273592,Ninjas in Pyjamas
750,273586,FaZe Clan
751,273590,Team 3DMAX
752,273600,FlyQuest
753,273598,Astralis
754,273594,GamerLegion
755,273596,TYLOO
756,273844,Astralis
757,273840,BetBoom Team
758,273842,TYLOO
759,273832,GamerLegion
760,273834,Astralis
761,273838,SAW
762,273836,TYLOO
763,273572,BetBoom Team
764,273562,MIBR
765,273542,FURIA Esports
766,273552,Team 3DMAX
767,273570,Complexity
768,273560,TYLOO
769,273568,BetBoom Team
770,273558,Virtus.pro
771,273550,Lynn Vision Gaming
772,273540,GamerLegion
773,273548,Team 3DMAX
774,273538,Wildcard Gaming
775,273556,Astralis
776,273566,Heroic
777,273554,Virtus.pro
778,273564,Complexity
779,273536,SAW
780,273546,paiN Gaming
781,273544,Team 3DMAX
782,273534,GamerLegion
783,273830,TEAM NEXT LEVEL
784,272628,Team Vitality
785,272626,The Mongolz
786,272624,MOUZ
787,272620,FaZe Clan
788,272618,Team Vitality
789,272622,FURIA Esports
790,272616,Team Spirit
791,271318,Virtus.pro
792,271316,The Mongolz
793,271314,Legacy
794,271304,Virtus.pro
795,271306,Natus Vincere
796,271302,The Mongolz
797,271312,Aurora Gaming
798,271310,Legacy
799,271308,Team 3DMAX
800,271292,paiN Gaming
801,271290,MOUZ
802,271286,FURIA Esports
803,271288,Team Spirit
804,271298,The Mongolz
805,271300,Aurora Gaming
806,271294,Team 3DMAX
807,271296,Legacy
808,271284,G2 Esports
809,271282,The Mongolz
810,271278,Team Vitality
811,271276,Team Spirit
812,271274,Team 3DMAX
813,271272,Aurora Gaming
814,271270,Virtus.pro
815,271268,Team Liquid
816,271266,Natus Vincere
817,271262,The Mongolz
818,271264,Aurora Gaming
819,271260,G2 Esports
820,271258,Team Spirit
821,271256,MOUZ
822,271254,Team Vitality
823,271248,FaZe Clan
824,271250,B8 Esports
825,271252,Nemiga Gaming
826,271238,FaZe Clan
827,271240,FURIA Esports
828,271246,Team Falcons
829,271236,paiN Gaming
830,271242,TYLOO
831,271244,Nemiga Gaming
832,271226,MIBR
833,271224,OG
834,271222,paiN Gaming
835,271220,FaZe Clan
836,271232,B8 Esports
837,271234,FURIA Esports
838,271228,TYLOO
839,271230,Team 3DMAX
840,271214,MIBR
841,271218,M80
842,271212,Team Falcons
843,271216,Heroic
844,271204,FaZe Clan
845,271206,Team 3DMAX
846,271210,Virtus.pro
847,271208,paiN Gaming
848,271202,M80
849,271200,MIBR
850,271196,paiN Gaming
851,271198,FURIA Esports
852,271192,Team 3DMAX
853,271194,Virtus.pro
854,271190,FaZe Clan
855,271188,Team Falcons
856,271186,FlyQuest
857,271184,Wildcard Gaming
858,271182,NRG Esports
859,271174,FlyQuest
860,271172,BetBoom Team
861,271180,Chinggis Warriors
862,271170,OG
863,271176,Complexity
864,271178,Imperial Esports
865,271158,Chinggis Warriors
866,271160,Imperial Esports
867,271156,B8 Esports
868,271154,Heroic
869,271168,Lynn Vision Gaming
870,271166,OG
871,271164,BetBoom Team
872,271162,NRG Esports
873,271152,Complexity
874,271142,BetBoom Team
875,271144,Lynn Vision Gaming
876,271138,B8 Esports
877,271140,Heroic
878,269938,FlyQuest
879,269936,Wildcard Gaming
880,269934,Lynn Vision Gaming
881,269932,TYLOO
882,269930,BetBoom Team
883,269928,B8 Esports
884,269926,Heroic
885,269924,Complexity
886,270706,Team Vitality
887,270702,Team Vitality
888,270704,The Mongolz
889,270698,Team Falcons
890,270700,The Mongolz
891,271020,G2 Esports
892,271010,Team Vitality
893,271026,MOUZ
894,271036,Heroic
895,271016,G2 Esports
896,271018,GamerLegion
897,271032,Heroic
898,271034,Team Liquid
899,271008,The Mongolz
900,271014,FURIA Esports
901,271030,Aurora Gaming
902,271024,Heroic
903,271006,Team Vitality
904,271022,MOUZ
905,271028,BCGame
906,271012,Legacy
907,270070,Aurora Gaming
908,270062,The Mongolz
909,270064,Lynn Vision Gaming
910,270072,NRG Esports
911,270066,MOUZ
912,270058,Team Vitality
913,270060,Team 3DMAX
914,270068,Team Liquid
915,270676,Astralis
916,270678,Aurora Gaming
917,270674,FURIA Esports
918,270672,Aurora Gaming
919,270416,Ninjas in Pyjamas
920,270414,FURIA Esports
921,270412,Astralis
922,270410,The Mongolz
923,270146,MIBR
924,270144,ODDIK
925,270142,Ninjas in Pyjamas
926,270134,Natus Vincere
927,270140,MIBR
928,270138,BIG
929,270132,Astralis
930,270136,Ninjas in Pyjamas
931,270130,FURIA Esports
932,270114,The Mongolz
933,270120,G2 Esports
934,270118,GamerLegion
935,270126,Ninjas in Pyjamas
936,270128,paiN Gaming
937,270122,FURIA Esports
938,270124,BIG
939,270112,G2 Esports
940,270110,Aurora Gaming
941,270104,Team Spirit
942,270102,Natus Vincere
943,270108,GamerLegion
944,270100,Astralis
945,270098,The Mongolz
946,270106,Virtus.pro
947,269686,paiN Gaming
948,269678,Team Spirit
949,269676,Natus Vincere
950,269684,Virtus.pro
951,269674,The Mongolz
952,269682,G2 Esports
953,269680,Astralis
954,269672,Aurora Gaming
955,269704,TYLOO
956,269712,JiJieHao
957,269708,FlyQuest
958,269706,Rare Atom
959,269702,TYLOO
960,269714,The Huns Esports
961,269710,JiJieHao
962,269700,FlyQuest
963,269698,TYLOO
964,269694,The Huns Esports
965,269222,Team Vitality
966,269218,Team Vitality
967,269220,MOUZ
968,269214,Team Spirit
969,269216,MOUZ
970,269230,Team Spirit
971,269228,FlyQuest
972,269226,MOUZ
973,269224,paiN Gaming
974,269212,FaZe Clan
975,269206,Team Vitality
976,269208,MOUZ
977,269210,Team Spirit
978,269054,Team Falcons
979,269052,The Mongolz
980,269050,MOUZ
981,269048,The Mongolz
982,269046,Team Falcons
983,269044,Natus Vincere
984,269042,Team Vitality
985,269038,MOUZ
986,269040,FaZe Clan
987,269036,Team Liquid
988,269034,Natus Vincere
989,269030,FaZe Clan
990,269032,GamerLegion
991,269024,SAW
992,269028,Team Falcons
993,269022,FlyQuest
994,269026,Team Vitality
995,269014,BIG
996,269020,FaZe Clan
997,269016,paiN Gaming
998,269018,MOUZ
999,268568,Team Falcons
1000,268570,MIBR
1001,268564,Team Vitality
1002,268566,Virtus.pro
1003,268556,MOUZ
1004,268558,Team 3DMAX
1005,268560,FaZe Clan
1006,268562,Complexity
1007,269006,BLUEJAYS
1008,269012,BESTIA
1009,269004,Getting Info
1010,269010,Legacy
1011,269002,BLUEJAYS
1012,269008,Sharks Esports
1013,268934,Astralis
1014,268932,ENCE
1015,268724,Eruption
1016,268730,TYLOO
1017,268720,Chinggis Warriors
1018,268738,FlyQuest
1019,268744,Wildcard Gaming
1020,268752,Fluxo
1021,268746,Marsborne
1022,268748,Imperial Esports
1023,268742,Getting Info
1024,268860,9Pandas
1025,268786,Astralis
1026,268790,SAW
1027,268750,ODDIK
1028,268718,The Huns Esports
1029,268772,Metizport
1030,268776,Nemiga Gaming
1031,268774,9Pandas
1032,268726,Lynn Vision Gaming
1033,268722,Chinggis Warriors
1034,268782,ENCE
1035,268778,SAW
1036,268732,ex-TALON
1037,268290,NRG Esports
1038,268298,Legacy
1039,268288,Wildcard Gaming
1040,268296,Fluxo
1041,268286,BLUEJAYS
1042,268294,Sharks Esports
1043,268284,Complexity
1044,268292,Imperial Esports
1045,268758,Heroic
1046,268756,OG
1047,268764,Astralis
1048,268766,9Pandas
1049,268762,BetBoom Team
1050,268302,Eruption
1051,268304,Rare Atom
1052,268300,The Huns Esports
1053,268770,B8 Esports
1054,268768,GamerLegion
1055,268714,Nemiga Gaming
1056,268716,GamerLegion
1057,268712,Astralis
1058,268710,OG
1059,268708,SAW
1060,268268,Astralis
1061,268270,GamerLegion
1062,268272,SAW
1063,268276,Heroic
1064,268280,500
1065,268282,B8 Esports
1066,268250,G2 Esports
1067,268248,Complexity
1068,268434,G2 Esports
1069,268436,Team Falcons
1070,268426,G2 Esports
1071,268428,Aurora Gaming
1072,268432,FaZe Clan
1073,268430,GamerLegion
1074,268364,Team Falcons
1075,268362,Betclic
1076,268360,Astralis
1077,268322,FURIA Esports
1078,268316,Aurora Gaming
1079,268320,Rare Atom
1080,268314,Complexity
1081,268318,Astralis
1082,268312,GamerLegion
1083,268266,The Mongolz
1084,268254,Aurora Gaming
1085,268264,Team Falcons
1086,268252,G2 Esports
1087,268262,Rare Atom
1088,268260,FURIA Esports
1089,268256,Astralis
1090,268258,GamerLegion
1091,268222,FURIA Esports
1092,268230,FaZe Clan
1093,268220,Team 3DMAX
1094,268228,The Mongolz
1095,268226,Team Liquid
1096,268218,Aurora Gaming
1097,268224,Team Falcons
1098,268216,G2 Esports
1099,267888,FURIA Esports
1100,267880,FaZe Clan
1101,267886,Team Liquid
1102,267878,Aurora Gaming
1103,267876,Team Falcons
1104,267884,G2 Esports
1105,267882,Virtus.pro
1106,267874,The Mongolz
1107,267356,Ninjas in Pyjamas
1108,267354,Metizport
1109,267352,B8 Esports
1110,267316,9INE
1111,267302,CYBERSHOKE Esports
1112,267350,Ninjas in Pyjamas
1113,267330,TEAM NEXT LEVEL
1114,267300,PARIVISION
1115,267328,BetBoom Team
1116,267348,Fire Flux Esports
1117,267314,Novaq
1118,267332,TEAM NEXT LEVEL
1119,267338,Ninjas in Pyjamas
1120,267344,Fire Flux Esports
1121,267294,PARIVISION
1122,267324,9Pandas
1123,267296,B8 Esports
1124,267326,Monte
1125,267342,JANO Esports
1126,267310,Partizan Esports
1127,267336,Fnatic
1128,267320,9Pandas
1129,267272,Ninjas in Pyjamas
1130,267276,Partizan Esports
1131,267284,TEAM NEXT LEVEL
1132,267280,B8 Esports
1133,267290,ECSTATIC
1134,267306,Dynamo Eclot
1135,267340,AMKAL Esports
1136,267282,Roler Coaster
1137,267278,Mercenaires
1138,267286,BetBoom Team
1139,267274,Passion UA
1140,267252,Sangal Esports
1141,267244,Iberian Soul
1142,267260,Fire Flux Esports
1143,267236,PARIVISION
1144,267258,Fnatic
1145,267248,Monte
1146,267232,Sashi Esport
1147,267240,Nemiga Gaming
1148,267246,BetBoom Team
1149,267256,GTZ.ESPORTS
1150,267238,Partizan Esports
1151,267254,Passion UA
1152,267230,B8 Esports
1153,265772,Team Vitality
1154,265768,Team Spirit
1155,265770,Eternal Fire
1156,265764,Team Spirit
1157,265766,MOUZ
1158,265804,The Mongolz
1159,265794,Eternal Fire
1160,265788,Virtus.pro
1161,265778,MOUZ
1162,265802,G2 Esports
1163,265800,The Mongolz
1164,265786,Team Spirit
1165,265784,Virtus.pro
1166,265792,Natus Vincere
1167,265790,G2 Esports
1168,265798,FURIA Esports
1169,265796,Imperial Esports
1170,265776,Virtus.pro
1171,265774,Team Spirit
1172,265782,FaZe Clan
1173,265780,The Huns Esports
1174,265558,Natus Vincere
1175,265560,M80
1176,265556,Eternal Fire
1177,265554,G2 Esports
1178,265550,FaZe Clan
1179,265552,Astralis
1180,265548,MOUZ
1181,265546,Team Spirit
1182,267166,ghoulsW
1183,267146,Zero Tenacity
1184,267158,XI Esport
1185,267156,ghoulsW
1186,267148,bombardino crocodilo
1187,267118,TEAM NEXT LEVEL
1188,267128,Tricked Esport
1189,267124,Chimera Esports
1190,267114,benched
1191,267116,LEON
1192,267120,GenOne
1193,266534,Team Vitality
1194,266530,Team Vitality
1195,266532,MOUZ
1196,266524,Natus Vincere
1197,266522,Team Vitality
1198,266526,MOUZ
1199,266528,Eternal Fire
1200,266514,G2 Esports
1201,266512,Team Falcons
1202,266510,Team Liquid
1203,266468,Team Falcons
1204,266466,G2 Esports
1205,266464,Eternal Fire
1206,266462,MOUZ
1207,266460,SAW
1208,266458,The Mongolz
1209,266434,FURIA Esports
1210,266430,Team Vitality
1211,266432,paiN Gaming
1212,266426,Team Spirit
1213,266428,G2 Esports
1214,266424,Team Falcons
1215,266422,GamerLegion
1216,266390,Team Spirit
1217,266392,Team Liquid
1218,266386,Team Vitality
1219,266382,G2 Esports
1220,266384,GamerLegion
1221,266378,Natus Vincere
1222,266380,Eternal Fire
1223,266186,Team Falcons
1224,266182,G2 Esports
1225,266178,MOUZ
1226,266176,Natus Vincere
1227,266184,Eternal Fire
1228,266180,The Mongolz
1229,266170,Team Spirit
1230,266174,Team Vitality
1231,265966,FURIA Esports
1232,265964,paiN Gaming
1233,265962,FlyQuest
1234,265920,FURIA Esports
1235,265918,Team 3DMAX
1236,265916,paiN Gaming
1237,265914,Eternal Fire
1238,265912,Heroic
1239,265910,MIBR
1240,265820,FlyQuest
1241,265818,Eternal Fire
1242,265814,FURIA Esports
1243,265816,M80
1244,265810,GamerLegion
1245,265812,Nemiga Gaming
1246,265806,Heroic
1247,265808,Lynn Vision Gaming
1248,265692,paiN Gaming
1249,265694,GamerLegion
1250,265702,Nemiga Gaming
1251,265690,FURIA Esports
1252,265700,Heroic
1253,265688,Eternal Fire
1254,265698,Team 3DMAX
1255,265696,FlyQuest
1256,265576,paiN Gaming
1257,265574,GamerLegion
1258,265570,FURIA Esports
1259,265572,MIBR
1260,265566,Heroic
1261,265568,Team 3DMAX
1262,265562,Eternal Fire
1263,265564,M80
1264,266134,Betclic
1265,266132,Heroic
1266,266130,Nemiga Gaming
1267,266062,Heroic
1268,266102,Betclic
1269,266044,OG
1270,266128,Team Spirit Academy
1271,266100,Ninjas in Pyjamas
1272,266042,Sinners Esports
1273,266124,BetBoom Team
1274,266072,9INE
1275,266040,ENCE
1276,266098,Betclic
1277,266060,9Pandas
1278,266126,Nemiga Gaming
1279,266046,OG
1280,266120,BetBoom Team
1281,266070,Dynamo Eclot
1282,266122,Zero Tenacity
1283,266090,Ninjas in Pyjamas
1284,266030,BIG
1285,266112,Nemiga Gaming
1286,266028,OG
1287,266118,ARCRED
1288,266114,BetBoom Team
1289,266056,Dynamo Eclot
1290,266066,BASEMENT BOYS
1291,266086,Nexus Gaming
1292,266084,Metizport
1293,266064,Rebels Gaming
1294,266116,CYBERSHOKE Esports
1295,266110,Team Spirit Academy
1296,266050,9Pandas
1297,266024,BIG
1298,266108,BetBoom Team
1299,266080,Nexus Gaming
1300,266078,Partizan Esports
1301,266106,GTZ.ESPORTS
1302,266020,ENCE
1303,266104,Nemiga Gaming
1304,266026,Natus Vincere Junior
1305,266048,Dynamo Eclot
1306,263828,MOUZ
1307,263830,Astralis
1308,263826,Team Falcons
1309,263824,MOUZ
1310,263822,FaZe Clan
1311,263820,Team Falcons
1312,263818,The Mongolz
1313,263816,paiN Gaming
1314,265254,MOUZ
1315,265256,Team 3DMAX
1316,265252,Astralis
1317,265118,Complexity
1318,265116,paiN Gaming
1319,265112,Team 3DMAX
1320,265114,Astralis
1321,265110,Wildcard Gaming
1322,265108,MOUZ
1323,265058,paiN Gaming
1324,265070,SAW
1325,265054,MOUZ
1326,265068,Complexity
1327,265064,Team Falcons
1328,265062,Wildcard Gaming
1329,265060,Team 3DMAX
1330,265066,Eternal Fire
1331,265030,Team Falcons
1332,265038,SAW
1333,265036,MIBR
1334,265028,FaZe Clan
1335,265034,Complexity
1336,265032,BIG
1337,265024,MOUZ
1338,264552,Eternal Fire
1339,264548,MIBR
1340,264550,paiN Gaming
1341,264546,The Mongolz
1342,264544,Team Falcons
1343,264542,FaZe Clan
1344,264540,Team 3DMAX
1345,264538,MOUZ
1346,264520,Heroic
1347,264518,Astralis
1348,264516,Metizport
1349,264512,Astralis
1350,264514,BetBoom Team
1351,264510,Heroic
1352,264508,Metizport
1353,264506,Nexus Gaming
1354,264498,Metizport
1355,264496,Team 3DMAX
1356,264502,BIG
1357,264492,Team Falcons
1358,264500,TEAM NEXT LEVEL
1359,264380,Team 3DMAX
1360,264384,Nexus Gaming
1361,264382,Zero Tenacity
1362,264386,Hesta
1363,264372,Team Falcons
1364,264374,Nemiga Gaming
1365,264378,OG
1366,263798,Team Vitality
1367,263882,Natus Vincere
1368,263872,Team Vitality
1369,263870,Virtus.pro
1370,263868,The Mongolz
1371,263796,GamerLegion
1372,263790,Natus Vincere
1373,263592,Virtus.pro
1374,263594,FaZe Clan
1375,263792,GamerLegion
1376,263794,Team Spirit
1377,263596,FaZe Clan
1378,263598,Eternal Fire
1379,263606,Astralis
1380,263604,Team Spirit
1381,263600,GamerLegion
1382,263602,MOUZ
1383,263588,Team 3DMAX
1384,263586,Team Vitality
1385,263582,Virtus.pro
1386,263584,G2 Esports
1387,262764,The Mongolz
1388,262758,Team Spirit
1389,262760,FURIA Esports
1390,262762,MOUZ
1391,262754,FaZe Clan
1392,262750,G2 Esports
1393,262756,Team Vitality
1394,262752,Eternal Fire
1395,263554,paiN Gaming
1396,263550,Wildcard Gaming
1397,263552,MIBR
1398,263558,Heroic
1399,263548,Team Liquid
1400,263542,Wildcard Gaming
1401,263546,Heroic
1402,263544,BIG
1403,263538,Team 3DMAX
1404,263540,FlyQuest
1405,263534,paiN Gaming
1406,263536,Virtus.pro
1407,262734,Team Liquid
1408,262736,Complexity
1409,262748,Imperial Female
1410,262746,Wildcard Gaming
1411,262740,Astralis
1412,262744,SAW
1413,262742,paiN Gaming
1414,262738,Team 3DMAX
1415,264284,PARIVISION
1416,264282,500
1417,264274,PARIVISION
1418,263950,ENCE
1419,263944,Passion UA
1420,263956,B8 Esports
1421,263958,500
1422,263952,9INE
1423,263942,BetBoom Team
1424,263954,PARIVISION
1425,263922,Metizport
1426,263918,Dynamo Eclot
1427,263926,Nemiga Gaming
1428,263916,Nexus Gaming
1429,263930,Eco Warriors
1430,263920,BetBoom Team
1431,263272,Eternal Fire
1432,263270,Natus Vincere
1433,263268,G2 Esports
1434,262938,Natus Vincere
1435,262940,Team Vitality
1436,262936,G2 Esports
1437,262942,Team Spirit
1438,262766,G2 Esports
1439,262770,Team Vitality
1440,262774,BetBoom Team
1441,262776,Team Falcons
1442,262768,Natus Vincere
1443,262772,Team Spirit
1444,262778,FaZe Clan
1445,262780,Team Liquid
1446,261910,G2 Esports
1447,261918,MOUZ
1448,261926,FURIA Esports
1449,261934,paiN Gaming
1450,261912,Natus Vincere
1451,261920,FaZe Clan
1452,261928,Eternal Fire
1453,261936,Complexity
1454,261914,Team Vitality
1455,261922,Team Falcons
1456,261930,SAW
1457,261938,Astralis
1458,261916,Team Spirit
1459,261924,Team Liquid
1460,261932,Team 3DMAX
1461,261940,FlyQuest
1462,260396,Team Spirit
1463,260394,G2 Esports
1464,260392,MOUZ
1465,260390,Team Vitality
1466,260388,G2 Esports
1467,260386,Team Spirit
1468,260384,The Mongolz
1469,260340,FaZe Clan
1470,260336,Heroic
1471,260334,MIBR
1472,260314,Team Spirit
1473,260324,FURIA Esports
1474,260322,Natus Vincere
1475,260316,MIBR
1476,260320,MOUZ
1477,260318,G2 Esports
1478,260292,The Mongolz
1479,260294,BIG
1480,260290,Team Vitality
1481,260288,GamerLegion
1482,260284,G2 Esports
1483,260286,MOUZ
1484,260282,FURIA Esports
1485,260280,Natus Vincere
1486,260276,FaZe Clan
1487,260278,Team 3DMAX
1488,260274,G2 Esports
1489,260272,Natus Vincere
1490,260268,Team Spirit
1491,260270,MOUZ
1492,260138,Team 3DMAX
1493,260136,Heroic
1494,260134,FaZe Clan
1495,260132,MOUZ
1496,260128,Team Vitality
1497,260130,Team Spirit
1498,260124,G2 Esports
1499,260126,Natus Vincere
1500,260098,Wildcard Gaming
1501,260096,MIBR
1502,260094,BIG
1503,260084,Wildcard Gaming
1504,260078,GamerLegion
1505,260082,Cloud9
1506,260076,FlyQuest
1507,260074,BIG
1508,260080,MIBR
1509,260070,The Mongolz
1510,260072,Complexity
1511,260068,Rare Atom
1512,260066,Team Liquid
1513,260064,FURIA Esports
1514,260058,paiN Gaming
1515,260060,BIG
1516,260062,MIBR
1517,260056,Imperial Esports
1518,260054,paiN Gaming
1519,260048,Team Liquid
1520,260052,Virtus.pro
1521,260050,Complexity
1522,260046,The Mongolz
1523,260042,BIG
1524,260044,Fnatic
1525,259987,paiN Gaming
1526,259985,The Mongolz
1527,259983,Fnatic
1528,259981,BIG
1529,259979,Complexity
1530,259977,Team Liquid
1531,259973,FURIA Esports
1532,259975,Virtus.pro
1533,259907,Team Spirit
1534,259883,Team Spirit
1535,259881,Astralis
1536,259879,Ninjas in Pyjamas
1537,259813,Eternal Fire
1538,259809,G2 Esports
1539,259807,Passion UA
1540,259817,TSM
1541,259811,Sashi Esport
1542,259815,9Pandas
1543,259771,Astralis
1544,259769,G2 Esports
1545,259765,Passion UA
1546,259767,TSM
1547,259763,Eternal Fire
1548,259761,Heroic
1549,259757,Team Spirit
1550,259759,Virtus.pro
1551,259751,Heroic
1552,259753,Virtus.pro
1553,259747,Eternal Fire
1554,259749,Astralis
1555,259745,B8 Esports
1556,259743,G2 Esports
1557,259739,Team Spirit
1558,259741,Ninjas in Pyjamas
1559,257080,Team 3DMAX
1560,257078,BIG
1561,257074,Heroic
1562,257076,Astralis
1563,257070,Eternal Fire
1564,257072,Virtus.pro
1565,257066,G2 Esports
1566,257068,Team Spirit
1567,259659,Sinners Esports
1568,259661,Fnatic
1569,259663,BetBoom Team
1570,259665,FaZe Clan
1571,259606,FaZe Clan
1572,259608,Team Falcons
1573,259602,Natus Vincere
1574,259604,BetBoom Team
1575,259600,Sangal Esports
1576,259598,Sinners Esports
1577,259526,GamerLegion
1578,259524,FaZe Clan
1579,259522,Nemiga Gaming
1580,259520,Natus Vincere
1581,259518,Fnatic
1582,259516,Team Falcons
1583,259512,Cloud9
1584,259514,Sinners Esports
1585,259492,FaZe Clan
1586,259500,SAW
1587,259498,Nemiga Gaming
1588,259490,MOUZ
1589,259496,Fnatic
1590,259488,Team Vitality
1591,259494,GamerLegion
1592,259486,Natus Vincere
1593,257064,BetBoom Team
1594,257062,Sangal Esports
1595,257060,Team Falcons
1596,257058,SAW
1597,257056,FaZe Clan
1598,257054,MOUZ
1599,257052,Team Vitality
1600,257050,Natus Vincere
1601,259064,9z Team
1602,259062,Imperial Esports
1603,259060,BESTIA
1604,258834,Team Liquid
1605,258836,Legacy
1606,258832,Imperial Esports
1607,258830,Complexity
1608,258828,BOSS
1609,258826,9z Team
1610,258754,RED Canids
1611,258752,Complexity
1612,258748,Wildcard Gaming
1613,258750,KRÜ Esports
1614,258744,Team Liquid
1615,258746,paiN Gaming
1616,258742,Legacy
1617,258740,FURIA Esports
1618,258694,Team Liquid
1619,258686,MIBR
1620,258692,M80
1621,258684,Complexity
1622,258690,FURIA Esports
1623,258682,paiN Gaming
1624,258688,BESTIA
1625,258680,9z Team
1626,257094,MIBR
1627,257096,Imperial Esports
1628,257090,9z Team
1629,257092,M80
1630,257088,paiN Gaming
1631,257086,Complexity
1632,257084,Team Liquid
1633,257082,FURIA Esports
1634,258478,Lynn Vision Gaming
1635,258476,Talon Esports
1636,258474,DRILLAS
1637,258468,Rare Atom
1638,258466,The Mongolz
1639,258472,GR Gaming
1640,258470,Alter Ego
1641,257104,FlyQuest
1642,257102,Rare Atom
1643,257100,Lynn Vision Gaming
1644,257098,The Mongolz
1645,257626,Team Spirit
1646,257622,Astralis
1647,257624,G2 Esports
1648,257618,FaZe Clan
1649,257620,MOUZ
1650,257150,G2 Esports
1651,257148,Team Liquid
1652,257142,Astralis
1653,257140,Natus Vincere
1654,257146,Team Vitality
1655,257144,G2 Esports
1656,257138,MOUZ
1657,257136,Natus Vincere
1658,257608,Heroic
1659,257616,Team 3DMAX
1660,257606,The Mongolz
1661,257604,OG
1662,257578,Team 3DMAX
1663,257576,The Mongolz
1664,257572,BIG
1665,257222,M80
1666,257220,Imperial Esports
1667,257216,Virtus.pro
1668,257218,Cloud9
1669,257188,BIG
1670,257186,Aurora Gaming
1671,257172,M80
1672,257170,BIG
1673,257184,Heroic
1674,257168,Imperial Esports
1675,257166,Heroic
1676,257180,The Mongolz
1677,257178,Cloud9
1678,257164,9z Team
1679,257162,The Mongolz
1680,257176,Team 3DMAX
1681,257174,Team Falcons
1682,257158,Team Falcons
1683,256664,MOUZ
1684,256660,MOUZ
1685,256662,Heroic
1686,256656,Team Vitality
1687,256658,Natus Vincere
1688,256654,Virtus.pro
1689,256638,MOUZ
1690,256628,Natus Vincere
1691,256644,Team Vitality
1692,256650,Astralis
1693,256652,The Mongolz
1694,256634,MOUZ
1695,256636,Team Liquid
1696,256642,Astralis
1697,256648,Eternal Fire
1698,256640,Team Vitality
1699,256646,9z Team
1700,256624,Natus Vincere
1701,256630,Imperial Esports
1702,256632,FaZe Clan
1703,256626,FURIA Esports
1704,256312,Eternal Fire
1705,256310,The Mongolz
1706,256308,Team Vitality
1707,256314,Heroic
1708,256302,Complexity
1709,256304,FaZe Clan
1710,255882,G2 Esports
1711,255880,Natus Vincere
1712,255878,Team Vitality
1713,255876,FaZe Clan
1714,255874,G2 Esports
1715,255816,Team Vitality
1716,255814,Astralis
1717,255812,Natus Vincere
1718,255810,Team Falcons
1719,255124,Team Spirit
1720,255122,Team Vitality
1721,255120,G2 Esports
1722,255118,Natus Vincere
1723,255360,Eternal Fire
1724,255358,G2 Esports
1725,255356,Eternal Fire
1726,255344,G2 Esports
1727,255346,Natus Vincere
1728,255340,Team Vitality
1729,255342,M80
1730,255336,Team Liquid
1731,255332,Eternal Fire
1732,255334,MIBR
1733,255352,Complexity
1734,255354,FURIA Esports
1735,255350,Heroic
1736,255348,The Mongolz
1737,254460,Team Vitality
1738,254478,RED Canids
1739,254454,MOUZ
1740,254436,Imperial Esports
1741,254476,FURIA Esports
1742,254452,Complexity
1743,254450,Fnatic
1744,254474,Team Falcons
1745,254472,FURIA Esports
1746,254470,ATOX Esports
1747,254448,BIG
1748,254446,Rooster
1749,254468,FURIA Esports
1750,254466,Team Falcons
1751,254444,BIG
1752,254442,Complexity
1753,254456,ENCE
1754,254464,Team Vitality
1755,254462,ATOX Esports
1756,254458,Team Liquid
1757,254440,MOUZ
1758,254438,M80
1759,254432,Complexity
1760,254434,Rooster
1761,249816,FURIA Esports
1762,249814,Team Vitality
1763,249820,RED Canids
1764,249810,Complexity
1765,249808,BIG
1766,249818,Team Liquid
1767,249806,MOUZ
1768,249812,Fnatic
1769,254412,MIBR
1770,254406,Sangal Esports
1771,254430,Team 3DMAX
1772,254388,Eternal Fire
1773,254428,Wildcard Gaming
1774,254426,9z Team
1775,254424,Team 3DMAX
1776,254400,FaZe Clan
1777,254398,FlyQuest
1778,254420,The Mongolz
1779,254418,Team 3DMAX
1780,254394,FaZe Clan
1781,254396,Sangal Esports
1782,254414,G2 Esports
1783,254410,9z Team
1784,254416,MIBR
1785,254386,Natus Vincere
1786,254384,Lynn Vision Gaming
1787,254390,FlyQuest
1788,254392,Eternal Fire
1789,249802,The Mongolz
1790,249798,Team Spirit
1791,249800,MIBR
1792,249794,Heroic
1793,249790,FaZe Clan
1794,249792,FlyQuest
1795,249796,Lynn Vision Gaming
1796,254898,Cloud9
1797,254546,ALTERNATE aTTaX
1798,254544,ECSTATIC
1799,254560,Young Ninjas
1800,254298,B8 Esports
1801,254296,Gaimin Gladiators
1802,254088,GamerLegion
1803,254252,Zero Tenacity
1804,254348,Young Ninjas
1805,254302,ALTERNATE aTTaX
1806,254004,ENCE
1807,253990,OG
1808,254000,Zero Tenacity
1809,253994,Cloud9
1810,253996,Fnatic
1811,254008,B8 Esports
1812,253982,Monte
1813,253988,Nemiga Gaming
1814,254010,TSM
1815,253984,PARIVISION
1816,254002,Passion UA
1817,253980,BetBoom Team
1818,253998,Permitta Esports
1819,254052,Team Liquid
1820,254044,Team Liquid
1821,254046,LAG Gaming
1822,253952,Team Spirit
1823,253950,MOUZ
1824,253948,Eternal Fire
1825,253938,MOUZ
1826,253946,paiN Gaming
1827,253944,FURIA Esports
1828,253934,MOUZ
1829,253936,FURIA Esports
1830,253940,Eternal Fire
1831,253942,Virtus.pro
1832,253926,MOUZ
1833,253928,Heroic
1834,253930,Virtus.pro
1835,253932,Team Spirit
1836,253922,9Pandas
1837,253920,Eternal Fire
1838,253918,Aurora Gaming
1839,253916,FURIA Esports
1840,253914,Eternal Fire
1841,253906,9z Team
1842,253908,Team Falcons
1843,253902,Team Falcons
1844,254160,NOM eSports
1845,254134,GR Gaming
1846,254146,Gods Reign
1847,254132,Chinggis Warriors
1848,254234,NOM eSports
1849,254154,Bravado Gaming
1850,254220,Gods Reign
1851,254206,Chinggis Warriors
1852,254118,Rare Atom
1853,254142,Forward Gaming
1854,254140,Niory Esports
1855,254126,ATOX Esports
1856,254104,Talon Esports
1857,254128,THE
1858,254222,NOM eSports
1859,254228,Onyx Ravens
1860,254136,Oni CLAN
1861,254224,DRILLAS
1862,254138,DEWA United
1863,254124,-72C
1864,254116,Bromo
1865,254122,Glamour
1866,254102,Mindfreak
1867,254216,Gods Reign
1868,254178,Rooster
1869,254192,TYLOO
1870,254202,Chinggis Warriors
1871,254212,Alter Ego
1872,254214,Niory Esports
1873,254208,Gods Reign
1874,254200,Nomads
1875,254198,GR Gaming
1876,254112,CatEvil
1877,254100,The Art of War
1878,254196,THE
1879,254114,Teamwork
1880,254110,SHPL
1881,254094,Vantage Esports
1882,254108,Steel Helmet
1883,254096,Arcade Esports
1884,254170,Mindfreak
1885,254172,Housebets
1886,254168,KZG
1887,254166,Rooster
1888,253876,Team Falcons
1889,253874,Fnatic
1890,253868,Team Falcons
1891,253870,Cloud9
1892,253872,Team 3DMAX
1893,253860,OG
1894,253864,Team Falcons
1895,253866,Eternal Fire
1896,253862,B8 Esports
1897,253858,Cloud9
1898,253854,Fnatic
1899,253852,Team Falcons
1900,253856,Eternal Fire
1901,253490,B8 Esports
1902,253486,Ninjas in Pyjamas
1903,253470,Monte
1904,253458,Sashi Esport
1905,253452,500
1906,253434,Ninjas in Pyjamas
1907,253464,B8 Esports
1908,253440,Bleed Esports
1909,253238,Team QUAZAR
1910,253228,B8 Esports
1911,254344,BOSS
1912,254354,RED Canids
1913,254342,NRG Esports
1914,254346,E-Xolos LAZER
1915,254292,E-Xolos LAZER
1916,254290,Elevate
1917,254288,Party Astronauts
1918,254286,Legacy
1919,254264,Fluxo
1920,254262,RED Canids
1921,254282,Wildcard Gaming
1922,254258,Sharks Esports
1923,254254,Case Esports
1924,253152,E-Xolos LAZER
1925,254244,RED Canids
1926,254246,Fluxo
1927,254248,ODDIK
1928,253144,Party Astronauts
1929,253134,Legacy
1930,253136,Wildcard Gaming
1931,253182,Team Solid
1932,253178,BESTIA
1933,253180,inSanitY Sports
1934,253170,RED Canids
1935,253172,Fluxo
1936,253010,Team Falcons
1937,253008,FaZe Clan
1938,253006,BIG
1939,253000,FaZe Clan
1940,253004,Team Falcons
1941,253002,OG
1942,252996,BIG
1943,252986,Cloud9
1944,252992,Team Falcons
1945,252994,Complexity
1946,252998,Virtus.pro
1947,252990,Ninjas in Pyjamas
1948,252988,Heroic
1949,252984,FaZe Clan
1950,253780,Monte
1951,253778,Bleed Esports
1952,253738,Bleed Esports
1953,253770,Permitta Esports
1954,253764,9Pandas
1955,253756,Passion UA
1956,253742,PARIVISION
1957,253746,ARCRED
1958,253724,Johnny Speeds
1959,253726,AMKAL Esports
1960,253684,ENCE
1961,253702,9Pandas
1962,253696,SAW
1963,253674,Sangal Esports
1964,253682,B8 Esports
1965,253714,Qiang
1966,253722,OG
1967,253676,Monte
1968,253706,Passion UA
1969,253704,Nemiga Gaming
1970,253060,PARIVISION
1971,253076,Sashi Esport
1972,253074,AMKAL Esports
1973,253072,Zero Tenacity
1974,253056,GamerLegion
1975,253070,Nemiga Gaming
1976,253052,Bleed Esports
1977,253068,SAW
1978,253054,B8 Esports
1979,253066,Johnny Speeds
1980,253064,BIG
1981,253050,Sangal Esports
1982,252286,Natus Vincere
1983,252278,Natus Vincere
1984,252280,Team Vitality
1985,252282,MOUZ
1986,252284,SAW
1987,252276,FaZe Clan
1988,252266,MOUZ
1989,251996,Natus Vincere
1990,252006,paiN Gaming
1991,252272,FaZe Clan
1992,252274,Complexity
1993,252004,Astralis
1994,252002,The Mongolz
1995,252262,MOUZ
1996,252264,FaZe Clan
1997,252270,Team Liquid
1998,252268,Team Falcons
1999,251998,paiN Gaming
2000,252000,G2 Esports
2001,251988,Natus Vincere
2002,251992,SAW
2003,251472,Team Vitality
2004,251466,MOUZ
2005,251458,Natus Vincere
2006,251464,Team Spirit
2007,251460,Astralis
2008,251462,G2 Esports
2009,251468,Virtus.pro
2010,251470,FaZe Clan
2011,251980,MIBR
2012,251982,Eternal Fire
2013,251976,BIG
2014,251972,Imperial Esports
2015,251962,MIBR
2016,251968,ALTERNATE aTTaX
2017,251960,Complexity
2018,251970,Heroic
2019,251964,FURIA Esports
2020,251966,BIG
2021,251452,paiN Gaming
2022,251450,FURIA Esports
2023,251444,Eternal Fire
2024,251442,Complexity
2025,251446,Heroic
2026,251448,Team 3DMAX
2027,251454,FlyQuest
2028,251456,The Mongolz
2029,251612,Johnny Speeds
2030,251608,Fnatic
2031,251606,Johnny Speeds
2032,251602,1win Team
2033,251598,Bleed Esports
2034,251590,Fnatic
2035,251588,Nemiga Gaming
2036,251596,AMKAL Esports
2037,251586,G2 Ares
2038,251580,Metizport
2039,251594,Team 3DMAX
2040,251592,AMKAL Esports
2041,251582,Nemiga Gaming
2042,251576,Metizport
2043,251568,NOM eSports
2044,251572,Insilio
2045,251564,TSM
2046,251706,Complexity
2047,251708,Astralis
2048,251704,Team Liquid
2049,251696,G2 Esports
2050,251688,Team Vitality
2051,251680,Team Spirit
2052,251702,Natus Vincere
2053,251694,FaZe Clan
2054,251686,Astralis
2055,251678,Heroic
2056,251700,BIG
2057,251698,Natus Vincere
2058,251692,Cloud9
2059,251690,FaZe Clan
2060,250814,Virtus.pro
2061,250812,Natus Vincere
2062,250810,G2 Esports
2063,250808,FaZe Clan
2064,251684,GamerLegion
2065,251682,Team Vitality
2066,251676,OG
2067,251674,Team Spirit
2068,250806,Astralis
2069,250804,Team Vitality
2070,250802,Complexity
2071,250800,Team Spirit
2072,252032,Legacy
2073,252028,ODDIK
2074,252030,Legacy
2075,251948,Legacy
2076,251952,MIBR
2077,251950,BESTIA
2078,251954,paiN Gaming
2079,251760,Case Esports
2080,251740,Fluxo
2081,251758,paiN Gaming
2082,251748,MIBR
2083,251756,Case Esports
2084,251742,MIBR
2085,251754,ODDIK
2086,251752,paiN Gaming
2087,251738,Intense Game
2088,251728,Legacy
2089,251736,Fluxo
2090,251994,TYLOO
2091,251990,Rare Atom
2092,251720,paiN Gaming
2093,251718,Imperial Esports
2094,250848,Natus Vincere
2095,250844,MOUZ
2096,250846,G2 Esports
2097,250840,Natus Vincere
2098,250842,FURIA Esports
2099,250836,Team Vitality
2100,250838,Team Spirit
2101,250832,The Mongolz
2102,250830,Sashi Esport
2103,250828,The Mongolz
2104,250826,FlyQuest
2105,250824,JiJieHao
2106,250264,Virtus.pro
2107,250260,Team Spirit
2108,250262,Natus Vincere
2109,250266,Team Vitality
2110,250258,MOUZ
2111,250270,G2 Esports
2112,250268,FaZe Clan
2113,249192,Ninjas in Pyjamas
2114,249188,RED Canids
2115,249186,Fnatic
2116,249176,BESTIA
2117,249174,paiN Gaming
2118,249180,Fnatic
2119,249172,9z Team
2120,249170,BESTIA
2121,249362,Natus Vincere
2122,249358,Virtus.pro
2123,249360,Team Spirit
2124,249354,Astralis
2125,249356,FaZe Clan
2126,248170,Virtus.pro
2127,248168,Team Vitality
2128,248164,FaZe Clan
2129,248166,SAW
2130,248162,Team Spirit
2131,248160,Team Vitality
2132,248158,Natus Vincere
2133,248156,FaZe Clan
2134,249220,Team Falcons
2135,249216,ENCE
2136,249218,Aurora Gaming
2137,249214,Complexity
2138,249202,Party Astronauts
2139,249210,Complexity
2140,249200,The Mongolz
2141,249208,ENCE
2142,249198,Aurora Gaming
2143,249022,Sinners Esports
2144,249020,Buhawi
2145,249018,ex-Guild Eagles
2146,249016,SAW
2147,249010,Monte
2148,249012,9Pandas
2149,249004,9Pandas
2150,249006,PARIVISION
2151,249008,SAW
2152,249002,Monte
2153,248996,9Pandas
2154,248998,PARIVISION
2155,249000,SAW
2156,248994,Monte
2157,248992,SAW
2158,248990,PARIVISION
2159,248986,Monte
2160,248980,9Pandas
2161,248982,Team 3DMAX
2162,248984,RUSH B
2163,248974,Team 3DMAX
2164,248976,RUSH B
2165,248972,9Pandas
2166,248970,Monte
2167,248968,Aurora Gaming
2168,248962,Monte
2169,248966,Team 3DMAX
2170,248964,PARIVISION
2171,248612,Legacy
2172,248600,Wildcard Gaming
2173,248594,Nouns Esports
2174,248606,Party Astronauts
2175,245841,G2 Esports
2176,245833,9z Team
2177,245835,Team Spirit
2178,245837,FaZe Clan
2179,245839,Team Vitality
2180,245551,Heroic
2181,245535,G2 Esports
2182,245529,9z Team
2183,245541,FaZe Clan
2184,245549,Virtus.pro
2185,245547,Natus Vincere
2186,245531,G2 Esports
2187,245533,Team Liquid
2188,245545,FlyQuest
2189,245537,FaZe Clan
2190,245539,Team Spirit
2191,245543,M80
2192,245527,MOUZ
2193,245525,9z Team
2194,245523,Team Falcons
2195,245521,G2 Esports
2196,244891,Virtus.pro
2197,244893,Team Spirit
2198,244889,FaZe Clan
2199,244895,Natus Vincere
2200,244881,MOUZ
2201,244883,Complexity
2202,244887,Team Vitality
2203,244885,G2 Esports
2204,245071,Bleed Esports
2205,245063,Lynn Vision Gaming
2206,245061,Aurora Gaming
2207,245059,ATOX Esports
2208,245057,Chinggis Warriors
2209,245055,Lynn Vision Gaming
2210,245065,Bleed Esports
2211,245053,Aurora Gaming
2212,245051,OG
2213,245047,The Mongolz
2214,245045,Aurora Gaming
2215,245221,M80
2216,245219,NRG Esports
2217,245217,M80
2218,245027,Team Liquid
2219,245025,Eternal Fire
2220,245023,Team Liquid
2221,245021,GamerLegion
2222,245017,Aurora Gaming
2223,245015,Team Liquid
2224,244637,BIG
2225,244633,Astralis
2226,244631,paiN Gaming
2227,244629,AMKAL Esports
2228,244627,paiN Gaming
2229,244625,Team Liquid
2230,244623,paiN Gaming
2231,244619,Fnatic
2232,244617,ENCE
2233,244615,Gaimin Gladiators
2234,244613,ENCE
2235,244611,SAW
2236,244607,Aurora Gaming
2237,244609,SAW
2238,244605,Eternal Fire
2239,244603,SAW
2240,244879,MOUZ
2241,244875,MOUZ
2242,244877,Team Spirit
2243,244379,Heroic
2244,244373,Team Falcons
2245,244377,Aurora Gaming
2246,244375,Team Spirit
2247,244369,MOUZ
2248,244371,BetBoom Team
2249,244367,Heroic
2250,244365,Team Spirit
2251,244363,Virtus.pro
2252,244437,MOUZ
2253,244433,MOUZ
2254,244435,Astralis
2255,244415,Team Vitality
2256,244413,Astralis
2257,244409,MOUZ
2258,244411,Complexity
2259,244423,Natus Vincere
2260,244419,The Mongolz
2261,244421,Team Liquid
2262,244417,Team 3DMAX
2263,244427,GamerLegion
2264,244431,FaZe Clan
2265,244429,BetBoom Team
2266,244425,BIG
2267,243715,Natus Vincere
2268,243707,Monte
2269,243731,FlyQuest
2270,243691,MOUZ
2271,243729,Ninjas in Pyjamas
2272,243705,FURIA Esports
2273,243703,Monte
2274,243727,Pera Esports
2275,243725,BIG
2276,243733,BOSS
2277,243701,Bad News Kangaroos
2278,243709,ENCE
2279,243723,FlyQuest
2280,243721,BIG
2281,243697,GamerLegion
2282,243699,ENCE
2283,243719,Complexity
2284,243717,Pera Esports
2285,243713,BIG
2286,243711,BOSS
2287,243689,Monte
2288,243695,FORZE
2289,243693,Bad News Kangaroos
2290,243687,MOUZ
2291,243219,BIG
2292,243221,FlyQuest
2293,243213,FORZE
2294,243211,FURIA Esports
2295,243215,Complexity
2296,243217,Heroic
2297,243207,MOUZ
2298,243209,GamerLegion
2299,243683,G2 Esports
2300,243661,Virtus.pro
2301,243667,The Mongolz
2302,243657,SAW
2303,243643,Team 3DMAX
2304,243681,TYLOO
2305,243679,G2 Esports
2306,243655,Virtus.pro
2307,243685,TYLOO
2308,243659,FaZe Clan
2309,243653,SAW
2310,243675,Team Falcons
2311,243673,G2 Esports
2312,243651,Fnatic
2313,243649,Virtus.pro
2314,243669,M80
2315,243665,G2 Esports
2316,243671,TYLOO
2317,243639,Astralis
2318,243645,Eternal Fire
2319,243641,Fnatic
2320,243647,Virtus.pro
2321,243205,TYLOO
2322,243191,FaZe Clan
2323,243193,Eternal Fire
2324,243199,Team Vitality
2325,243195,Virtus.pro
2326,243197,Team 3DMAX
2327,243979,Gaimin Gladiators
2328,243961,AMKAL Esports
2329,243959,BIG
2330,243605,ENCE
2331,243553,Team Sampi
2332,242789,Team Secret
2333,242781,AMKAL Esports
2334,242797,BIG
2335,242893,ENCE
2336,242895,Gaimin Gladiators
2337,242791,GamerLegion
2338,242871,SAW
2339,242779,Nexus Gaming
2340,242783,9Pandas
2341,242799,SAW
2342,242769,ENCE
2343,242777,ECSTATIC
2344,242803,PARIVISION
2345,242771,ENTERPRISE esports
2346,242793,BIG
2347,242801,Ninjas in Pyjamas
2348,242807,Bleed Esports
2349,243525,Imperial Esports
2350,243537,paiN Gaming
2351,243535,MIBR
2352,243523,Imperial Esports
2353,243533,9z Team
2354,243531,MIBR
2355,243529,Monte
2356,243521,paiN Gaming
2357,243527,FURIA Esports
2358,243519,9z Team
2359,243517,MIBR
2360,243511,FURIA Esports
2361,243513,Imperial Esports
2362,243515,Monte
2363,243895,FlyQuest
2364,243899,Rooster
2365,243791,MIBR
2366,243777,M80
2367,243789,Imperial Esports
2368,243815,Onyx Ravens
2369,243813,JiJieHao
2370,243897,Mindfreak
2371,243893,FlyQuest
2372,243801,TYLOO
2373,243889,FlyQuest
2374,243891,Rooster
2375,243783,MIBR
2376,243771,Team Liquid
2377,243769,M80
2378,243781,Imperial Esports
2379,243811,JiJieHao
2380,243809,VC esport
2381,243879,brazylijski luz
2382,243745,FRAGMATIC
2383,243735,RUBY
2384,243737,Aloha
2385,243739,brazylijski luz
2386,243743,Apeks
2387,243573,MIBR
2388,243569,ODDIK
2389,243571,Fluxo
2390,243589,TYLOO
2391,243175,MOUZ
2392,243173,Astralis
2393,243171,G2 Esports
2394,243169,Team Liquid
2395,243167,Virtus.pro
2396,243141,FlyQuest
2397,243125,Heroic
2398,243115,Team Liquid
2399,243131,Astralis
2400,243139,FaZe Clan
2401,243137,FlyQuest
2402,243121,FURIA Esports
2403,243123,G2 Esports
2404,243127,FaZe Clan
2405,243133,Nemiga Gaming
2406,243135,Cloud9
2407,243129,FlyQuest
2408,243113,FURIA Esports
2409,243119,Lynn Vision Gaming
2410,243117,9z Team
2411,243111,G2 Esports
2412,242489,FaZe Clan
2413,242495,Virtus.pro
2414,242493,Cloud9
2415,242487,MOUZ
2416,242485,FURIA Esports
2417,242483,Heroic
2418,242481,G2 Esports
2419,242867,AMKAL Esports
2420,242861,Apeks
2421,242857,AMKAL Esports
2422,242855,Fnatic
2423,242841,9Pandas
2424,242837,Aurora Gaming
2425,242851,Apeks
2426,242835,Metizport
2427,242831,BetBoom Team
2428,242829,Bleed Esports
2429,242821,BetBoom Team
2430,242815,Guild Eagles
2431,242817,Insilio
2432,243357,Imperial Esports
2433,243355,paiN Gaming
2434,243353,Imperial Esports
2435,243351,MIBR
2436,243349,Imperial Esports
2437,242943,BESTIA
2438,242953,Sharks Esports
2439,242951,paiN Gaming
2440,242941,RED Canids
2441,242939,Fluxo
2442,242949,Sharks Esports
2443,242947,MIBR
2444,242945,paiN Gaming
2445,242937,Imperial Esports
2446,242683,Aurora Gaming
2447,242691,Ninjas in Pyjamas
2448,242701,BOSS
2449,242689,Metizport
2450,242681,Aurora Gaming
2451,242687,Apeks
2452,242685,BLESSED
2453,242727,Lynn Vision Gaming
2454,242693,BOSS
2455,242695,Party Astronauts
2456,242705,MIBR
2457,242707,BESTIA
2458,242679,Ninjas in Pyjamas
2459,242675,Monte
2460,242673,B8 Esports
2461,242677,Apeks
2462,242667,Aurora Gaming
2463,242669,Monte
2464,242671,BLESSED
2465,242665,Apeks
2466,242721,LYG Gaming
2467,242719,ATOX Esports
2468,242299,FaZe Clan
2469,242303,Natus Vincere
2470,242301,FaZe Clan
2471,242239,G2 Esports
2472,242235,Eternal Fire
2473,242237,Team Spirit
2474,242139,Team Vitality
2475,242107,Natus Vincere
2476,242093,Virtus.pro
2477,242091,Complexity
2478,242045,Cloud9
2479,242049,Heroic
2480,242051,ECSTATIC
2481,242043,Complexity
2482,242047,Imperial Esports
2483,242041,Eternal Fire
2484,241997,ECSTATIC
2485,242001,Natus Vincere
2486,241999,paiN Gaming
2487,241995,MOUZ
2488,242007,Imperial Esports
2489,242005,Eternal Fire
2490,242009,G2 Esports
2491,242003,Heroic
2492,241935,Team Spirit
2493,241933,FaZe Clan
2494,241927,Natus Vincere
2495,241931,Cloud9
2496,241929,Virtus.pro
2497,241925,Complexity
2498,241921,MOUZ
2499,241923,Team Vitality
2500,241907,Team Spirit
2501,241919,G2 Esports
2502,241905,FaZe Clan
2503,241913,Complexity
2504,241909,Team Vitality
2505,241915,Virtus.pro
2506,241911,MOUZ
2507,241917,Natus Vincere
2508,241879,SAW
2509,241877,Imperial Esports
2510,241753,ECSTATIC
2511,241757,ENCE
2512,241749,SAW
2513,241751,Legacy
2514,241747,Eternal Fire
2515,241745,Lynn Vision Gaming
2516,241673,Cloud9
2517,241669,Heroic
2518,241671,The Mongolz
2519,241665,GamerLegion
2520,241667,ECSTATIC
2521,241663,paiN Gaming
2522,241661,Imperial Esports
2523,241651,FURIA Esports
2524,241653,GamerLegion
2525,241649,Cloud9
2526,241645,Heroic
2527,241643,Apeks
2528,241639,ECSTATIC
2529,241641,paiN Gaming
2530,240553,FURIA Esports
2531,240547,Heroic
2532,240543,ENCE
2533,240545,Apeks
2534,240539,Cloud9
2535,240541,Eternal Fire
2536,242635,Metizport
2537,241165,Heroic
2538,241161,Virtus.pro
2539,241159,Apeks
2540,241157,ENCE
2541,241149,Virtus.pro
2542,241151,Heroic
2543,241155,Preasy Esport
2544,241003,Metizport
2545,240997,Virtus.pro
2546,241001,Heroic
2547,240593,AMKAL Esports
2548,240421,TSM
2549,240417,ECSTATIC
2550,240415,Fnatic
2551,240425,RUSH B
2552,240239,Metizport
2553,240237,SAW
2554,240235,Team Spirit
2555,240233,Metizport
2556,240229,Cloud9
2557,240227,GamerLegion
2558,240225,Team Spirit
2559,240223,Monte
2560,240219,Complexity
2561,240215,Team Liquid
2562,240221,Team Falcons
2563,240217,Heroic
2564,240213,Cloud9
2565,240487,Complexity
2566,240485,M80
2567,240483,paiN Gaming
2568,240437,Legacy
2569,240435,FURIA Esports
2570,240433,RED Canids
2571,240431,paiN Gaming
2572,240429,M80
2573,240427,BOSS
2574,240407,Nouns Esports
2575,240409,Elevate
2576,240403,MIBR
2577,240405,BESTIA
2578,240399,FURIA Esports
2579,240401,M80
2580,240395,Complexity
2581,240397,paiN Gaming
2582,240325,BESTIA
2583,240327,Imperial Esports
2584,240321,paiN Gaming
2585,240323,RED Canids
2586,240317,MIBR
2587,240319,M80
2588,240313,FURIA Esports
2589,240315,Complexity
2590,240175,Lynn Vision Gaming
2591,240173,ATOX Esports
2592,240163,The Mongolz
2593,240171,Grayhound Gaming
2594,240167,JiJieHao
2595,240165,Myth Avenue Gaming
2596,240115,FURIA Esports
2597,239951,GamerLegion
2598,239949,GamerLegion
2599,239815,Fnatic
2600,239817,Guild Eagles
2601,239819,9Pandas
2602,239811,Heroic
2603,239807,ENCE
2604,239771,Team Spirit
2605,239773,Guild Eagles
2606,239767,Team Vitality
2607,239769,OG
2608,239765,Monte
2609,239763,Apeks
2610,239747,Pera Esports
2611,239749,Team Spirit
2612,239743,Guild Eagles
2613,239745,Team Vitality
2614,239741,GamerLegion
2615,239739,Astralis
2616,239735,ECSTATIC
2617,239737,Apeks
2618,239731,Team Spirit
2619,239727,Cloud9
2620,239729,MOUZ
2621,239725,Monte
2622,239723,Preasy Esport
2623,239319,Preasy Esport
2624,239317,Astralis
2625,239313,Cloud9
2626,239315,Apeks
2627,239311,Monte
2628,239309,Team Spirit
2629,239305,Team Vitality
2630,239307,MOUZ
2631,239663,Fnatic
2632,239661,9Pandas
2633,239569,ENTERPRISE esports
2634,239565,9Pandas
2635,239563,FaZe Clan
2636,239561,AMKAL Esports
2637,239557,Into The Breach
2638,239555,Virtus.pro
2639,239553,SAW
2640,239551,FaZe Clan
2641,239545,Fnatic
2642,239537,Eternal Fire
2643,239533,Natus Vincere
2644,239531,Virtus.pro
2645,239535,G2 Esports
2646,239529,FaZe Clan
2647,239523,SAW
2648,239521,Ninjas in Pyjamas
2649,239199,Team 3DMAX
2650,239195,AMKAL Esports
2651,239193,Eternal Fire
2652,239191,G2 Esports
2653,239187,Virtus.pro
2654,239185,FaZe Clan
2655,239183,Team Spirit
2656,239149,Team Spirit
2657,239181,MOUZ
2658,239153,ENCE
2659,239151,FaZe Clan
2660,239009,ENCE
2661,239015,Heroic
2662,238999,Team Falcons
2663,238997,FaZe Clan
2664,239013,G2 Esports
2665,239011,GamerLegion
2666,238995,Eternal Fire
2667,238993,Complexity
2668,239005,ENCE
2669,239007,GamerLegion
2670,239003,Monte
2671,239001,Team Vitality
2672,238989,FaZe Clan
2673,238987,Natus Vincere
2674,238991,Team Spirit
2675,237929,MOUZ
2676,237927,Monte
2677,237923,Team Vitality
2678,237921,Complexity
2679,237919,Natus Vincere
2680,237925,G2 Esports
2681,237917,Team Falcons
2682,238887,BIG
2683,238883,Virtus.pro
2684,238885,The Mongolz
2685,238877,Astralis
2686,238879,FURIA Esports
2687,238881,M80
2688,238873,GamerLegion
2689,238871,The Mongolz
2690,238869,Heroic
2691,237913,Rooster
2692,237907,FURIA Esports
2693,237911,GamerLegion
2694,237909,Team Spirit
2695,237905,ENCE
2696,237903,Heroic
2697,238829,RUBY
2698,237529,Carpe Diem
2699,237527,Nouns Esports
2700,237531,MIGHT
2701,237533,NRG Esports
2702,237991,RED Canids
2703,237987,paiN Gaming
2704,237989,9z Team
2705,237993,TIMACETA
2706,237977,sYnck
2707,237979,Team 3DMAX
2708,237015,TYLOO
2709,237789,The Huns Esports
2710,237777,Bad News Kangaroos
2711,237013,New Happy
2712,237011,Lynn Vision Gaming
2713,237773,Grayhound Gaming
2714,237779,Rooster
2715,237971,Case Esports
2716,237973,Flamengo Esports
2717,237935,ECSTATIC
2718,237933,OG
2719,237931,9Pandas
2720,237887,Virtus.pro
2721,237891,9Pandas
2722,237897,MOUZ
2723,237893,Astralis
2724,237785,GR Gaming
2725,237879,Team 3DMAX
2726,237877,BIG
2727,237875,ECSTATIC
2728,237885,sYnck
2729,237881,IKLA
2730,237883,Preasy Esport
2731,237807,RESILIENCE
2732,237771,Mindfreak
2733,237809,Troublemakers
2734,237781,Team NKT
2735,237783,Eruption
2736,237005,Rare Atom
2737,237767,DXA Esports
2738,236987,Sharks Esports
2739,236983,BESTIA
2740,236989,Fluxo
2741,237721,Permitta Esports
2742,237719,Sinners Esports
2743,236979,paiN Gaming
2744,237743,EYEBALLERS
2745,237745,Aurora Gaming
2746,236981,RED Canids
2747,237739,Eternal Fire
2748,237741,AMKAL Esports
2749,237715,Natus Vincere
2750,237729,SAW
2751,237733,Preasy Esport
2752,237737,sYnck
2753,237725,Team 3DMAX
2754,237727,BIG
2755,236995,New Happy
2756,236993,Steel Helmet
2757,237713,Permitta Esports
2758,237697,EYEBALLERS
2759,237693,Aurora Gaming
2760,237691,Team Spirit
2761,237695,FORZE
2762,237707,Sinners Esports
2763,237711,OG
2764,237447,Team 3DMAX
2765,237467,FORZE
2766,236769,BOSS
2767,236773,Carpe Diem
2768,236775,Wildcard Gaming
2769,236771,Party Astronauts
2770,236765,Nouns Esports
2771,236761,Complexity
2772,236763,M80
2773,236767,Badass Gaming
2774,238681,G2 Esports
2775,238679,Astralis
2776,237075,Virtus.pro
2777,237051,Team Liquid
2778,237063,Natus Vincere
2779,237039,Astralis
2780,237073,Cloud9
2781,237049,GamerLegion
2782,237061,G2 Esports
2783,237037,Team Vitality
2784,237071,BIG
2785,237069,Virtus.pro
2786,237047,FaZe Clan
2787,237045,GamerLegion
2788,237067,Cloud9
2789,237065,Virtus.pro
2790,237043,Team Spirit
2791,237041,FaZe Clan
2792,237035,OG
2793,237033,Team Vitality
2794,237059,Ninjas in Pyjamas
2795,237057,G2 Esports
2796,237031,Astralis
2797,237029,Team Vitality
2798,237055,Natus Vincere
2799,237053,G2 Esports
2800,236829,500
2801,236825,Infinite Gaming
2802,236851,00Nation
2803,236459,Heroic
2804,236465,sYnck
2805,236469,IKLA
2806,236471,Permitta Esports
2807,236483,Sinners Esports
2808,235721,Apeks
2809,235717,Apeks
2810,235719,Virtus.pro
2811,235715,Monte
2812,235709,The Mongolz
2813,235713,BESTIA
2814,235711,Monte
2815,235409,Complexity
2816,235411,Apeks
2817,235415,M80
2818,235413,Monte
2819,235703,Team Vitality
2820,235699,Team Vitality
2821,235701,FaZe Clan
2822,235695,G2 Esports
2823,235697,Cloud9
2824,235305,FaZe Clan
2825,235303,Heroic
2826,235297,Cloud9
2827,235295,ENCE
2828,235301,MOUZ
2829,235299,FaZe Clan
2830,235293,Team Vitality
2831,235291,Cloud9
2832,235483,Team Spirit
2833,235479,MIBR
2834,235255,Team Spirit
2835,235251,Astralis
2836,235241,Cloud9
2837,235253,Virtus.pro
2838,235249,FURIA Esports
2839,235247,Astralis
2840,235239,MIBR
2841,235237,GamerLegion
2842,235289,FURIA Esports
2843,235285,HAVU Gaming
2844,235287,ENCE
2845,234911,FURIA Esports
2846,234901,GamerLegion
2847,234909,MOUZ
2848,234907,Apeks
2849,234905,Complexity
2850,234903,MOUZ
2851,234899,ENCE
2852,234897,HAVU Gaming
2853,234895,GamerLegion
2854,234893,ENCE
2855,235085,FaZe Clan
2856,235081,FaZe Clan
2857,235083,Team Vitality
2858,235077,Complexity
2859,235079,Cloud9
2860,234127,Team Vitality
2861,234125,Heroic
2862,234123,FaZe Clan
2863,234121,Ninjas in Pyjamas
2864,234119,Complexity
2865,234117,Team Vitality
2866,234115,Cloud9
2867,234113,FaZe Clan
2868,234335,Team Spirit
2869,234333,Aurora Gaming
2870,234329,Apeks
2871,234331,MIBR
2872,234161,Eternal Fire
2873,234159,Aurora Gaming
2874,234157,Apeks
2875,234155,Aurora Gaming
2876,234669,FORZE
2877,234693,TYLOO
2878,234679,Movistar Riders
2879,234677,Pera Esports
2880,234675,Aurora Gaming
2881,234687,The Mongolz
2882,234683,The Mongolz
2883,234685,TYLOO
2884,234653,Party Astronauts
2885,234663,Pera Esports
2886,234105,MOUZ
2887,234103,FaZe Clan
2888,234097,Astralis
2889,234099,ENCE
2890,234107,MOUZ
2891,233813,Wings Up Gaming
2892,233811,MOUZ
2893,233809,FaZe Clan
2894,233807,MOUZ
2895,233805,TYLOO
2896,233803,ENCE
2897,233801,Astralis
2898,239253,Nemiga Gaming
2899,239251,AMKAL Esports
2900,239247,FORZE
2901,239249,Nemiga Gaming
2902,239243,RUBY
2903,239241,RUBY
2904,239239,Nemiga Gaming
2905,239237,Guild Eagles
2906,239233,Insilio
2907,239231,Guild Eagles
2908,239229,Espionage
2909,238111,Mindfreak
2910,238109,Rooster
2911,238105,Mindfreak
2912,233863,FaZe Clan
2913,233921,Monte
2914,233947,Cloud9
2915,233861,Heroic
2916,233857,FaZe Clan
2917,233855,Cloud9
2918,233859,Team Spirit
2919,233659,FURIA Esports
2920,233649,Complexity
2921,233657,Heroic
2922,233655,Nouns Esports
2923,233647,Team Spirit
2924,233653,FURIA Esports
2925,233645,Complexity
2926,233651,Heroic
2927,233639,Monte
2928,233643,MOUZ
2929,233629,Fnatic
2930,233637,FaZe Clan
2931,233635,Wildcard Gaming
2932,233627,Cloud9
2933,233625,Fnatic
2934,233633,FaZe Clan
2935,233623,Ninjas in Pyjamas
2936,233631,Monte
2937,233621,Cloud9
2938,288899,Team Vitality
2939,288895,Natus Vincere
2940,288897,Aurora Gaming
2941,288891,Team Falcons
2942,288893,The Mongolz
2943,288487,The Mongolz
2944,288477,PARIVISION
2945,288471,FURIA Esports
2946,288461,Natus Vincere
2947,288483,9z Team
2948,288485,Team Liquid
2949,288469,NRG Esports
2950,288467,TYLOO
2951,288473,The Mongolz
2952,288475,PARIVISION
2953,288479,MOUZ
2954,288481,Ninjas in Pyjamas
2955,288459,Aurora Gaming
2956,288457,Team Falcons
2957,288463,FaZe Clan
2958,288465,NRG Esports
2959,288449,9z Team
2960,288451,MOUZ
2961,288453,Team Liquid
2962,288455,PARIVISION
2963,288441,TYLOO
2964,288443,FaZe Clan
2965,288445,B8 Esports
2966,288447,Team Falcons
2967,288329,Natus Vincere
2968,288331,FUT Esports
2969,288325,Aurora Gaming
2970,288327,FUT Esports
2971,288317,Team Spirit
2972,288323,FUT Esports
2973,288319,Aurora Gaming
2974,288321,Natus Vincere
2975,288209,Astralis
2976,288207,FUT Esports
2977,288205,Team 3DMAX
2978,288167,Aurora Gaming
2979,288173,paiN Gaming
2980,288171,FaZe Clan
2981,288165,Legacy
2982,288163,Team 3DMAX
2983,288169,B8 Esports
2984,288081,G2 Esports
2985,288093,Heroic
2986,288079,The Mongolz
2987,288089,Astralis
2988,288085,B8 Esports
2989,288087,Team 3DMAX
2990,288083,Aurora Gaming
2991,288091,Monte
2992,288055,B8 Esports
2993,288057,Team 3DMAX
2994,288053,Heroic
2995,288051,Astralis
2996,288049,Monte
2997,288047,G2 Esports
2998,288043,Aurora Gaming
2999,288045,paiN Gaming
3000,287799,B8 Esports
3001,287803,Heroic
3002,287807,paiN Gaming
3003,287813,FaZe Clan
3004,287801,Team 3DMAX
3005,287809,Legacy
3006,287805,Monte
3007,287811,Astralis
3008,287749,Team Liquid
3009,287747,Ninjas in Pyjamas
3010,287745,Heroic
3011,287653,M80
3012,287647,paiN Gaming
3013,287649,Passion UA
3014,287651,Gaimin Gladiators
3015,287643,Monte
3016,287645,Astralis
3017,287583,NRG Esports
3018,287585,M80
3019,287579,Gaimin Gladiators
3020,287577,SemperFi
3021,287575,Legacy
3022,287571,Astralis
3023,287573,Monte
3024,287563,Legacy
3025,287561,Gaimin Gladiators
3026,287557,FUT Esports
3027,287559,M80
3028,287553,paiN Gaming
3029,287555,SemperFi
3030,287551,Monte
3031,287549,Astralis
3032,287471,Passion UA
3033,287473,paiN Gaming
3034,287467,M80
3035,287475,Legacy
3036,287465,Gaimin Gladiators
3037,287469,Monte
3038,287463,SemperFi
3039,287477,NRG Esports
3040,287447,Inner Circle
3041,287439,BetBoom Team
3042,287427,FOKUS
3043,287149,Team Vitality
3044,287147,The Mongolz
3045,287145,The Mongolz
3046,287143,MOUZ
3047,287137,FURIA Esports
3048,287135,Aurora Gaming
3049,287139,Natus Vincere
3050,287141,Team Falcons
3051,287113,G2 Esports
3052,287109,PARIVISION
3053,287107,Astralis
3054,287079,PARIVISION
3055,287081,Heroic
3056,287075,The Mongolz
3057,287077,Aurora Gaming
3058,287073,Astralis
3059,287071,FUT Esports
3060,286997,Team Falcons
3061,286999,paiN Gaming
3062,286993,Team Vitality
3063,286995,Heroic
3064,286989,B8 Esports
3065,286991,Astralis
3066,286985,Aurora Gaming
3067,286987,PARIVISION
3068,286977,The Mongolz
3069,286979,Heroic
3070,286973,FUT Esports
3071,286975,paiN Gaming
3072,286969,FaZe Clan
3073,286971,PARIVISION
3074,286967,Astralis
3075,286965,MOUZ
3076,286357,B8 Esports
3077,286359,paiN Gaming
3078,286353,G2 Esports
3079,286355,Team 3DMAX
3080,286351,Heroic
3081,286349,PARIVISION
3082,286345,Astralis
3083,286347,FUT Esports
3084,286665,BET-M 33
3085,286661,Sinners Esports
3086,286675,CYBERSHOKE Esports
3087,286681,EYEBALLERS
3088,286679,OG
3089,286677,Johnny Speeds
3090,286671,Team Nemesis
3091,286657,K27
3092,286647,ENCE
3093,286641,K27
3094,286643,Tricked Esport
3095,286639,OG
3096,286645,EYEBALLERS
3097,286631,BASEMENT BOYS
3098,286635,Johnny Speeds
3099,286637,Sinners Esports
3100,286633,CYBERSHOKE Esports
3101,286295,Team Vitality
3102,286297,MOUZ
3103,286293,MOUZ
3104,286291,FURIA Esports
3105,286289,MOUZ
3106,286287,FURIA Esports
3107,286029,Team Falcons
3108,286031,Aurora Gaming
3109,286009,Team Spirit
3110,286011,Astralis
3111,286025,FaZe Clan
3112,286027,Team Falcons
3113,286015,Astralis
3114,286013,FURIA Esports
3115,286021,FaZe Clan
3116,286023,Team Falcons
3117,286017,Team 3DMAX
3118,286019,Aurora Gaming
3119,286007,Team Spirit
3120,286005,Astralis
3121,286003,The Mongolz
3122,286001,G2 Esports
3123,284615,Team Falcons
3124,284613,NRG Esports
3125,284609,BCGame
3126,284611,FaZe Clan
3127,284607,Team Spirit
3128,284601,FUT Esports
3129,284605,PARIVISION
3130,284603,The Mongolz
3131,285753,paiN Gaming
3132,285749,Ninjas in Pyjamas
3133,285739,NRG Esports
3134,285731,Heroic
3135,285743,FUT Esports
3136,285735,G2 Esports
3137,285737,Team 3DMAX
3138,285741,Passion UA
3139,285729,PARIVISION
3140,285745,B8 Esports
3141,284567,G2 Esports
3142,284565,Ninjas in Pyjamas
3143,284571,Team 3DMAX
3144,284569,BCGame
3145,284575,B8 Esports
3146,284573,paiN Gaming
3147,284561,GamerLegion
3148,284563,PARIVISION
3149,284215,PARIVISION
3150,285259,FURIA Esports
3151,285257,Team Falcons
3152,284743,PARIVISION
3153,284741,GamerLegion
3154,284737,Heroic
3155,284739,Team Liquid
3156,284823,Gentle Mates
3157,284819,BetBoom Team
3158,284815,Nuclear TigeRES
3159,284817,Gentle Mates
3160,284813,Team Nemesis
3161,284811,Nuclear TigeRES
3162,284799,HOTU
3163,284801,Ursa
3164,284803,FUT Esports
3165,284805,Nuclear TigeRES
3166,284807,GenOne
3167,284809,Team Nemesis
3168,284789,BCGame
3169,284787,Fnatic
3170,284797,Ursa
3171,284791,9INE
3172,284793,Gentle Mates
3173,284795,KOLESIE
3174,284783,K27
3175,284785,Nuclear TigeRES
3176,284779,Team Nemesis
3177,284777,Fnatic
3178,284775,GenOne
3179,284781,BCGame
3180,284767,BIG Academy
3181,284769,K27
3182,284771,Sangal Esports
3183,284773,Gentle Mates
3184,284273,FUT Esports
3185,284271,Team Vitality
3186,284269,Team Spirit
3187,284267,Astralis
3188,284265,Team Falcons
3189,284263,Aurora Gaming
3190,284261,Team Liquid
3191,284259,Heroic
3192,283611,9INE
3193,283631,BetBoom Team
3194,283619,Sinners Esports
3195,283635,ENCE
3196,283613,ECSTATIC
3197,283621,Ninjas in Pyjamas
3198,283629,Inner Circle
3199,283637,M80
3200,283615,Virtus.pro
3201,283623,Monte
3202,283627,Friendly Campers
3203,283639,Passion UA
3204,283617,HOTU
3205,283625,Fnatic
3206,283633,EYEBALLERS
3207,283641,OG
3208,284587,Nuclear TigeRES
3209,281079,FaZe Clan
3210,282883,FaZe Clan
3211,282881,Team Vitality
3212,282877,Natus Vincere
3213,282879,FaZe Clan
3214,282875,The Mongolz
3215,282873,Team Falcons
3216,282813,Team Falcons
3217,282811,Passion UA
3218,282809,Natus Vincere
3219,282779,The Mongolz
3220,282781,FaZe Clan
3221,282777,Imperial Esports
3222,282775,Team Falcons
3223,282771,Team Vitality
3224,282773,paiN Gaming
3225,282765,G2 Esports
3226,282767,PARIVISION
3227,282761,Team Spirit
3228,282763,Team Liquid
3229,282679,Natus Vincere
3230,282677,Imperial Esports
3231,282675,The Mongolz
3232,282673,B8 Esports
3233,282669,Team Spirit
3234,282671,Team Falcons
3235,282667,Team Vitality
3236,282665,G2 Esports
3237,282663,Natus Vincere
3238,282661,Team Falcons
3239,282659,FaZe Clan
3240,282655,G2 Esports
3241,282653,Team Liquid
3242,282651,The Mongolz
3243,282649,PARIVISION
3244,282475,Team 3DMAX
3245,282473,Astralis
3246,282471,M80
3247,282463,Team 3DMAX
3248,282469,TYLOO
3249,282461,M80
3250,282467,Astralis
3251,282459,Ninjas in Pyjamas
3252,282465,Passion UA
3253,282447,B8 Esports
3254,282445,Team Liquid
3255,282449,Astralis
3256,282443,Ninjas in Pyjamas
3257,282441,Imperial Esports
3258,282439,Aurora Gaming
3259,282437,M80
3260,282435,Team 3DMAX
3261,282421,PARIVISION
3262,282417,Fnatic
3263,282423,Passion UA
3264,282411,FaZe Clan
3265,282425,M80
3266,282413,Imperial Esports
3267,282419,FlyQuest
3268,282415,Ninjas in Pyjamas
3269,282235,Imperial Esports
3270,282227,B8 Esports
3271,282225,FlyQuest
3272,282223,M80
3273,282237,FaZe Clan
3274,282233,PARIVISION
3275,282181,Legacy
3276,282179,Imperial Esports
3277,282177,FaZe Clan
3278,282161,GamerLegion
3279,282157,The Huns Esports
3280,282153,Fnatic
3281,282159,FaZe Clan
3282,282151,Ninjas in Pyjamas
3283,282155,Legacy
3284,282147,Lynn Vision Gaming
3285,282149,NRG Esports
3286,282145,Fluxo
3287,282143,Rare Atom
3288,282139,Imperial Esports
3289,282141,Ninjas in Pyjamas
3290,282135,RED Canids
3291,282137,PARIVISION
3292,281801,NRG Esports
3293,281805,Fluxo
3294,281807,Lynn Vision Gaming
3295,281803,RED Canids
3296,281797,M80
3297,281799,The Huns Esports
3298,281793,FlyQuest
3299,281795,Rare Atom
3300,281147,RED Canids
3301,281141,Lynn Vision Gaming
3302,281145,Fluxo
3303,281151,NRG Esports
3304,281149,The Huns Esports
3305,281139,FlyQuest
3306,281153,Rare Atom
3307,281143,M80
3308,281481,Team Falcons
3309,281479,Team Vitality
3310,281477,paiN Gaming
3311,281475,Team Spirit
3312,281473,paiN Gaming
3313,281471,Team Vitality
3314,281469,TYLOO
3315,281467,Team Falcons
3316,281465,Team Spirit
3317,280637,TYLOO
3318,280635,paiN Gaming
3319,280633,Team Falcons
3320,280631,Passion UA
3321,281089,Team Vitality
3322,281091,Team Falcons
3323,281085,FURIA Esports
3324,281087,Team Vitality
3325,281081,The Mongolz
3326,281083,Team Vitality
3327,280955,The Mongolz
3328,280949,Team Falcons
3329,280971,G2 Esports
3330,280969,MOUZ
3331,280953,paiN Gaming
3332,280951,Heroic
3333,280963,Lynn Vision Gaming
3334,280965,Virtus.pro
3335,280941,Team Spirit
3336,280943,paiN Gaming
3337,280945,Astralis
3338,280947,Natus Vincere
3339,280967,Team Vitality
3340,280961,Virtus.pro
3341,280957,G2 Esports
3342,280959,Team 3DMAX
3343,280557,Team Spirit
3344,280555,Natus Vincere
3345,280565,Team 3DMAX
3346,280553,Heroic
3347,280561,FaZe Clan
3348,280563,Virtus.pro
3349,280551,Team Falcons
3350,280559,Lynn Vision Gaming
3351,280801,Legacy
3352,280799,SAW
3353,280797,SAW
3354,280791,Legacy
3355,280793,Team Liquid
3356,280787,Aurora Gaming
3357,280789,Heroic
3358,280707,Astralis
3359,280705,FlyQuest
3360,280703,Gentle Mates
3361,280685,Legacy
3362,280687,Fnatic
3363,280681,FlyQuest
3364,280683,Gentle Mates
3365,280679,Astralis
3366,280677,SAW
3367,280653,MIBR
3368,280649,Gentle Mates
3369,280651,paiN Gaming
3370,280647,Heroic
3371,280645,FlyQuest
3372,280643,Legacy
3373,280641,SAW
3374,280639,BetBoom Team
3375,280603,B8 Esports
3376,280617,MIBR
3377,280615,FlyQuest
3378,280609,Team Liquid
3379,280607,BetBoom Team
3380,280613,Ninjas in Pyjamas
3381,280515,Fnatic
3382,280517,B8 Esports
3383,280513,MIBR
3384,280509,FlyQuest
3385,280507,Ninjas in Pyjamas
3386,280505,Team Liquid
3387,280503,Gentle Mates
3388,279929,Legacy
3389,279931,Heroic
3390,279927,Legacy
3391,279925,Team 3DMAX
3392,279923,FUT Esports
3393,279921,Fnatic
3394,279901,FaZe Clan
3395,279917,Team 3DMAX
3396,279907,Team Liquid
3397,279891,Heroic
3398,279897,paiN Gaming
3399,279899,FaZe Clan
3400,279915,Lynn Vision Gaming
3401,279913,Virtus.pro
3402,279887,Fnatic
3403,279889,FUT Esports
3404,279893,paiN Gaming
3405,279895,FaZe Clan
3406,279905,MIBR
3407,279903,Legacy
3408,279909,Virtus.pro
3409,279911,Lynn Vision Gaming
3410,279883,B8 Esports
3411,279885,FaZe Clan
3412,279879,Fluxo
3413,279881,paiN Gaming
3414,279877,MIBR
3415,279875,Team Liquid
3416,279871,Team 3DMAX
3417,279873,Legacy
3418,279625,Natus Vincere
3419,279627,The Mongolz
3420,279623,The Mongolz
3421,279621,Aurora Gaming
3422,279609,9z Team
3423,279617,Team Venom
3424,279615,Aurora Gaming
3425,279607,9z Team
3426,279605,The Mongolz
3427,279613,Team Venom
3428,279611,Imperial Esports
3429,279603,9z Team
3430,279601,OG
3431,260093,Team Falcons
3432,279569,MOUZ
3433,279565,Team Vitality
3434,279567,Team Falcons
3435,279559,Team Vitality
3436,279557,FaZe Clan
3437,279561,Natus Vincere
3438,279563,Team Falcons
3439,279521,FaZe Clan
3440,279519,Team 3DMAX
3441,279517,Natus Vincere
3442,279501,Inner Circle
3443,279499,G2 Esports
3444,279495,MOUZ
3445,279497,Gentle Mates
3446,279493,HOTU
3447,279491,Aurora Gaming
3448,279427,Team Falcons
3449,279429,G2 Esports
3450,279431,GamerLegion
3451,279433,FaZe Clan
3452,279439,Natus Vincere
3453,279441,FURIA Esports
3454,279435,HOTU
3455,279437,Aurora Gaming
3456,279287,Team 3DMAX
3457,279279,G2 Esports
3458,279285,GamerLegion
3459,279277,HOTU
3460,279283,Astralis
3461,279275,Gentle Mates
3462,279281,Inner Circle
3463,279273,Natus Vincere
3464,279269,Team 3DMAX
3465,279265,Gentle Mates
3466,279267,Natus Vincere
3467,279261,HOTU
3468,279263,Astralis
3469,279259,GamerLegion
3470,279257,Inner Circle
3471,279217,B8 Esports
3472,279215,Legacy
3473,279213,ENCE
3474,279191,Gentle Mates
3475,279197,M80
3476,279189,ENCE
3477,279195,Heroic
3478,279187,B8 Esports
3479,279193,Fluxo
3480,279009,Team 3DMAX
3481,279011,Legacy
3482,279015,Fluxo
3483,279007,GamerLegion
3484,279005,B8 Esports
3485,279003,Gentle Mates
3486,279013,Rooster
3487,279001,ENCE
3488,278921,Fluxo
3489,278913,Gentle Mates
3490,278919,NRG Esports
3491,278917,Heroic
3492,278909,ENCE
3493,278911,Inner Circle
3494,278915,Rooster
3495,278907,HOTU
3496,278571,ENCE
3497,278563,Gentle Mates
3498,278573,HOTU
3499,278569,B8 Esports
3500,278575,NRG Esports
3501,278565,Inner Circle
3502,278561,Rooster
3503,278567,Fluxo
3504,260089,FURIA Esports
3505,277881,Team Falcons
3506,277879,The Mongolz
3507,277877,Team Falcons
3508,277875,Astralis
3509,277871,Team Liquid
3510,277873,G2 Esports
3511,277397,Virtus.pro
3512,277395,GamerLegion
3513,277393,Team Liquid
3514,277391,Legacy
3515,277385,paiN Gaming
3516,277389,Team Liquid
3517,277383,The Mongolz
3518,277387,Virtus.pro
3519,277381,GamerLegion
3520,277367,FURIA Esports
3521,277371,paiN Gaming
3522,277365,FaZe Clan
3523,277373,G2 Esports
3524,277375,GamerLegion
3525,277377,Heroic
3526,277379,Lynn Vision Gaming
3527,277369,The Mongolz
3528,277355,G2 Esports
3529,277363,paiN Gaming
3530,277353,TYLOO
3531,277361,Team Liquid
3532,277351,Legacy
3533,277359,Astralis
3534,277349,FaZe Clan
3535,277357,Lynn Vision Gaming
3536,277237,Team Liquid
3537,277235,paiN Gaming
3538,277233,Lynn Vision Gaming
3539,277231,Legacy
3540,277229,Astralis
3541,277227,Virtus.pro
3542,277225,Team 3DMAX
3543,277223,TYLOO
3544,277827,Ninjas in Pyjamas
3545,277829,B8 Esports
3546,277825,B8 Esports
3547,277823,Ninjas in Pyjamas
3548,277821,B8 Esports
3549,277819,Gentle Mates
3550,277811,Passion UA
3551,277813,Ninjas in Pyjamas
3552,277815,Gentle Mates
3553,277817,OG
3554,277165,9INE
3555,277167,Passion UA
3556,277171,Ninjas in Pyjamas
3557,277169,PARIVISION
3558,277515,Team Venom
3559,277521,M80
3560,277519,9z Team
3561,277511,JiJieHao
3562,260087,G2 Esports
3563,277007,G2 Esports
3564,277005,MOUZ
3565,277003,G2 Esports
3566,276551,G2 Esports
3567,276541,FURIA Esports
3568,276535,Fnatic
3569,276525,FaZe Clan
3570,276549,FlyQuest
3571,276547,Team Liquid
3572,276531,M80
3573,276533,Fnatic
3574,276539,Team Spirit
3575,276537,G2 Esports
3576,276545,FlyQuest
3577,276543,Team Liquid
3578,276523,FaZe Clan
3579,276521,GamerLegion
3580,276527,Virtus.pro
3581,276529,ECSTATIC
3582,276517,Legacy
3583,276519,Team Spirit
3584,276515,G2 Esports
3585,276513,Imperial Esports
3586,276509,Fnatic
3587,276511,FaZe Clan
3588,276507,GamerLegion
3589,276505,M80
3590,276281,Aurora Gaming
3591,276279,Team Falcons
3592,276499,Aurora Gaming
3593,276497,The Mongolz
3594,276493,Team Falcons
3595,276495,Heroic
3596,276491,TYLOO
3597,276489,The Mongolz
3598,275407,MOUZ
3599,275409,Team Falcons
3600,275411,Aurora Gaming
3601,275413,Heroic
3602,275399,Team Liquid
3603,275401,Astralis
3604,275403,Team 3DMAX
3605,275405,The Mongolz
3606,276139,The Mongolz
3607,276135,The Mongolz
3608,276137,Team Spirit
3609,276045,Virtus.pro
3610,276041,Team Liquid
3611,276047,Aurora Gaming
3612,276043,Astralis
3613,276217,Fnatic
3614,276215,ECSTATIC
3615,276219,FUT Esports
3616,276003,Fnatic
3617,276001,Fnatic
3618,276021,Team Spirit Academy
3619,276017,Team Spirit Academy
3620,276007,JiJieHao
3621,276015,Iberian Soul
3622,276005,OG
3623,275997,PARIVISION
3624,275987,9INE
3625,275995,BetBoom Team
3626,275985,Passion UA
3627,275421,Legacy
3628,275385,B8 Esports
3629,275389,paiN Gaming
3630,275395,Team Liquid
3631,275387,G2 Esports
3632,275391,Virtus.pro
3633,275393,Astralis
3634,274547,NRG Esports
3635,274555,FlyQuest
3636,274553,ENCE
3637,274577,Fnatic
3638,274549,OG
3639,274561,BIG
3640,274569,Rare Atom
3641,274551,Passion UA
3642,274559,TEAM NEXT LEVEL
3643,274567,MIBR
3644,274557,BetBoom Team
3645,274285,Team Spirit
3646,274281,MOUZ
3647,274283,Natus Vincere
3648,274277,FURIA Esports
3649,274279,Natus Vincere
3650,274267,G2 Esports
3651,274275,Natus Vincere
3652,274261,The Mongolz
3653,274269,Team Spirit
3654,274273,Ninjas in Pyjamas
3655,274271,FaZe Clan
3656,274263,FURIA Esports
3657,274265,Team 3DMAX
3658,274141,FaZe Clan
3659,274135,Team Spirit
3660,274137,Heroic
3661,274139,Natus Vincere
3662,274133,FURIA Esports
3663,274131,G2 Esports
3664,274127,The Mongolz
3665,274129,Team 3DMAX
3666,273617,Heroic
3667,273611,Team Liquid
3668,273613,FaZe Clan
3669,273615,Ninjas in Pyjamas
3670,273603,Astralis
3671,273609,Team 3DMAX
3672,273607,GamerLegion
3673,273605,FURIA Esports
3674,274117,TYLOO
3675,274115,paiN Gaming
3676,274113,Heroic
3677,274119,FlyQuest
3678,274075,paiN Gaming
3679,274065,FURIA Esports
3680,274071,Heroic
3681,274073,Team Liquid
3682,274069,Ninjas in Pyjamas
3683,274067,FlyQuest
3684,274061,Virtus.pro
3685,274063,TYLOO
3686,273589,paiN Gaming
3687,273593,Heroic
3688,273587,BIG
3689,273591,MIBR
3690,273601,FURIA Esports
3691,273599,B8 Esports
3692,273595,Complexity
3693,273597,Virtus.pro
3694,273845,TYLOO
3695,273841,Astralis
3696,273843,SAW
3697,273833,BetBoom Team
3698,273835,Lynn Vision Gaming
3699,273839,Complexity
3700,273837,Team 3DMAX
3701,273573,BIG
3702,273563,Astralis
3703,273543,SAW
3704,273553,paiN Gaming
3705,273571,BIG
3706,273561,Astralis
3707,273569,Heroic
3708,273559,MIBR
3709,273551,paiN Gaming
3710,273541,SAW
3711,273549,Rare Atom
3712,273539,FURIA Esports
3713,273557,MIBR
3714,273567,BIG
3715,273555,TYLOO
3716,273565,BetBoom Team
3717,273537,FURIA Esports
3718,273547,Rare Atom
3719,273545,Lynn Vision Gaming
3720,273535,Wildcard Gaming
3721,273831,PARIVISION
3722,272629,The Mongolz
3723,272627,paiN Gaming
3724,272625,Team Vitality
3725,272621,The Mongolz
3726,272619,Natus Vincere
3727,272623,paiN Gaming
3728,272617,MOUZ
3729,271319,paiN Gaming
3730,271317,G2 Esports
3731,271315,MOUZ
3732,271305,Team Vitality
3733,271307,G2 Esports
3734,271303,FaZe Clan
3735,271313,MOUZ
3736,271311,Lynn Vision Gaming
3737,271309,paiN Gaming
3738,271293,Nemiga Gaming
3739,271291,Team Liquid
3740,271287,Virtus.pro
3741,271289,Natus Vincere
3742,271299,Lynn Vision Gaming
3743,271301,G2 Esports
3744,271295,Team Vitality
3745,271297,FaZe Clan
3746,271285,paiN Gaming
3747,271283,Team Liquid
3748,271279,Nemiga Gaming
3749,271277,Lynn Vision Gaming
3750,271275,Natus Vincere
3751,271273,FURIA Esports
3752,271271,Legacy
3753,271269,Lynn Vision Gaming
3754,271267,Nemiga Gaming
3755,271263,FURIA Esports
3756,271265,FaZe Clan
3757,271261,Team 3DMAX
3758,271259,paiN Gaming
3759,271257,Virtus.pro
3760,271255,Legacy
3761,271249,MIBR
3762,271251,Lynn Vision Gaming
3763,271253,Heroic
3764,271239,Team 3DMAX
3765,271241,B8 Esports
3766,271247,MIBR
3767,271237,Lynn Vision Gaming
3768,271243,Heroic
3769,271245,M80
3770,271227,BetBoom Team
3771,271225,Team Falcons
3772,271223,Virtus.pro
3773,271221,Legacy
3774,271233,Heroic
3775,271235,M80
3776,271229,Lynn Vision Gaming
3777,271231,Nemiga Gaming
3778,271215,Nemiga Gaming
3779,271219,OG
3780,271213,Lynn Vision Gaming
3781,271217,BetBoom Team
3782,271205,TYLOO
3783,271207,Legacy
3784,271211,B8 Esports
3785,271209,FURIA Esports
3786,271203,TYLOO
3787,271201,Legacy
3788,271197,Nemiga Gaming
3789,271199,Lynn Vision Gaming
3790,271193,BetBoom Team
3791,271195,OG
3792,271191,Heroic
3793,271189,B8 Esports
3794,271187,TYLOO
3795,271185,Legacy
3796,271183,Lynn Vision Gaming
3797,271175,Nemiga Gaming
3798,271173,Wildcard Gaming
3799,271181,Lynn Vision Gaming
3800,271171,NRG Esports
3801,271177,TYLOO
3802,271179,Legacy
3803,271159,Fluxo
3804,271161,Metizport
3805,271157,Wildcard Gaming
3806,271155,FlyQuest
3807,271169,Nemiga Gaming
3808,271167,TYLOO
3809,271165,Legacy
3810,271163,Complexity
3811,271153,Fluxo
3812,271143,FlyQuest
3813,271145,Wildcard Gaming
3814,271139,OG
3815,271141,NRG Esports
3816,269939,Fluxo
3817,269937,Metizport
3818,269935,Legacy
3819,269933,NRG Esports
3820,269931,Nemiga Gaming
3821,269929,Imperial Esports
3822,269927,Chinggis Warriors
3823,269925,OG
3824,270707,MOUZ
3825,270703,Team Falcons
3826,270705,MOUZ
3827,270699,GamerLegion
3828,270701,Aurora Gaming
3829,271021,GamerLegion
3830,271011,The Mongolz
3831,271027,Team Falcons
3832,271037,Aurora Gaming
3833,271017,Team 3DMAX
3834,271019,FURIA Esports
3835,271033,FaZe Clan
3836,271035,Aurora Gaming
3837,271009,G2 Esports
3838,271015,Lynn Vision Gaming
3839,271031,NRG Esports
3840,271025,Team Falcons
3841,271007,GamerLegion
3842,271023,Team Liquid
3843,271029,FaZe Clan
3844,271013,Team 3DMAX
3845,270071,Heroic
3846,270063,FURIA Esports
3847,270065,G2 Esports
3848,270073,Team Falcons
3849,270067,BCGame
3850,270059,Legacy
3851,270061,GamerLegion
3852,270069,FaZe Clan
3853,270677,Team Spirit
3854,270679,FURIA Esports
3855,270675,Team Spirit
3856,270673,Astralis
3857,270417,Team Spirit
3858,270415,MIBR
3859,270413,Natus Vincere
3860,270411,Aurora Gaming
3861,270147,Virtus.pro
3862,270145,Aurora Gaming
3863,270143,G2 Esports
3864,270135,Aurora Gaming
3865,270141,paiN Gaming
3866,270139,G2 Esports
3867,270133,Virtus.pro
3868,270137,HOTU
3869,270131,ODDIK
3870,270115,Natus Vincere
3871,270121,M80
3872,270119,HOTU
3873,270127,Aurora Gaming
3874,270129,ODDIK
3875,270123,MIBR
3876,270125,Virtus.pro
3877,270113,ODDIK
3878,270111,HOTU
3879,270105,Ninjas in Pyjamas
3880,270103,BIG
3881,270109,FURIA Esports
3882,270101,paiN Gaming
3883,270099,MIBR
3884,270107,M80
3885,269687,HOTU
3886,269679,GamerLegion
3887,269677,M80
3888,269685,Ninjas in Pyjamas
3889,269675,FURIA Esports
3890,269683,MIBR
3891,269681,ODDIK
3892,269673,BIG
3893,269705,FlyQuest
3894,269713,Lynn Vision Gaming
3895,269709,Rare Atom
3896,269707,Nomads
3897,269703,FlyQuest
3898,269715,NinJa
3899,269711,Lynn Vision Gaming
3900,269701,Nomads
3901,269699,Rare Atom
3902,269695,JiJieHao
3903,269223,Team Falcons
3904,269219,Team Spirit
3905,269221,Team Falcons
3906,269215,Wildcard Gaming
3907,269217,FaZe Clan
3908,269231,Team Falcons
3909,269229,FaZe Clan
3910,269227,Team Vitality
3911,269225,Wildcard Gaming
3912,269213,Team Falcons
3913,269207,Wildcard Gaming
3914,269209,paiN Gaming
3915,269211,FlyQuest
3916,269055,Team Vitality
3917,269053,Team Vitality
3918,269051,Team Falcons
3919,269049,Team Liquid
3920,269047,GamerLegion
3921,269045,Team Liquid
3922,269043,Team Falcons
3923,269039,The Mongolz
3924,269041,GamerLegion
3925,269037,MIBR
3926,269035,FlyQuest
3927,269031,Team 3DMAX
3928,269033,Complexity
3929,269025,MIBR
3930,269029,Natus Vincere
3931,269023,Virtus.pro
3932,269027,Team Liquid
3933,269015,Team 3DMAX
3934,269021,The Mongolz
3935,269017,Complexity
3936,269019,GamerLegion
3937,268569,SAW
3938,268571,Natus Vincere
3939,268565,FlyQuest
3940,268567,Team Liquid
3941,268557,BIG
3942,268559,GamerLegion
3943,268561,paiN Gaming
3944,268563,The Mongolz
3945,269007,NRG Esports
3946,269013,Legacy
3947,269005,NRG Esports
3948,269011,ODDIK
3949,269003,Marsborne
3950,269009,BESTIA
3951,268935,B8 Esports
3952,268933,B8 Esports
3953,268725,Chinggis Warriors
3954,268731,Rare Atom
3955,268721,Gods Reign
3956,268739,SemperFi
3957,268745,NRG Esports
3958,268753,Legacy
3959,268747,Nouns Esports
3960,268749,Sharks Esports
3961,268743,MIGHT
3962,268861,B8 Esports
3963,268787,BIG
3964,268791,ENCE
3965,268751,Team Solid
3966,268719,Gods Reign
3967,268773,Astralis
3968,268777,BIG
3969,268775,BetBoom Team
3970,268727,TYLOO
3971,268723,Eruption
3972,268783,Fnatic
3973,268779,GamerLegion
3974,268733,Rooster
3975,268291,Nouns Esports
3976,268299,RED Canids
3977,268289,Marsborne
3978,268297,BESTIA
3979,268287,MIGHT
3980,268295,Team Solid
3981,268285,Getting Info
3982,268293,ODDIK
3983,268759,Nemiga Gaming
3984,268757,Metizport
3985,268765,ENCE
3986,268767,SAW
3987,268763,Fnatic
3988,268303,Gods Reign
3989,268305,Lynn Vision Gaming
3990,268301,Chinggis Warriors
3991,268771,PARIVISION
3992,268769,500
3993,268715,BetBoom Team
3994,268717,Fnatic
3995,268713,PARIVISION
3996,268711,9Pandas
3997,268709,B8 Esports
3998,268269,OG
3999,268271,Nemiga Gaming
4000,268273,BetBoom Team
4001,268277,PARIVISION
4002,268281,ENCE
4003,268283,Metizport
4004,268251,Team Falcons
4005,268249,FaZe Clan
4006,268435,Complexity
4007,268437,FaZe Clan
4008,268427,Virtus.pro
4009,268429,Complexity
4010,268433,Team 3DMAX
4011,268431,Team Falcons
4012,268365,The Mongolz
4013,268363,FaZe Clan
4014,268361,Virtus.pro
4015,268323,The Mongolz
4016,268317,Betclic
4017,268321,Team Falcons
4018,268315,FaZe Clan
4019,268319,Legacy
4020,268313,Virtus.pro
4021,268267,Team Liquid
4022,268255,Team 3DMAX
4023,268265,paiN Gaming
4024,268253,Complexity
4025,268263,FaZe Clan
4026,268261,Virtus.pro
4027,268257,Betclic
4028,268259,Legacy
4029,268223,Complexity
4030,268231,paiN Gaming
4031,268221,Astralis
4032,268229,Betclic
4033,268227,Virtus.pro
4034,268219,Legacy
4035,268225,GamerLegion
4036,268217,Rare Atom
4037,267889,Betclic
4038,267881,Astralis
4039,267887,Legacy
4040,267879,paiN Gaming
4041,267877,Complexity
4042,267885,GamerLegion
4043,267883,Rare Atom
4044,267875,Team 3DMAX
4045,267357,Metizport
4046,267355,Nemiga Gaming
4047,267353,Ninjas in Pyjamas
4048,267317,Iberian Soul
4049,267303,B8 Esports
4050,267351,AMKAL Esports
4051,267331,BetBoom Team
4052,267301,B8 Esports
4053,267329,Monte
4054,267349,AMKAL Esports
4055,267315,Iberian Soul
4056,267333,Metizport
4057,267339,Fnatic
4058,267345,Passion UA
4059,267295,Sashi Esport
4060,267325,BetBoom Team
4061,267297,ENCE
4062,267327,Sangal Esports
4063,267343,AMKAL Esports
4064,267311,Iberian Soul
4065,267337,Fire Flux Esports
4066,267321,Metizport
4067,267273,JANO Esports
4068,267277,Nemiga Gaming
4069,267285,Monte
4070,267281,CYBERSHOKE Esports
4071,267291,ENCE
4072,267307,Iberian Soul
4073,267341,Nexus Gaming
4074,267283,Sashi Esport
4075,267279,Novaq
4076,267287,OG
4077,267275,GTZ.ESPORTS
4078,267253,Metizport
4079,267245,9INE
4080,267261,Nexus Gaming
4081,267237,ENCE
4082,267259,AMKAL Esports
4083,267249,OG
4084,267233,CYBERSHOKE Esports
4085,267241,Novaq
4086,267247,TEAM NEXT LEVEL
4087,267257,JANO Esports
4088,267239,Mercenaires
4089,267255,Ninjas in Pyjamas
4090,267231,Roler Coaster
4091,265773,MOUZ
4092,265769,Team Vitality
4093,265771,MOUZ
4094,265765,Natus Vincere
4095,265767,G2 Esports
4096,265805,G2 Esports
4097,265795,Natus Vincere
4098,265789,Team Spirit
4099,265779,Team Vitality
4100,265803,M80
4101,265801,Team Liquid
4102,265787,FaZe Clan
4103,265785,Team Falcons
4104,265793,The Mongolz
4105,265791,Eternal Fire
4106,265799,M80
4107,265797,Team Liquid
4108,265777,Team Vitality
4109,265775,MOUZ
4110,265783,Astralis
4111,265781,Team Falcons
4112,265559,FURIA Esports
4113,265561,The Mongolz
4114,265557,Team Liquid
4115,265555,Imperial Esports
4116,265551,Virtus.pro
4117,265553,Team Vitality
4118,265549,Team Falcons
4119,265547,The Huns Esports
4120,267167,XI Esport
4121,267147,Hesta
4122,267159,GardenGarage
4123,267157,EYEBALLERS
4124,267149,Ninjas in Pyjamas
4125,267119,Illuminar
4126,267129,Nuclear TigeRES
4127,267125,Insilio
4128,267115,EYEBALLERS
4129,267117,Hesta
4130,267121,Lazer Cats
4131,266535,MOUZ
4132,266531,The Mongolz
4133,266533,Team Spirit
4134,266525,The Mongolz
4135,266523,Team Liquid
4136,266527,G2 Esports
4137,266529,Team Spirit
4138,266515,GamerLegion
4139,266513,Eternal Fire
4140,266511,Team 3DMAX
4141,266469,FURIA Esports
4142,266467,Natus Vincere
4143,266465,paiN Gaming
4144,266463,Team Liquid
4145,266461,GamerLegion
4146,266459,Team 3DMAX
4147,266435,MIBR
4148,266431,MOUZ
4149,266433,Natus Vincere
4150,266427,The Mongolz
4151,266429,SAW
4152,266425,Team 3DMAX
4153,266423,TYLOO
4154,266391,SAW
4155,266393,FURIA Esports
4156,266387,Team 3DMAX
4157,266383,The Mongolz
4158,266385,paiN Gaming
4159,266379,TYLOO
4160,266381,MIBR
4161,266187,Team Liquid
4162,266183,paiN Gaming
4163,266179,FURIA Esports
4164,266177,SAW
4165,266185,Team 3DMAX
4166,266181,GamerLegion
4167,266171,TYLOO
4168,266175,MIBR
4169,265967,M80
4170,265965,Nemiga Gaming
4171,265963,TYLOO
4172,265921,NRG Esports
4173,265919,M80
4174,265917,Lynn Vision Gaming
4175,265915,FlyQuest
4176,265913,Nemiga Gaming
4177,265911,TYLOO
4178,265821,paiN Gaming
4179,265819,NRG Esports
4180,265815,MIBR
4181,265817,SAW
4182,265811,TYLOO
4183,265813,Mindfreak
4184,265807,Team 3DMAX
4185,265809,Housebets
4186,265693,M80
4187,265695,MIBR
4188,265703,NRG Esports
4189,265691,SAW
4190,265701,Housebets
4191,265689,TYLOO
4192,265699,Mindfreak
4193,265697,Lynn Vision Gaming
4194,265577,Housebets
4195,265575,NRG Esports
4196,265571,Lynn Vision Gaming
4197,265573,Nemiga Gaming
4198,265567,SAW
4199,265569,TYLOO
4200,265563,Mindfreak
4201,265565,FlyQuest
4202,266135,BetBoom Team
4203,266133,OG
4204,266131,BetBoom Team
4205,266063,9INE
4206,266103,Fnatic
4207,266045,Natus Vincere Junior
4208,266129,BetBoom Team
4209,266101,Fnatic
4210,266043,Natus Vincere Junior
4211,266125,Zero Tenacity
4212,266073,Dynamo Eclot
4213,266041,Natus Vincere Junior
4214,266099,Ninjas in Pyjamas
4215,266061,Heroic
4216,266127,Team Spirit Academy
4217,266047,Sinners Esports
4218,266121,CYBERSHOKE Esports
4219,266071,Monte
4220,266123,Sashi Esport
4221,266091,Fnatic
4222,266031,Sinners Esports
4223,266113,Zero Tenacity
4224,266029,Passion UA
4225,266119,Sashi Esport
4226,266115,Team Spirit Academy
4227,266057,9Pandas
4228,266067,Monte
4229,266087,500
4230,266085,Partizan Esports
4231,266065,9INE
4232,266117,GTZ.ESPORTS
4233,266111,Sashi Esport
4234,266051,9INE
4235,266025,Roler Coaster
4236,266109,ARCRED
4237,266081,Ninjas in Pyjamas
4238,266079,Betclic
4239,266107,Zero Tenacity
4240,266021,OG
4241,266105,CYBERSHOKE Esports
4242,266027,Sinners Esports
4243,266049,Rebels Gaming
4244,263829,Team Falcons
4245,263831,FaZe Clan
4246,263827,FaZe Clan
4247,263825,Astralis
4248,263823,SAW
4249,263821,Eternal Fire
4250,263819,Astralis
4251,263817,MOUZ
4252,265255,Virtus.pro
4253,265257,SAW
4254,265253,BIG
4255,265119,SAW
4256,265117,Virtus.pro
4257,265113,Eternal Fire
4258,265115,MIBR
4259,265111,BIG
4260,265109,Team Falcons
4261,265059,The Mongolz
4262,265071,FlyQuest
4263,265055,FaZe Clan
4264,265069,Imperial Female
4265,265065,Astralis
4266,265063,Virtus.pro
4267,265061,MIBR
4268,265067,BIG
4269,265031,paiN Gaming
4270,265039,Astralis
4271,265037,Imperial Female
4272,265029,Eternal Fire
4273,265035,Virtus.pro
4274,265033,FlyQuest
4275,265025,Team 3DMAX
4276,264553,Imperial Female
4277,264549,Wildcard Gaming
4278,264551,Astralis
4279,264547,Complexity
4280,264545,FlyQuest
4281,264543,SAW
4282,264541,Virtus.pro
4283,264539,BIG
4284,264521,Astralis
4285,264519,BetBoom Team
4286,264517,Heroic
4287,264513,Zero Tenacity
4288,264515,Hesta
4289,264511,BIG
4290,264509,Nemiga Gaming
4291,264507,Hesta
4292,264499,GamerLegion
4293,264497,Heroic
4294,264503,OG
4295,264493,BetBoom Team
4296,264501,Nemiga Gaming
4297,264381,nEvermore
4298,264385,Metizport
4299,264383,Heroic
4300,264387,GamerLegion
4301,264373,TEAM NEXT LEVEL
4302,264375,BetBoom Team
4303,264379,Astralis
4304,263799,Team Spirit
4305,263883,Team Spirit
4306,263873,The Mongolz
4307,263871,Team Spirit
4308,263869,Eternal Fire
4309,263797,Team Spirit
4310,263791,The Mongolz
4311,263593,Team Vitality
4312,263595,Eternal Fire
4313,263793,Astralis
4314,263795,Team Liquid
4315,263597,G2 Esports
4316,263599,Team 3DMAX
4317,263607,FURIA Esports
4318,263605,Natus Vincere
4319,263601,The Mongolz
4320,263603,Team Liquid
4321,263589,BIG
4322,263587,FaZe Clan
4323,263583,Eternal Fire
4324,263585,Team Falcons
4325,262765,Team Liquid
4326,262759,Astralis
4327,262761,Natus Vincere
4328,262763,GamerLegion
4329,262755,BIG
4330,262751,Virtus.pro
4331,262757,Team 3DMAX
4332,262753,Team Falcons
4333,263555,Astralis
4334,263551,Team Liquid
4335,263553,Virtus.pro
4336,263559,BIG
4337,263549,Complexity
4338,263543,FURIA Esports
4339,263547,Eternal Fire
4340,263545,Imperial Female
4341,263539,MIBR
4342,263541,Astralis
4343,263535,GamerLegion
4344,263537,SAW
4345,262735,Heroic
4346,262737,Eternal Fire
4347,262749,FURIA Esports
4348,262747,BIG
4349,262741,MIBR
4350,262745,GamerLegion
4351,262743,Virtus.pro
4352,262739,FlyQuest
4353,264285,Astralis
4354,264283,Astralis
4355,264275,Heroic
4356,263951,9INE
4357,263945,BetBoom Team
4358,263957,PARIVISION
4359,263959,SAW
4360,263953,Dynamo Eclot
4361,263943,Ninjas in Pyjamas
4362,263955,Nemiga Gaming
4363,263923,Passion UA
4364,263919,ENCE
4365,263927,B8 Esports
4366,263917,9INE
4367,263931,500
4368,263921,Ninjas in Pyjamas
4369,263273,Team Spirit
4370,263271,Team Spirit
4371,263269,Eternal Fire
4372,262939,paiN Gaming
4373,262941,Eternal Fire
4374,262937,BetBoom Team
4375,262943,Heroic
4376,262767,BIG
4377,262771,Virtus.pro
4378,262775,FURIA Esports
4379,262777,Eternal Fire
4380,262769,Astralis
4381,262773,FlyQuest
4382,262779,paiN Gaming
4383,262781,Heroic
4384,261911,B8 Esports
4385,261919,BetBoom Team
4386,261927,Nemiga Gaming
4387,261935,GamerLegion
4388,261913,Imperial Female
4389,261921,M80
4390,261929,Fluxo
4391,261937,Virtus.pro
4392,261915,Metizport
4393,261923,ENCE
4394,261931,BIG
4395,261939,Wildcard Gaming
4396,261917,Fnatic
4397,261925,9Pandas
4398,261933,Heroic
4399,261941,MIBR
4400,260397,FaZe Clan
4401,260395,FaZe Clan
4402,260393,Team Spirit
4403,260391,FaZe Clan
4404,260389,Heroic
4405,260387,Team Liquid
4406,260385,MOUZ
4407,260341,FURIA Esports
4408,260337,Natus Vincere
4409,260335,MOUZ
4410,260315,Heroic
4411,260325,paiN Gaming
4412,260323,GamerLegion
4413,260317,Team Liquid
4414,260321,Team 3DMAX
4415,260319,FaZe Clan
4416,260293,Heroic
4417,260295,paiN Gaming
4418,260291,MIBR
4419,260289,Wildcard Gaming
4420,260285,Team 3DMAX
4421,260287,FaZe Clan
4422,260283,Team Liquid
4423,260281,Team Spirit
4424,260277,Heroic
4425,260279,paiN Gaming
4426,260275,BIG
4427,260273,MIBR
4428,260269,Wildcard Gaming
4429,260271,The Mongolz
4430,260139,MIBR
4431,260137,BIG
4432,260135,Wildcard Gaming
4433,260133,paiN Gaming
4434,260129,GamerLegion
4435,260131,FURIA Esports
4436,260125,The Mongolz
4437,260127,Team Liquid
4438,260099,Passion UA
4439,260097,FlyQuest
4440,260095,Complexity
4441,260085,Virtus.pro
4442,260079,Passion UA
4443,260083,Complexity
4444,260077,paiN Gaming
4445,260075,FURIA Esports
4446,260081,Rare Atom
4447,260071,GamerLegion
4448,260073,Imperial Esports
4449,260069,Fnatic
4450,260067,FlyQuest
4451,260065,Wildcard Gaming
4452,260059,Cloud9
4453,260061,Virtus.pro
4454,260063,Passion UA
4455,260057,FURIA Esports
4456,260055,GamerLegion
4457,260049,Wildcard Gaming
4458,260053,Rare Atom
4459,260051,Passion UA
4460,260047,MIBR
4461,260043,FlyQuest
4462,260045,Cloud9
4463,259988,Imperial Esports
4464,259986,Rare Atom
4465,259984,Wildcard Gaming
4466,259982,Passion UA
4467,259980,FlyQuest
4468,259978,Cloud9
4469,259974,GamerLegion
4470,259976,MIBR
4471,259908,Ninjas in Pyjamas
4472,259884,Sashi Esport
4473,259882,Passion UA
4474,259880,9Pandas
4475,259814,Astralis
4476,259810,Team Spirit
4477,259808,Heroic
4478,259818,Ninjas in Pyjamas
4479,259812,Virtus.pro
4480,259816,Aurora Gaming
4481,259772,B8 Esports
4482,259770,Team 3DMAX
4483,259766,BIG
4484,259768,PARIVISION
4485,259764,Sashi Esport
4486,259762,Ninjas in Pyjamas
4487,259758,Aurora Gaming
4488,259760,9Pandas
4489,259752,BIG
4490,259754,TSM
4491,259748,Team 3DMAX
4492,259750,Sashi Esport
4493,259746,Aurora Gaming
4494,259744,9Pandas
4495,259740,Passion UA
4496,259742,PARIVISION
4497,257081,TSM
4498,257079,Sashi Esport
4499,257075,PARIVISION
4500,257077,9Pandas
4501,257071,Aurora Gaming
4502,257073,Passion UA
4503,257067,Ninjas in Pyjamas
4504,257069,B8 Esports
4505,259660,GamerLegion
4506,259662,Dynamo Eclot
4507,259664,SAW
4508,259666,Cloud9
4509,259607,Fnatic
4510,259609,GamerLegion
4511,259603,SAW
4512,259605,Nemiga Gaming
4513,259601,Dynamo Eclot
4514,259599,Cloud9
4515,259527,UNiTY
4516,259525,Team Vitality
4517,259523,Rebels Gaming
4518,259521,MOUZ
4519,259519,BetBoom Team
4520,259517,SAW
4521,259513,Sangal Esports
4522,259515,Dynamo Eclot
4523,259493,Team Falcons
4524,259501,UNiTY
4525,259499,Cloud9
4526,259491,Sangal Esports
4527,259497,Rebels Gaming
4528,259489,BetBoom Team
4529,259495,Dynamo Eclot
4530,259487,Sinners Esports
4531,257065,UNiTY
4532,257063,Rebels Gaming
4533,257061,Dynamo Eclot
4534,257059,Sinners Esports
4535,257057,Cloud9
4536,257055,Nemiga Gaming
4537,257053,GamerLegion
4538,257051,Fnatic
4539,259065,FURIA Esports
4540,259063,RED Canids
4541,259061,M80
4542,258835,FURIA Esports
4543,258837,RED Canids
4544,258833,KRÜ Esports
4545,258831,M80
4546,258829,BESTIA
4547,258827,paiN Gaming
4548,258755,Case Esports
4549,258753,MIBR
4550,258749,9z Team
4551,258751,Nouns Esports
4552,258745,BESTIA
4553,258747,Imperial Esports
4554,258743,M80
4555,258741,BOSS
4556,258695,KRÜ Esports
4557,258687,Imperial Esports
4558,258693,RED Canids
4559,258685,BOSS
4560,258691,Case Esports
4561,258683,Wildcard Gaming
4562,258689,Nouns Esports
4563,258681,Legacy
4564,257095,KRÜ Esports
4565,257097,Case Esports
4566,257091,RED Canids
4567,257093,BOSS
4568,257089,Nouns Esports
4569,257087,BESTIA
4570,257085,Wildcard Gaming
4571,257083,Legacy
4572,258479,FlyQuest
4573,258477,Lynn Vision Gaming
4574,258475,FlyQuest
4575,258469,Talon Esports
4576,258467,DRILLAS
4577,258473,FlyQuest
4578,258471,Lynn Vision Gaming
4579,257105,Talon Esports
4580,257103,GR Gaming
4581,257101,DRILLAS
4582,257099,Alter Ego
4583,257627,G2 Esports
4584,257623,Team Spirit
4585,257625,Team Vitality
4586,257619,Team Spirit
4587,257621,Team Vitality
4588,257151,Team Spirit
4589,257149,Team Vitality
4590,257143,MOUZ
4591,257141,FaZe Clan
4592,257147,Team Spirit
4593,257145,Team Liquid
4594,257139,FaZe Clan
4595,257137,Astralis
4596,257609,The Mongolz
4597,257617,OG
4598,257607,Team 3DMAX
4599,257605,Heroic
4600,257579,BESTIA
4601,257577,Imperial Esports
4602,257573,OG
4603,257223,BESTIA
4604,257221,Ninjas in Pyjamas
4605,257217,OG
4606,257219,Fnatic
4607,257189,BESTIA
4608,257187,M80
4609,257173,BESTIA
4610,257171,Aurora Gaming
4611,257185,Ninjas in Pyjamas
4612,257169,Ninjas in Pyjamas
4613,257167,Legacy
4614,257181,Fnatic
4615,257179,9z Team
4616,257165,Fnatic
4617,257163,Cloud9
4618,257177,OG
4619,257175,Virtus.pro
4620,257159,Team 3DMAX
4621,256665,Natus Vincere
4622,256661,FURIA Esports
4623,256663,Natus Vincere
4624,256657,MOUZ
4625,256659,Virtus.pro
4626,256655,The Mongolz
4627,256639,FaZe Clan
4628,256629,FURIA Esports
4629,256645,Heroic
4630,256651,Virtus.pro
4631,256653,Eternal Fire
4632,256635,Complexity
4633,256637,FaZe Clan
4634,256643,Heroic
4635,256649,G2 Esports
4636,256641,The Mongolz
4637,256647,Virtus.pro
4638,256625,Team Liquid
4639,256631,Complexity
4640,256633,paiN Gaming
4641,256627,MOUZ
4642,256313,Astralis
4643,256311,Virtus.pro
4644,256309,9z Team
4645,256315,G2 Esports
4646,256303,Team Liquid
4647,256305,FURIA Esports
4648,255883,Natus Vincere
4649,255881,FaZe Clan
4650,255879,G2 Esports
4651,255877,Team Liquid
4652,255875,Team Spirit
4653,255817,Team Liquid
4654,255815,Team Spirit
4655,255813,G2 Esports
4656,255811,FaZe Clan
4657,255125,Team Liquid
4658,255123,Astralis
4659,255121,FaZe Clan
4660,255119,Team Falcons
4661,255361,Natus Vincere
4662,255359,Natus Vincere
4663,255357,MIBR
4664,255345,Team Liquid
4665,255347,Team Spirit
4666,255341,Eternal Fire
4667,255343,MIBR
4668,255337,Complexity
4669,255333,The Mongolz
4670,255335,Heroic
4671,255353,FaZe Clan
4672,255355,Team Spirit
4673,255351,Virtus.pro
4674,255349,BIG
4675,254461,Team Liquid
4676,254479,FURIA Esports
4677,254455,Complexity
4678,254437,M80
4679,254477,ATOX Esports
4680,254453,Astralis
4681,254451,MOUZ
4682,254475,RED Canids
4683,254473,Virtus.pro
4684,254471,ENCE
4685,254449,Complexity
4686,254447,Astralis
4687,254469,RED Canids
4688,254467,Virtus.pro
4689,254445,Fnatic
4690,254443,MOUZ
4691,254457,RED Canids
4692,254465,FURIA Esports
4693,254463,Team Falcons
4694,254459,Virtus.pro
4695,254441,Imperial Esports
4696,254439,Fnatic
4697,254433,Astralis
4698,254435,BIG
4699,249817,Team Falcons
4700,249815,ATOX Esports
4701,249821,Virtus.pro
4702,249811,M80
4703,249809,Imperial Esports
4704,249819,ENCE
4705,249807,Rooster
4706,249813,Astralis
4707,254413,G2 Esports
4708,254407,Heroic
4709,254431,The Mongolz
4710,254389,Natus Vincere
4711,254429,Team 3DMAX
4712,254427,The Mongolz
4713,254425,Team Spirit
4714,254401,Sangal Esports
4715,254399,Lynn Vision Gaming
4716,254421,Team Spirit
4717,254419,9z Team
4718,254395,Ninjas in Pyjamas
4719,254397,Heroic
4720,254415,Team 3DMAX
4721,254411,Wildcard Gaming
4722,254417,Team Spirit
4723,254387,Ninjas in Pyjamas
4724,254385,Heroic
4725,254391,FaZe Clan
4726,254393,Sangal Esports
4727,249803,Team 3DMAX
4728,249799,Wildcard Gaming
4729,249801,9z Team
4730,249795,Ninjas in Pyjamas
4731,249791,Sangal Esports
4732,249793,Eternal Fire
4733,249797,Natus Vincere
4734,254899,Zero Tenacity
4735,254547,Cloud9
4736,254545,Zero Tenacity
4737,254561,TSM
4738,254299,TSM
4739,254297,Sinners Esports
4740,254089,Cloud9
4741,254253,9INE
4742,254349,AMKAL Esports
4743,254303,OG
4744,254005,Young Ninjas
4745,253991,Team EndPoint
4746,254001,Nexus Gaming
4747,253995,Insilio
4748,253997,ECSTATIC
4749,254009,Revenant Esports
4750,253983,MOUZ NXT
4751,253989,ALTERNATE aTTaX
4752,254011,Team Sampi
4753,253985,Gaimin Gladiators
4754,254003,9INE
4755,253981,LEON
4756,253999,CYBERSHOKE Esports
4757,254053,FLUFFY AIMERS
4758,254045,FLUFFY AIMERS
4759,254047,Legacy
4760,253953,Eternal Fire
4761,253951,Eternal Fire
4762,253949,paiN Gaming
4763,253939,Team Spirit
4764,253947,Virtus.pro
4765,253945,Eternal Fire
4766,253935,paiN Gaming
4767,253937,Team Spirit
4768,253941,Heroic
4769,253943,Team Falcons
4770,253927,Eternal Fire
4771,253929,paiN Gaming
4772,253931,FURIA Esports
4773,253933,Team Falcons
4774,253923,FURIA Esports
4775,253921,9Pandas
4776,253919,FURIA Esports
4777,253917,9Pandas
4778,253915,Aurora Gaming
4779,253907,paiN Gaming
4780,253909,BetBoom Team
4781,253903,9z Team
4782,254161,DRILLAS
4783,254135,ATOX Esports
4784,254147,True Rippers Esports
4785,254133,ATOX Esports
4786,254235,Onyx Ravens
4787,254155,DRILLAS
4788,254221,Alter Ego
4789,254207,GR Gaming
4790,254119,Teamwork
4791,254143,True Rippers Esports
4792,254141,Oni CLAN
4793,254127,IHC Esports
4794,254105,Mindfreak
4795,254129,-72C
4796,254223,Al-Ittihad
4797,254229,POGGERZ
4798,254137,Revenge
4799,254225,JiJieHao
4800,254139,True Rippers Esports
4801,254125,Nomads
4802,254117,Teamwork
4803,254123,IHC Esports
4804,254103,Arcade Esports
4805,254217,Forward Gaming
4806,254179,Talon Esports
4807,254193,Rare Atom
4808,254203,THE
4809,254213,DEWA United
4810,254215,True Rippers Esports
4811,254209,Oni CLAN
4812,254201,ATOX Esports
4813,254199,-72C
4814,254113,Bromo
4815,254101,Arcade Esports
4816,254197,IHC Esports
4817,254115,XNL Gaming
4818,254111,XNL Gaming
4819,254095,KZG
4820,254109,Bromo
4821,254097,Housebets
4822,254171,Arcade Esports
4823,254173,Talon Esports
4824,254169,The Art of War
4825,254167,Vantage Esports
4826,253877,Heroic
4827,253875,Heroic
4828,253869,Eternal Fire
4829,253871,Fnatic
4830,253873,Heroic
4831,253861,Fnatic
4832,253865,Team 3DMAX
4833,253867,Cloud9
4834,253863,Heroic
4835,253859,Heroic
4836,253855,Team 3DMAX
4837,253853,OG
4838,253857,B8 Esports
4839,253491,Monte
4840,253487,Cloud9
4841,253471,NewBALLS
4842,253459,Metizport
4843,253453,Team Spirit Academy
4844,253435,PARIVISION
4845,253465,AMKAL Esports
4846,253441,Cloud9
4847,253239,ROFLAN SQUAD
4848,253229,Bleed Esports
4849,254345,Elevate
4850,254355,Fluxo
4851,254343,Legacy
4852,254347,FLUFFY AIMERS
4853,254293,Mythic
4854,254291,Akimbo Esports
4855,254289,FLUFFY AIMERS
4856,254287,Take Flyte
4857,254265,inSanitY Sports
4858,254263,Team Solid
4859,254283,BOSS
4860,254259,ODDIK
4861,254255,w7m esports
4862,253153,Homyno
4863,254245,Intense Game
4864,254247,Dusty Roots
4865,254249,Vikings KR
4866,253145,Phoenix
4867,253135,LAG Gaming
4868,253137,Mythic
4869,253183,Intense Game
4870,253179,Vikings KR
4871,253181,Dusty Roots
4872,253171,Case Esports
4873,253173,KRÜ Esports
4874,253011,Virtus.pro
4875,253009,OG
4876,253007,Virtus.pro
4877,253001,paiN Gaming
4878,253005,Complexity
4879,253003,AMKAL Esports
4880,252997,GamerLegion
4881,252987,paiN Gaming
4882,252993,M80
4883,252995,Metizport
4884,252999,Zero Tenacity
4885,252991,AMKAL Esports
4886,252989,OG
4887,252985,Rare Atom
4888,253781,B8 Esports
4889,253779,GamerLegion
4890,253739,Dynamo Eclot
4891,253771,BIG
4892,253765,Nemiga Gaming
4893,253757,OG
4894,253743,GamerLegion
4895,253747,Sashi Esport
4896,253725,Zero Tenacity
4897,253727,Insilio
4898,253685,ENTERPRISE esports
4899,253703,Cloud9
4900,253697,Permitta Esports
4901,253675,Bleed Esports
4902,253683,PARIVISION
4903,253715,BIG
4904,253723,Rebels Gaming
4905,253677,Dynamo Eclot
4906,253707,ARCRED
4907,253705,Sashi Esport
4908,253061,ENTERPRISE esports
4909,253077,Qiang
4910,253075,Permitta Esports
4911,253073,Rebels Gaming
4912,253057,Rhyno Esports
4913,253071,ARCRED
4914,253053,TSM
4915,253069,OG
4916,253055,Sinners Esports
4917,253067,Cloud9
4918,253065,Passion UA
4919,253051,1win Team
4920,252287,Team Vitality
4921,252279,MOUZ
4922,252281,SAW
4923,252283,G2 Esports
4924,252285,FaZe Clan
4925,252277,Team Liquid
4926,252267,Team Vitality
4927,251997,SAW
4928,252007,G2 Esports
4929,252273,Team Falcons
4930,252275,Team Liquid
4931,252005,G2 Esports
4932,252003,paiN Gaming
4933,252263,Complexity
4934,252265,Team Vitality
4935,252271,FURIA Esports
4936,252269,Virtus.pro
4937,251999,9z Team
4938,252001,Team Spirit
4939,251989,Astralis
4940,251993,The Mongolz
4941,251473,FURIA Esports
4942,251467,Team Falcons
4943,251459,paiN Gaming
4944,251465,The Mongolz
4945,251461,9z Team
4946,251463,SAW
4947,251469,Complexity
4948,251471,Team Liquid
4949,251981,paiN Gaming
4950,251983,The Mongolz
4951,251977,Team Falcons
4952,251973,paiN Gaming
4953,251963,9z Team
4954,251969,Team Falcons
4955,251961,Eternal Fire
4956,251971,Team 3DMAX
4957,251965,Team Liquid
4958,251967,SAW
4959,251453,Team Liquid
4960,251451,Imperial Esports
4961,251445,Team Falcons
4962,251443,ALTERNATE aTTaX
4963,251447,MIBR
4964,251449,9z Team
4965,251455,BIG
4966,251457,SAW
4967,251613,Team 3DMAX
4968,251609,Team 3DMAX
4969,251607,Cloud9
4970,251603,Insilio
4971,251599,Team 3DMAX
4972,251591,Nemiga Gaming
4973,251589,Johnny Speeds
4974,251597,Cloud9
4975,251587,Fnatic
4976,251581,Insilio
4977,251595,Cloud9
4978,251593,Bleed Esports
4979,251583,G2 Ares
4980,251577,Team QUAZAR
4981,251569,1win Team
4982,251573,Metizport
4983,251565,1win Team
4984,251707,Natus Vincere
4985,251709,Ninjas in Pyjamas
4986,251705,Natus Vincere
4987,251697,Ninjas in Pyjamas
4988,251689,Astralis
4989,251681,Complexity
4990,251703,BIG
4991,251695,Ninjas in Pyjamas
4992,251687,Team Falcons
4993,251679,Complexity
4994,251701,Virtus.pro
4995,251699,Team Liquid
4996,251693,Ninjas in Pyjamas
4997,251691,G2 Esports
4998,250815,Team Liquid
4999,250813,BIG
5000,250811,Ninjas in Pyjamas
5001,250809,Cloud9
5002,251685,Team Falcons
5003,251683,Astralis
5004,251677,Complexity
5005,251675,Heroic
5006,250807,Team Falcons
5007,250805,GamerLegion
5008,250803,Heroic
5009,250801,OG
5010,252033,paiN Gaming
5011,252029,paiN Gaming
5012,252031,Team Solid
5013,251949,Fluxo
5014,251953,ODDIK
5015,251951,Team Solid
5016,251955,Sharks Esports
5017,251761,ODDIK
5018,251741,Intense Game
5019,251759,ODDIK
5020,251749,Sharks Esports
5021,251757,Dusty Roots
5022,251743,9z Academy
5023,251755,Dusty Roots
5024,251753,Case Esports
5025,251739,BESTIA
5026,251729,Team Solid
5027,251737,Vikings KR
5028,251995,Rare Atom
5029,251991,ATOX Esports
5030,251721,Imperial Esports
5031,251719,MIBR
5032,250849,G2 Esports
5033,250845,Natus Vincere
5034,250847,Virtus.pro
5035,250841,FaZe Clan
5036,250843,MOUZ
5037,250837,Virtus.pro
5038,250839,G2 Esports
5039,250833,M80
5040,250831,FURIA Esports
5041,250829,MIBR
5042,250827,FURIA Esports
5043,250825,Sashi Esport
5044,250265,Complexity
5045,250261,MIBR
5046,250263,FURIA Esports
5047,250267,M80
5048,250259,Sashi Esport
5049,250271,The Mongolz
5050,250269,FlyQuest
5051,249193,Fnatic
5052,249189,Fnatic
5053,249187,Imperial Esports
5054,249177,9z Team
5055,249175,Ninjas in Pyjamas
5056,249181,RED Canids
5057,249173,Ninjas in Pyjamas
5058,249171,paiN Gaming
5059,249363,Team Spirit
5060,249359,Natus Vincere
5061,249361,Team Vitality
5062,249355,Virtus.pro
5063,249357,Team Vitality
5064,248171,Team Spirit
5065,248169,G2 Esports
5066,248165,Natus Vincere
5067,248167,Astralis
5068,248163,G2 Esports
5069,248161,Virtus.pro
5070,248159,Astralis
5071,248157,SAW
5072,249221,Complexity
5073,249217,Team Falcons
5074,249219,Complexity
5075,249215,MIBR
5076,249203,Team Falcons
5077,249211,ENCE
5078,249201,Aurora Gaming
5079,249209,MIBR
5080,249199,Team Falcons
5081,249023,Team 3DMAX
5082,249021,Team 3DMAX
5083,249019,Sinners Esports
5084,249017,Team 3DMAX
5085,249011,Sinners Esports
5086,249013,Aurora Gaming
5087,249005,Sinners Esports
5088,249007,Team 3DMAX
5089,249009,RUSH B
5090,249003,Aurora Gaming
5091,248997,Team 3DMAX
5092,248999,Sinners Esports
5093,249001,Aurora Gaming
5094,248995,RUSH B
5095,248993,Sinners Esports
5096,248991,Aurora Gaming
5097,248987,Team 3DMAX
5098,248981,PARIVISION
5099,248983,Sinners Esports
5100,248985,Aurora Gaming
5101,248975,Aurora Gaming
5102,248977,Sinners Esports
5103,248973,SAW
5104,248971,PARIVISION
5105,248969,Sinners Esports
5106,248963,9Pandas
5107,248967,RUSH B
5108,248965,SAW
5109,248613,Party Astronauts
5110,248601,LAG Gaming
5111,248595,Elevate
5112,248607,NRG Esports
5113,245842,Team Vitality
5114,245834,G2 Esports
5115,245836,Team Vitality
5116,245838,G2 Esports
5117,245840,Heroic
5118,245552,BIG
5119,245536,Team Liquid
5120,245530,Team Vitality
5121,245542,Team Spirit
5122,245550,BIG
5123,245548,Heroic
5124,245532,MOUZ
5125,245534,Team Falcons
5126,245546,BIG
5127,245538,Virtus.pro
5128,245540,Natus Vincere
5129,245544,Heroic
5130,245528,Complexity
5131,245526,Team Liquid
5132,245524,Monte
5133,245522,Team Vitality
5134,244892,Heroic
5135,244894,FlyQuest
5136,244890,M80
5137,244896,BIG
5138,244882,9z Team
5139,244884,Team Liquid
5140,244888,Monte
5141,244886,Team Falcons
5142,245072,Aurora Gaming
5143,245064,Aurora Gaming
5144,245062,Chinggis Warriors
5145,245060,Lynn Vision Gaming
5146,245058,OG
5147,245056,Gaimin Gladiators
5148,245066,ATOX Esports
5149,245054,The Mongolz
5150,245052,ATOX Esports
5151,245048,Gaimin Gladiators
5152,245046,Lynn Vision Gaming
5153,245222,Nouns Esports
5154,245220,Nouns Esports
5155,245218,Wildcard Gaming
5156,245028,Eternal Fire
5157,245026,GamerLegion
5158,245024,Astralis
5159,245022,AMKAL Esports
5160,245018,Astralis
5161,245016,ENCE
5162,244638,MIBR
5163,244634,BIG
5164,244632,AMKAL Esports
5165,244630,Team Liquid
5166,244628,OG
5167,244626,OG
5168,244624,AMKAL Esports
5169,244620,GamerLegion
5170,244618,Gaimin Gladiators
5171,244616,GamerLegion
5172,244614,Fnatic
5173,244612,Aurora Gaming
5174,244608,PARIVISION
5175,244610,Eternal Fire
5176,244606,PARIVISION
5177,244604,Aurora Gaming
5178,244880,Team Spirit
5179,244876,Heroic
5180,244878,Team Falcons
5181,244380,MIBR
5182,244374,Virtus.pro
5183,244378,MIBR
5184,244376,Heroic
5185,244370,Virtus.pro
5186,244372,Team Falcons
5187,244368,MIBR
5188,244366,Aurora Gaming
5189,244364,Team Falcons
5190,244438,Team Vitality
5191,244434,Complexity
5192,244436,Team Vitality
5193,244416,FaZe Clan
5194,244414,Team Liquid
5195,244410,G2 Esports
5196,244412,Virtus.pro
5197,244424,FaZe Clan
5198,244420,Virtus.pro
5199,244422,FlyQuest
5200,244418,G2 Esports
5201,244428,Virtus.pro
5202,244432,Monte
5203,244430,FlyQuest
5204,244426,G2 Esports
5205,243716,Complexity
5206,243708,FURIA Esports
5207,243732,Ninjas in Pyjamas
5208,243692,Team Liquid
5209,243730,Heroic
5210,243706,ENCE
5211,243704,FORZE
5212,243728,FlyQuest
5213,243726,Heroic
5214,243734,Ninjas in Pyjamas
5215,243702,FURIA Esports
5216,243710,GamerLegion
5217,243724,Heroic
5218,243722,Pera Esports
5219,243698,FORZE
5220,243700,Monte
5221,243720,Heroic
5222,243718,Ninjas in Pyjamas
5223,243714,Natus Vincere
5224,243712,FlyQuest
5225,243690,Team Liquid
5226,243696,FURIA Esports
5227,243694,ENCE
5228,243688,GamerLegion
5229,243220,BOSS
5230,243222,Natus Vincere
5231,243214,Monte
5232,243212,Team Liquid
5233,243216,Pera Esports
5234,243218,Ninjas in Pyjamas
5235,243208,Bad News Kangaroos
5236,243210,ENCE
5237,243684,M80
5238,243662,SAW
5239,243668,Team Vitality
5240,243658,Eternal Fire
5241,243644,Astralis
5242,243682,M80
5243,243680,Team Falcons
5244,243656,Fnatic
5245,243686,Sharks Esports
5246,243660,Eternal Fire
5247,243654,Imperial Esports
5248,243676,BetBoom Team
5249,243674,M80
5250,243652,Eternal Fire
5251,243650,FaZe Clan
5252,243670,Sharks Esports
5253,243666,The Mongolz
5254,243672,Team Falcons
5255,243640,FaZe Clan
5256,243646,Imperial Esports
5257,243642,Team 3DMAX
5258,243648,SAW
5259,243206,G2 Esports
5260,243192,Imperial Esports
5261,243194,Astralis
5262,243200,Sharks Esports
5263,243196,Fnatic
5264,243198,SAW
5265,243980,Bleed Esports
5266,243962,Gaimin Gladiators
5267,243960,Bleed Esports
5268,243606,AMKAL Esports
5269,243554,Bleed Esports
5270,242790,Nemiga Gaming
5271,242782,Guild Eagles
5272,242798,LEON
5273,242894,ENTERPRISE esports
5274,242896,Sinners Esports
5275,242792,MOUZ NXT
5276,242872,Team Sampi
5277,242780,Sinners Esports
5278,242784,Team Secret
5279,242800,Turow Zgorzelec Esport
5280,242770,Aurora Young Blood
5281,242778,JANO Esports
5282,242804,MOUZ NXT
5283,242772,Permitta Esports
5284,242794,EYEBALLERS
5285,242802,Team Sampi
5286,242808,Passion UA
5287,243526,paiN Gaming
5288,243538,MIBR
5289,243536,OG
5290,243524,paiN Gaming
5291,243534,OG
5292,243532,FURIA Esports
5293,243530,OG
5294,243522,MIBR
5295,243528,Metizport
5296,243520,Imperial Esports
5297,243518,OG
5298,243512,9z Team
5299,243514,Metizport
5300,243516,paiN Gaming
5301,243896,Bad News Kangaroos
5302,243900,Bad News Kangaroos
5303,243792,paiN Gaming
5304,243778,Legacy
5305,243790,paiN Gaming
5306,243816,JiJieHao
5307,243814,VC esport
5308,243898,Bad News Kangaroos
5309,243894,Rooster
5310,243802,Rare Atom
5311,243890,Mindfreak
5312,243892,Bad News Kangaroos
5313,243784,paiN Gaming
5314,243772,Legacy
5315,243770,Elevate
5316,243782,Fluxo
5317,243812,Onyx Ravens
5318,243810,NoChance
5319,243880,BetBoom Team
5320,243746,Guild Eagles
5321,243736,Aurora Gaming
5322,243738,BetBoom Team
5323,243740,Ninjas in Pyjamas
5324,243744,AMKAL Esports
5325,243574,Case Esports
5326,243570,w7m esports
5327,243572,Team Solid
5328,243590,Sheer Conquer
5329,243176,FaZe Clan
5330,243174,FaZe Clan
5331,243172,MOUZ
5332,243170,FaZe Clan
5333,243168,G2 Esports
5334,243142,FaZe Clan
5335,243126,G2 Esports
5336,243116,MOUZ
5337,243132,Virtus.pro
5338,243140,Cloud9
5339,243138,Nemiga Gaming
5340,243122,Heroic
5341,243124,Lynn Vision Gaming
5342,243128,Astralis
5343,243134,Steel Helmet
5344,243136,Wildcard Gaming
5345,243130,Virtus.pro
5346,243114,MOUZ
5347,243120,TYLOO
5348,243118,Heroic
5349,243112,Team Liquid
5350,242490,Nemiga Gaming
5351,242496,Wildcard Gaming
5352,242494,FlyQuest
5353,242488,TYLOO
5354,242486,Lynn Vision Gaming
5355,242484,Team Liquid
5356,242482,9z Team
5357,242868,Aurora Gaming
5358,242862,Aurora Gaming
5359,242858,Apeks
5360,242856,Apeks
5361,242842,Aurora Gaming
5362,242838,Metizport
5363,242852,Fnatic
5364,242836,9Pandas
5365,242832,Bleed Esports
5366,242830,Alliance
5367,242822,Bleed Esports
5368,242816,AMKAL Esports
5369,242818,Guild Eagles
5370,243358,paiN Gaming
5371,243356,RED Canids
5372,243354,MIBR
5373,243352,RED Canids
5374,243350,paiN Gaming
5375,242944,RED Canids
5376,242954,paiN Gaming
5377,242952,MIBR
5378,242942,Imperial Esports
5379,242940,BESTIA
5380,242950,ODDIK
5381,242948,ODDIK
5382,242946,Sharks Esports
5383,242938,BESTIA
5384,242684,Ninjas in Pyjamas
5385,242692,Metizport
5386,242702,Party Astronauts
5387,242690,Monte
5388,242682,Ninjas in Pyjamas
5389,242688,Monte
5390,242686,Metizport
5391,242728,The Mongolz
5392,242694,Take Flyte
5393,242696,Nouns Esports
5394,242706,Sharks Esports
5395,242708,Fluxo
5396,242680,BLESSED
5397,242676,GamerLegion
5398,242674,Metizport
5399,242678,Aurora Gaming
5400,242668,Metizport
5401,242670,Ninjas in Pyjamas
5402,242672,GamerLegion
5403,242666,B8 Esports
5404,242722,Lynn Vision Gaming
5405,242720,Lynn Vision Gaming
5406,242300,Natus Vincere
5407,242304,G2 Esports
5408,242302,Team Vitality
5409,242240,MOUZ
5410,242236,Natus Vincere
5411,242238,FaZe Clan
5412,242140,Cloud9
5413,242108,paiN Gaming
5414,242094,G2 Esports
5415,242092,FaZe Clan
5416,242046,Natus Vincere
5417,242050,paiN Gaming
5418,242052,G2 Esports
5419,242044,Team Vitality
5420,242048,FaZe Clan
5421,242042,Virtus.pro
5422,241998,FURIA Esports
5423,242002,Team Spirit
5424,242000,The Mongolz
5425,241996,Complexity
5426,242008,Team Vitality
5427,242006,FaZe Clan
5428,242010,Cloud9
5429,242004,Virtus.pro
5430,241936,Imperial Esports
5431,241934,FURIA Esports
5432,241928,G2 Esports
5433,241932,ECSTATIC
5434,241930,paiN Gaming
5435,241926,Heroic
5436,241922,Eternal Fire
5437,241924,The Mongolz
5438,241908,Cloud9
5439,241920,FURIA Esports
5440,241906,Heroic
5441,241914,paiN Gaming
5442,241910,Eternal Fire
5443,241916,Imperial Esports
5444,241912,ECSTATIC
5445,241918,The Mongolz
5446,241880,FURIA Esports
5447,241878,GamerLegion
5448,241754,Imperial Esports
5449,241758,FURIA Esports
5450,241750,paiN Gaming
5451,241752,Apeks
5452,241748,GamerLegion
5453,241746,The Mongolz
5454,241674,SAW
5455,241670,Eternal Fire
5456,241672,AMKAL Esports
5457,241666,Legacy
5458,241668,Lynn Vision Gaming
5459,241664,ENCE
5460,241662,Apeks
5461,241652,Lynn Vision Gaming
5462,241654,SAW
5463,241650,Legacy
5464,241646,Imperial Esports
5465,241644,AMKAL Esports
5466,241640,The Mongolz
5467,241642,Eternal Fire
5468,240554,Legacy
5469,240548,Lynn Vision Gaming
5470,240544,Imperial Esports
5471,240546,paiN Gaming
5472,240540,ECSTATIC
5473,240542,The Mongolz
5474,242636,Aurora Gaming
5475,241166,Metizport
5476,241162,Heroic
5477,241160,Metizport
5478,241158,B8 Esports
5479,241150,Apeks
5480,241152,ENCE
5481,241156,Metizport
5482,241004,ENCE
5483,240998,B8 Esports
5484,241002,Preasy Esport
5485,240594,Zero Tenacity
5486,240422,Nexus Gaming
5487,240418,Sinners Esports
5488,240416,GODSENT
5489,240426,Metizport
5490,240240,Team Spirit
5491,240238,OG
5492,240236,BIG
5493,240234,Monte
5494,240230,SAW
5495,240228,BIG
5496,240226,Elevate
5497,240224,Imperial Esports
5498,240220,OG
5499,240216,SAW
5500,240222,Metizport
5501,240218,Ninjas in Pyjamas
5502,240214,Rare Atom
5503,240488,Team Liquid
5504,240486,Legacy
5505,240484,ODDIK
5506,240438,MIBR
5507,240436,Complexity
5508,240434,ODDIK
5509,240432,Imperial Esports
5510,240430,Wildcard Gaming
5511,240428,Team Liquid
5512,240408,Legacy
5513,240410,ODDIK
5514,240404,NRG Esports
5515,240406,Wildcard Gaming
5516,240400,Team Liquid
5517,240402,Imperial Esports
5518,240396,BOSS
5519,240398,RED Canids
5520,240326,Team Liquid
5521,240328,NRG Esports
5522,240322,Legacy
5523,240324,Wildcard Gaming
5524,240318,BOSS
5525,240320,ODDIK
5526,240314,Nouns Esports
5527,240316,Elevate
5528,240176,Grayhound Gaming
5529,240174,Grayhound Gaming
5530,240164,Lynn Vision Gaming
5531,240172,JiJieHao
5532,240168,Twisted Minds
5533,240166,ATOX Esports
5534,240116,9z Team
5535,239952,9Pandas
5536,239950,Guild Eagles
5537,239816,GamerLegion
5538,239818,BetBoom Team
5539,239820,Astralis
5540,239812,GamerLegion
5541,239808,Astralis
5542,239772,Heroic
5543,239774,Preasy Esport
5544,239768,ENCE
5545,239770,GamerLegion
5546,239766,Astralis
5547,239764,ECSTATIC
5548,239748,Preasy Esport
5549,239750,MOUZ
5550,239744,Nexus Gaming
5551,239746,Cloud9
5552,239742,ENCE
5553,239740,Heroic
5554,239736,OG
5555,239738,Monte
5556,239732,Astralis
5557,239728,Apeks
5558,239730,ECSTATIC
5559,239726,Nexus Gaming
5560,239724,OG
5561,239320,Heroic
5562,239318,Nexus Gaming
5563,239314,Pera Esports
5564,239316,OG
5565,239312,ECSTATIC
5566,239310,ENCE
5567,239306,GamerLegion
5568,239308,Guild Eagles
5569,239664,SAW
5570,239662,AMKAL Esports
5571,239570,SAW
5572,239566,Team 3DMAX
5573,239564,Eternal Fire
5574,239562,Team Falcons
5575,239558,Team 3DMAX
5576,239556,Natus Vincere
5577,239554,Ninjas in Pyjamas
5578,239552,G2 Esports
5579,239546,AMKAL Esports
5580,239538,Team Falcons
5581,239534,ENTERPRISE esports
5582,239532,Fnatic
5583,239536,Eternal Fire
5584,239530,Team Falcons
5585,239524,9Pandas
5586,239522,AMKAL Esports
5587,239200,Team Falcons
5588,239196,ENTERPRISE esports
5589,239194,Ninjas in Pyjamas
5590,239192,Into The Breach
5591,239188,SAW
5592,239186,9Pandas
5593,239184,FaZe Clan
5594,239150,Team Falcons
5595,239182,FaZe Clan
5596,239154,Team Falcons
5597,239152,G2 Esports
5598,239010,MOUZ
5599,239016,G2 Esports
5600,239000,Natus Vincere
5601,238998,Team Spirit
5602,239014,Monte
5603,239012,Heroic
5604,238996,Natus Vincere
5605,238994,Team Falcons
5606,239006,G2 Esports
5607,239008,MOUZ
5608,239004,Cloud9
5609,239002,Heroic
5610,238990,Eternal Fire
5611,238988,Apeks
5612,238992,Complexity
5613,237930,Cloud9
5614,237928,GamerLegion
5615,237924,ENCE
5616,237922,Apeks
5617,237920,Team Spirit
5618,237926,Heroic
5619,237918,Eternal Fire
5620,238888,Apeks
5621,238884,Cloud9
5622,238886,ENCE
5623,238878,ENCE
5624,238880,Apeks
5625,238882,Rooster
5626,238874,Virtus.pro
5627,238872,Team Spirit
5628,238870,BIG
5629,237914,Virtus.pro
5630,237908,The Mongolz
5631,237912,M80
5632,237910,Apeks
5633,237906,BIG
5634,237904,Astralis
5635,238830,THE SUSPECT
5636,237530,Rocket
5637,237528,Zomblers
5638,237532,Wildcard Gaming
5639,237534,Badass Gaming
5640,237992,ODDIK
5641,237988,Imperial Esports
5642,237990,w7m esports
5643,237994,Flamengo Esports
5644,237978,Nexus Gaming
5645,237980,Preasy Esport
5646,237016,Rare Atom
5647,237790,Eruption
5648,237778,Grayhound Gaming
5649,237014,Rare Atom
5650,237012,TYLOO
5651,237774,Mindfreak
5652,237780,Bad News Kangaroos
5653,237972,adalYamigos
5654,237974,Galorys
5655,237936,Fnatic
5656,237934,Nexus Gaming
5657,237932,Team 3DMAX
5658,237888,Fnatic
5659,237892,SAW
5660,237898,Team Spirit
5661,237894,Pera Esports
5662,237786,The Huns Esports
5663,237880,Zero Tenacity
5664,237878,Nexus Gaming
5665,237876,Permitta Esports
5666,237886,Entropiq
5667,237882,Heroic
5668,237884,FORZE
5669,237808,2ez Gaming
5670,237772,DXA Esports
5671,237810,Drippy Lab
5672,237782,The Huns Esports
5673,237784,Fort Arena
5674,237006,SHPL
5675,237768,RKON
5676,236988,TIMACETA
5677,236984,Flamengo Esports
5678,236990,adalYamigos
5679,237722,JANO Esports
5680,237720,Nexus Gaming
5681,236980,w7m esports
5682,237744,Entropiq
5683,237746,FORZE
5684,236982,Case Esports
5685,237740,MOUZ
5686,237742,Astralis
5687,237716,Virtus.pro
5688,237730,Zero Tenacity
5689,237734,Team Spirit
5690,237738,ex-ThunderFlash
5691,237726,OG
5692,237728,Fnatic
5693,236996,Rare Atom
5694,236994,Wings Up Gaming
5695,237714,Zero Tenacity
5696,237698,Pera Esports
5697,237694,ex-ThunderFlash
5698,237692,Entropiq
5699,237696,sYnck
5700,237708,Fnatic
5701,237712,JANO Esports
5702,237448,JANO Esports
5703,237468,Heroic
5704,236770,Cloud 10
5705,236774,Los Grandes
5706,236776,vagrants
5707,236772,my life be like
5708,236766,Team Liquid
5709,236762,FLUFFY AIMERS
5710,236764,Rocket
5711,236768,NRG Esports
5712,238682,Team Liquid
5713,238680,BIG
5714,237076,BIG
5715,237052,FaZe Clan
5716,237064,G2 Esports
5717,237040,Team Vitality
5718,237074,BIG
5719,237050,FaZe Clan
5720,237062,Ninjas in Pyjamas
5721,237038,Team Falcons
5722,237072,Heroic
5723,237070,Cloud9
5724,237048,Team Spirit
5725,237046,Team Liquid
5726,237068,Heroic
5727,237066,BIG
5728,237044,Team Liquid
5729,237042,GamerLegion
5730,237036,Team Falcons
5731,237034,Astralis
5732,237060,Complexity
5733,237058,Natus Vincere
5734,237032,Team Falcons
5735,237030,OG
5736,237056,Complexity
5737,237054,Ninjas in Pyjamas
5738,236830,Team Space
5739,236826,Permitta Esports
5740,236852,sYnck
5741,236460,HAVU Gaming
5742,236466,PrizyvaNet
5743,236470,00Nation
5744,236472,Pera Esports
5745,236484,V1dar Gaming
5746,235722,Virtus.pro
5747,235718,Monte
5748,235720,The Mongolz
5749,235716,BESTIA
5750,235710,Complexity
5751,235714,M80
5752,235712,Virtus.pro
5753,235410,The Mongolz
5754,235412,GamerLegion
5755,235416,Virtus.pro
5756,235414,BESTIA
5757,235704,FaZe Clan
5758,235700,Natus Vincere
5759,235702,MOUZ
5760,235696,Natus Vincere
5761,235698,MOUZ
5762,235306,G2 Esports
5763,235304,MOUZ
5764,235298,Team Vitality
5765,235296,Natus Vincere
5766,235302,G2 Esports
5767,235300,Heroic
5768,235294,Natus Vincere
5769,235292,ENCE
5770,235484,Virtus.pro
5771,235480,Team Spirit
5772,235256,FURIA Esports
5773,235252,FURIA Esports
5774,235242,MIBR
5775,235254,Team Spirit
5776,235250,Team Spirit
5777,235248,Virtus.pro
5778,235240,BetBoom Team
5779,235238,Cloud9
5780,235290,Apeks
5781,235286,FURIA Esports
5782,235288,Apeks
5783,234912,MOUZ
5784,234902,ENCE
5785,234910,Complexity
5786,234908,FURIA Esports
5787,234906,FURIA Esports
5788,234904,Apeks
5789,234900,Fnatic
5790,234898,GamerLegion
5791,234896,Fnatic
5792,234894,HAVU Gaming
5793,235086,Team Vitality
5794,235082,Complexity
5795,235084,Cloud9
5796,235078,Natus Vincere
5797,235080,Heroic
5798,234128,Complexity
5799,234126,Astralis
5800,234124,Cloud9
5801,234122,Natus Vincere
5802,234120,Astralis
5803,234118,Heroic
5804,234116,Natus Vincere
5805,234114,Ninjas in Pyjamas
5806,234336,9INE
5807,234334,MIBR
5808,234330,9INE
5809,234332,BIG
5810,234162,BIG
5811,234160,Apeks
5812,234158,BIG
5813,234156,Eternal Fire
5814,234670,Apeks
5815,234694,New Happy
5816,234680,Apeks
5817,234678,Apeks
5818,234676,Movistar Riders
5819,234688,TYLOO
5820,234684,New Happy
5821,234686,ATOX Esports
5822,234654,M80
5823,234664,FORZE
5824,234106,FaZe Clan
5825,234104,ENCE
5826,234098,MOUZ
5827,234100,Ninjas in Pyjamas
5828,234108,Lynn Vision Gaming
5829,233814,Ninjas in Pyjamas
5830,233812,FaZe Clan
5831,233810,Ninjas in Pyjamas
5832,233808,Wings Up Gaming
5833,233806,Lynn Vision Gaming
5834,233804,Astralis
5835,233802,Lynn Vision Gaming
5836,239254,Espionage
5837,239252,Espionage
5838,239248,Espionage
5839,239250,AMKAL Esports
5840,239244,FORZE
5841,239242,AMKAL Esports
5842,239240,Espionage
5843,239238,Insilio
5844,239234,AMKAL Esports
5845,239232,RUBY
5846,239230,FORZE
5847,238112,Rooster
5848,238110,Bad News Kangaroos
5849,238106,Grayhound Gaming
5850,233864,Virtus.pro
5851,233922,Virtus.pro
5852,233948,FaZe Clan
5853,233862,Virtus.pro
5854,233858,MOUZ
5855,233856,BIG
5856,233860,Monte
5857,233660,BIG
5858,233650,MOUZ
5859,233658,BIG
5860,233656,FURIA Esports
5861,233648,MOUZ
5862,233654,BIG
5863,233646,M80
5864,233652,Nouns Esports
5865,233640,SAW
5866,233644,M80
5867,233630,Virtus.pro
5868,233638,Monte
5869,233636,SAW
5870,233628,Virtus.pro
5871,233626,Ninjas in Pyjamas
5872,233634,SAW
5873,233624,Virtus.pro
5874,233632,Wildcard Gaming
5875,233622,Fnatic
